"Step","female-silero - loss/g/dur","female-silero - loss/g/dur__MIN","female-silero - loss/g/dur__MAX"
"0","3.824756622314453","3.824756622314453","3.824756622314453"
"1","2.3317131996154785","2.3317131996154785","2.3317131996154785"
"2","2.1147570610046387","2.1147570610046387","2.1147570610046387"
"3","2.2319083213806152","2.2319083213806152","2.2319083213806152"
"4","2.10872745513916","2.10872745513916","2.10872745513916"
"5","2.1608657836914062","2.1608657836914062","2.1608657836914062"
"6","2.274224042892456","2.274224042892456","2.274224042892456"
"7","2.1633682250976562","2.1633682250976562","2.1633682250976562"
"8","2.414656162261963","2.414656162261963","2.414656162261963"
"9","2.0961577892303467","2.0961577892303467","2.0961577892303467"
"10","2.1631851196289062","2.1631851196289062","2.1631851196289062"
"11","2.249595880508423","2.249595880508423","2.249595880508423"
"12","2.1293833255767822","2.1293833255767822","2.1293833255767822"
"13","2.1591994762420654","2.1591994762420654","2.1591994762420654"
"14","2.1849782466888428","2.1849782466888428","2.1849782466888428"
"15","2.259100914001465","2.259100914001465","2.259100914001465"
"16","2.158194065093994","2.158194065093994","2.158194065093994"
"17","2.1177492141723633","2.1177492141723633","2.1177492141723633"
"18","2.097487688064575","2.097487688064575","2.097487688064575"
"19","2.106147289276123","2.106147289276123","2.106147289276123"
"20","2.1218414306640625","2.1218414306640625","2.1218414306640625"
"21","2.082617998123169","2.082617998123169","2.082617998123169"
"22","2.1731228828430176","2.1731228828430176","2.1731228828430176"
"23","2.0897202491760254","2.0897202491760254","2.0897202491760254"
"24","2.1941027641296387","2.1941027641296387","2.1941027641296387"
"25","2.253109931945801","2.253109931945801","2.253109931945801"
"26","2.169891119003296","2.169891119003296","2.169891119003296"
"27","2.220580577850342","2.220580577850342","2.220580577850342"
"28","2.181401014328003","2.181401014328003","2.181401014328003"
"29","2.142396926879883","2.142396926879883","2.142396926879883"
"30","2.152505397796631","2.152505397796631","2.152505397796631"
"31","2.0258898735046387","2.0258898735046387","2.0258898735046387"
"32","2.026900291442871","2.026900291442871","2.026900291442871"
"33","2.0803422927856445","2.0803422927856445","2.0803422927856445"
"34","2.06957745552063","2.06957745552063","2.06957745552063"
"35","2.2373082637786865","2.2373082637786865","2.2373082637786865"
"36","2.074899435043335","2.074899435043335","2.074899435043335"
"37","2.2659544944763184","2.2659544944763184","2.2659544944763184"
"38","2.188398838043213","2.188398838043213","2.188398838043213"
"39","2.0967531204223633","2.0967531204223633","2.0967531204223633"
"40","2.045280694961548","2.045280694961548","2.045280694961548"
"41","2.073580741882324","2.073580741882324","2.073580741882324"
"42","2.156055212020874","2.156055212020874","2.156055212020874"
"43","2.1762847900390625","2.1762847900390625","2.1762847900390625"
"44","2.204911708831787","2.204911708831787","2.204911708831787"
"45","2.098494052886963","2.098494052886963","2.098494052886963"
"46","2.1213057041168213","2.1213057041168213","2.1213057041168213"
"47","2.1106202602386475","2.1106202602386475","2.1106202602386475"
"48","2.2030532360076904","2.2030532360076904","2.2030532360076904"
"49","2.075882911682129","2.075882911682129","2.075882911682129"
"50","2.0201849937438965","2.0201849937438965","2.0201849937438965"
"51","2.054563522338867","2.054563522338867","2.054563522338867"
"52","2.0743346214294434","2.0743346214294434","2.0743346214294434"
"53","2.032533645629883","2.032533645629883","2.032533645629883"
"54","2.0405213832855225","2.0405213832855225","2.0405213832855225"
"55","2.1298768520355225","2.1298768520355225","2.1298768520355225"
"56","2.217299699783325","2.217299699783325","2.217299699783325"
"57","2.217337131500244","2.217337131500244","2.217337131500244"
"58","2.058501720428467","2.058501720428467","2.058501720428467"
"59","2.1051650047302246","2.1051650047302246","2.1051650047302246"
"60","2.085230588912964","2.085230588912964","2.085230588912964"
"61","2.075939178466797","2.075939178466797","2.075939178466797"
"62","2.129171848297119","2.129171848297119","2.129171848297119"
"63","2.058311939239502","2.058311939239502","2.058311939239502"
"64","2.087996244430542","2.087996244430542","2.087996244430542"
"65","2.091926097869873","2.091926097869873","2.091926097869873"
"66","2.166689872741699","2.166689872741699","2.166689872741699"
"67","2.0194077491760254","2.0194077491760254","2.0194077491760254"
"68","2.121691942214966","2.121691942214966","2.121691942214966"
"69","2.144232749938965","2.144232749938965","2.144232749938965"
"70","2.04007625579834","2.04007625579834","2.04007625579834"
"71","2.0772323608398438","2.0772323608398438","2.0772323608398438"
"72","2.0629680156707764","2.0629680156707764","2.0629680156707764"
"73","2.1097331047058105","2.1097331047058105","2.1097331047058105"
"74","2.18107271194458","2.18107271194458","2.18107271194458"
"75","2.0809454917907715","2.0809454917907715","2.0809454917907715"
"76","2.1470861434936523","2.1470861434936523","2.1470861434936523"
"77","1.9667973518371582","1.9667973518371582","1.9667973518371582"
"78","2.06217098236084","2.06217098236084","2.06217098236084"
"79","2.0271575450897217","2.0271575450897217","2.0271575450897217"
"80","2.070775032043457","2.070775032043457","2.070775032043457"
"81","2.1554834842681885","2.1554834842681885","2.1554834842681885"
"82","2.111328125","2.111328125","2.111328125"
"83","2.1071839332580566","2.1071839332580566","2.1071839332580566"
"84","2.3119912147521973","2.3119912147521973","2.3119912147521973"
"85","2.2823266983032227","2.2823266983032227","2.2823266983032227"
"86","2.1397337913513184","2.1397337913513184","2.1397337913513184"
"87","2.049715518951416","2.049715518951416","2.049715518951416"
"88","2.0376107692718506","2.0376107692718506","2.0376107692718506"
"89","1.7560617923736572","1.7560617923736572","1.7560617923736572"
"90","2.0378551483154297","2.0378551483154297","2.0378551483154297"
"91","2.142777442932129","2.142777442932129","2.142777442932129"
"92","2.138075828552246","2.138075828552246","2.138075828552246"
"93","2.1809394359588623","2.1809394359588623","2.1809394359588623"
"94","1.9852328300476074","1.9852328300476074","1.9852328300476074"
"95","2.0782456398010254","2.0782456398010254","2.0782456398010254"
"96","2.0286037921905518","2.0286037921905518","2.0286037921905518"
"97","2.049463987350464","2.049463987350464","2.049463987350464"
"98","2.264462471008301","2.264462471008301","2.264462471008301"
"99","2.0299830436706543","2.0299830436706543","2.0299830436706543"
"100","1.9751594066619873","1.9751594066619873","1.9751594066619873"
"101","1.9562087059020996","1.9562087059020996","1.9562087059020996"
"102","2.0294711589813232","2.0294711589813232","2.0294711589813232"
"103","1.9912463426589966","1.9912463426589966","1.9912463426589966"
"104","2.0241332054138184","2.0241332054138184","2.0241332054138184"
"105","2.050769329071045","2.050769329071045","2.050769329071045"
"106","1.9799374341964722","1.9799374341964722","1.9799374341964722"
"107","2.058793783187866","2.058793783187866","2.058793783187866"
"108","2.013101100921631","2.013101100921631","2.013101100921631"
"109","2.102313995361328","2.102313995361328","2.102313995361328"
"110","2.052663803100586","2.052663803100586","2.052663803100586"
"111","2.1943979263305664","2.1943979263305664","2.1943979263305664"
"112","2.164670467376709","2.164670467376709","2.164670467376709"
"113","2.1653661727905273","2.1653661727905273","2.1653661727905273"
"114","2.090137481689453","2.090137481689453","2.090137481689453"
"115","2.1056394577026367","2.1056394577026367","2.1056394577026367"
"116","2.1292381286621094","2.1292381286621094","2.1292381286621094"
"117","2.129417896270752","2.129417896270752","2.129417896270752"
"118","2.0622811317443848","2.0622811317443848","2.0622811317443848"
"119","2.1009578704833984","2.1009578704833984","2.1009578704833984"
"120","2.1199193000793457","2.1199193000793457","2.1199193000793457"
"121","2.2420923709869385","2.2420923709869385","2.2420923709869385"
"122","2.037266254425049","2.037266254425049","2.037266254425049"
"123","2.166822910308838","2.166822910308838","2.166822910308838"
"124","2.020944833755493","2.020944833755493","2.020944833755493"
"125","2.0643017292022705","2.0643017292022705","2.0643017292022705"
"126","2.1566126346588135","2.1566126346588135","2.1566126346588135"
"127","2.0666730403900146","2.0666730403900146","2.0666730403900146"
"128","2.0282375812530518","2.0282375812530518","2.0282375812530518"
"129","2.1377079486846924","2.1377079486846924","2.1377079486846924"
"130","2.031870126724243","2.031870126724243","2.031870126724243"
"131","2.0240230560302734","2.0240230560302734","2.0240230560302734"
"132","2.2561988830566406","2.2561988830566406","2.2561988830566406"
"133","2.173220634460449","2.173220634460449","2.173220634460449"
"134","2.2099318504333496","2.2099318504333496","2.2099318504333496"
"135","2.1222407817840576","2.1222407817840576","2.1222407817840576"
"136","2.138848066329956","2.138848066329956","2.138848066329956"
"137","2.0479111671447754","2.0479111671447754","2.0479111671447754"
"138","2.0035476684570312","2.0035476684570312","2.0035476684570312"
"139","2.0683445930480957","2.0683445930480957","2.0683445930480957"
"140","2.1244120597839355","2.1244120597839355","2.1244120597839355"
"141","2.0725467205047607","2.0725467205047607","2.0725467205047607"
"142","2.047194480895996","2.047194480895996","2.047194480895996"
"143","1.9221889972686768","1.9221889972686768","1.9221889972686768"
"144","1.9467707872390747","1.9467707872390747","1.9467707872390747"
"145","2.163194179534912","2.163194179534912","2.163194179534912"
"146","2.04689359664917","2.04689359664917","2.04689359664917"
"147","2.1579713821411133","2.1579713821411133","2.1579713821411133"
"148","2.103745460510254","2.103745460510254","2.103745460510254"
"149","1.9321154356002808","1.9321154356002808","1.9321154356002808"
"150","2.06838321685791","2.06838321685791","2.06838321685791"
"151","2.078423261642456","2.078423261642456","2.078423261642456"
"152","2.1654486656188965","2.1654486656188965","2.1654486656188965"
"153","2.1855411529541016","2.1855411529541016","2.1855411529541016"
"154","2.005980968475342","2.005980968475342","2.005980968475342"
"155","2.118393659591675","2.118393659591675","2.118393659591675"
"156","2.083935499191284","2.083935499191284","2.083935499191284"
"157","2.0004703998565674","2.0004703998565674","2.0004703998565674"
"158","2.1114795207977295","2.1114795207977295","2.1114795207977295"
"159","2.1149370670318604","2.1149370670318604","2.1149370670318604"
"160","2.2421109676361084","2.2421109676361084","2.2421109676361084"
"161","2.044926404953003","2.044926404953003","2.044926404953003"
"162","2.072256565093994","2.072256565093994","2.072256565093994"
"163","2.0604124069213867","2.0604124069213867","2.0604124069213867"
"164","2.021782875061035","2.021782875061035","2.021782875061035"
"165","2.12172532081604","2.12172532081604","2.12172532081604"
"166","1.9819704294204712","1.9819704294204712","1.9819704294204712"
"167","2.0246901512145996","2.0246901512145996","2.0246901512145996"
"168","2.032590866088867","2.032590866088867","2.032590866088867"
"169","2.063621997833252","2.063621997833252","2.063621997833252"
"170","1.9921427965164185","1.9921427965164185","1.9921427965164185"
"171","2.140984058380127","2.140984058380127","2.140984058380127"
"172","1.8379994630813599","1.8379994630813599","1.8379994630813599"
"173","2.0188212394714355","2.0188212394714355","2.0188212394714355"
"174","2.0722994804382324","2.0722994804382324","2.0722994804382324"
"175","2.0684797763824463","2.0684797763824463","2.0684797763824463"
"176","2.0703768730163574","2.0703768730163574","2.0703768730163574"
"177","2.0717930793762207","2.0717930793762207","2.0717930793762207"
"178","2.0983052253723145","2.0983052253723145","2.0983052253723145"
"179","2.0477118492126465","2.0477118492126465","2.0477118492126465"
"180","1.9507427215576172","1.9507427215576172","1.9507427215576172"
"181","2.1661794185638428","2.1661794185638428","2.1661794185638428"
"182","1.9788610935211182","1.9788610935211182","1.9788610935211182"
"183","1.9940235614776611","1.9940235614776611","1.9940235614776611"
"184","2.09371280670166","2.09371280670166","2.09371280670166"
"185","2.1232118606567383","2.1232118606567383","2.1232118606567383"
"186","2.106501579284668","2.106501579284668","2.106501579284668"
"187","2.1667137145996094","2.1667137145996094","2.1667137145996094"
"188","2.0634331703186035","2.0634331703186035","2.0634331703186035"
"189","2.0223870277404785","2.0223870277404785","2.0223870277404785"
"190","2.023221015930176","2.023221015930176","2.023221015930176"
"191","1.9973053932189941","1.9973053932189941","1.9973053932189941"
"192","2.060981512069702","2.060981512069702","2.060981512069702"
"193","2.046865463256836","2.046865463256836","2.046865463256836"
"194","2.004164695739746","2.004164695739746","2.004164695739746"
"195","2.026846170425415","2.026846170425415","2.026846170425415"
"196","2.1708250045776367","2.1708250045776367","2.1708250045776367"
"197","2.113605260848999","2.113605260848999","2.113605260848999"
"198","2.1281917095184326","2.1281917095184326","2.1281917095184326"
"199","2.1574461460113525","2.1574461460113525","2.1574461460113525"
"200","2.021120548248291","2.021120548248291","2.021120548248291"
"201","2.160811424255371","2.160811424255371","2.160811424255371"
"202","1.9722261428833008","1.9722261428833008","1.9722261428833008"
"203","2.0698013305664062","2.0698013305664062","2.0698013305664062"
"204","2.097759962081909","2.097759962081909","2.097759962081909"
"205","2.1035685539245605","2.1035685539245605","2.1035685539245605"
"206","2.158346176147461","2.158346176147461","2.158346176147461"
"207","2.098860740661621","2.098860740661621","2.098860740661621"
"208","2.0257036685943604","2.0257036685943604","2.0257036685943604"
"209","1.9528224468231201","1.9528224468231201","1.9528224468231201"
"210","1.950543761253357","1.950543761253357","1.950543761253357"
"211","2.1239237785339355","2.1239237785339355","2.1239237785339355"
"212","2.080566167831421","2.080566167831421","2.080566167831421"
"213","2.2247958183288574","2.2247958183288574","2.2247958183288574"
"214","2.0514285564422607","2.0514285564422607","2.0514285564422607"
"215","1.9984521865844727","1.9984521865844727","1.9984521865844727"
"216","2.0608749389648438","2.0608749389648438","2.0608749389648438"
"217","1.9728174209594727","1.9728174209594727","1.9728174209594727"
"218","2.0137529373168945","2.0137529373168945","2.0137529373168945"
"219","1.9434633255004883","1.9434633255004883","1.9434633255004883"
"220","2.108177661895752","2.108177661895752","2.108177661895752"
"221","2.0112669467926025","2.0112669467926025","2.0112669467926025"
"222","2.017629623413086","2.017629623413086","2.017629623413086"
"223","2.1476757526397705","2.1476757526397705","2.1476757526397705"
"224","2.074171304702759","2.074171304702759","2.074171304702759"
"225","2.0102100372314453","2.0102100372314453","2.0102100372314453"
"226","1.993324875831604","1.993324875831604","1.993324875831604"
"227","2.006890296936035","2.006890296936035","2.006890296936035"
"228","2.1903629302978516","2.1903629302978516","2.1903629302978516"
"229","2.1194818019866943","2.1194818019866943","2.1194818019866943"
"230","1.9691927433013916","1.9691927433013916","1.9691927433013916"
"231","1.9618427753448486","1.9618427753448486","1.9618427753448486"
"232","2.0972838401794434","2.0972838401794434","2.0972838401794434"
"233","2.010284423828125","2.010284423828125","2.010284423828125"
"234","2.0485196113586426","2.0485196113586426","2.0485196113586426"
"235","2.061999797821045","2.061999797821045","2.061999797821045"
"236","2.0380349159240723","2.0380349159240723","2.0380349159240723"
"237","2.126638174057007","2.126638174057007","2.126638174057007"
"238","2.000501871109009","2.000501871109009","2.000501871109009"
"239","2.1263060569763184","2.1263060569763184","2.1263060569763184"
"240","2.081833600997925","2.081833600997925","2.081833600997925"
"241","2.1320767402648926","2.1320767402648926","2.1320767402648926"
"242","2.000828742980957","2.000828742980957","2.000828742980957"
"243","1.9603426456451416","1.9603426456451416","1.9603426456451416"
"244","2.186499834060669","2.186499834060669","2.186499834060669"
"245","2.0611634254455566","2.0611634254455566","2.0611634254455566"
"246","2.068873882293701","2.068873882293701","2.068873882293701"
"247","2.1331965923309326","2.1331965923309326","2.1331965923309326"
"248","2.076326608657837","2.076326608657837","2.076326608657837"
"249","2.1782617568969727","2.1782617568969727","2.1782617568969727"
"250","2.0195300579071045","2.0195300579071045","2.0195300579071045"
"251","2.0733652114868164","2.0733652114868164","2.0733652114868164"
"252","2.039124011993408","2.039124011993408","2.039124011993408"
"253","2.1640329360961914","2.1640329360961914","2.1640329360961914"
"254","2.1137542724609375","2.1137542724609375","2.1137542724609375"
"255","2.1069626808166504","2.1069626808166504","2.1069626808166504"
"256","2.0223512649536133","2.0223512649536133","2.0223512649536133"
"257","2.15152645111084","2.15152645111084","2.15152645111084"
"258","2.0094857215881348","2.0094857215881348","2.0094857215881348"
"259","2.075955629348755","2.075955629348755","2.075955629348755"
"260","2.004868984222412","2.004868984222412","2.004868984222412"
"261","1.9848713874816895","1.9848713874816895","1.9848713874816895"
"262","2.077481269836426","2.077481269836426","2.077481269836426"
"263","2.0886306762695312","2.0886306762695312","2.0886306762695312"
"264","2.0370969772338867","2.0370969772338867","2.0370969772338867"
"265","1.9364502429962158","1.9364502429962158","1.9364502429962158"
"266","2.1732633113861084","2.1732633113861084","2.1732633113861084"
"267","2.032660722732544","2.032660722732544","2.032660722732544"
"268","2.0554988384246826","2.0554988384246826","2.0554988384246826"
"269","2.1632866859436035","2.1632866859436035","2.1632866859436035"
"270","2.056756019592285","2.056756019592285","2.056756019592285"
"271","2.1215410232543945","2.1215410232543945","2.1215410232543945"
"272","2.0634806156158447","2.0634806156158447","2.0634806156158447"
"273","2.032343626022339","2.032343626022339","2.032343626022339"
"274","2.063063621520996","2.063063621520996","2.063063621520996"
"275","2.1864984035491943","2.1864984035491943","2.1864984035491943"
"276","1.9690442085266113","1.9690442085266113","1.9690442085266113"
"277","2.0785398483276367","2.0785398483276367","2.0785398483276367"
"278","2.064121723175049","2.064121723175049","2.064121723175049"
"279","2.072861433029175","2.072861433029175","2.072861433029175"
"280","2.1735448837280273","2.1735448837280273","2.1735448837280273"
"281","2.089110851287842","2.089110851287842","2.089110851287842"
"282","2.0384724140167236","2.0384724140167236","2.0384724140167236"
"283","1.8003172874450684","1.8003172874450684","1.8003172874450684"
"284","2.0985865592956543","2.0985865592956543","2.0985865592956543"
"285","2.048591136932373","2.048591136932373","2.048591136932373"
"286","1.927212119102478","1.927212119102478","1.927212119102478"
"287","2.1155970096588135","2.1155970096588135","2.1155970096588135"
"288","1.9674385786056519","1.9674385786056519","1.9674385786056519"
"289","2.01010799407959","2.01010799407959","2.01010799407959"
"290","2.029057264328003","2.029057264328003","2.029057264328003"
"291","1.9366815090179443","1.9366815090179443","1.9366815090179443"
"292","2.032897472381592","2.032897472381592","2.032897472381592"
"293","1.9799631834030151","1.9799631834030151","1.9799631834030151"
"294","2.0262346267700195","2.0262346267700195","2.0262346267700195"
"295","2.044994831085205","2.044994831085205","2.044994831085205"
"296","1.9943437576293945","1.9943437576293945","1.9943437576293945"
"297","2.0427045822143555","2.0427045822143555","2.0427045822143555"
"298","2.0294151306152344","2.0294151306152344","2.0294151306152344"
"299","2.1039857864379883","2.1039857864379883","2.1039857864379883"
"300","1.9351286888122559","1.9351286888122559","1.9351286888122559"
"301","2.004901647567749","2.004901647567749","2.004901647567749"
"302","1.9979840517044067","1.9979840517044067","1.9979840517044067"
"303","2.017040252685547","2.017040252685547","2.017040252685547"
"304","1.9687855243682861","1.9687855243682861","1.9687855243682861"
"305","2.0400636196136475","2.0400636196136475","2.0400636196136475"
"306","2.2867698669433594","2.2867698669433594","2.2867698669433594"
"307","1.8642807006835938","1.8642807006835938","1.8642807006835938"
"308","2.039086103439331","2.039086103439331","2.039086103439331"
"309","2.0676326751708984","2.0676326751708984","2.0676326751708984"
"310","2.021010398864746","2.021010398864746","2.021010398864746"
"311","2.0389244556427","2.0389244556427","2.0389244556427"
"312","1.9865511655807495","1.9865511655807495","1.9865511655807495"
"313","1.9844344854354858","1.9844344854354858","1.9844344854354858"
"314","2.0665743350982666","2.0665743350982666","2.0665743350982666"
"315","1.9994536638259888","1.9994536638259888","1.9994536638259888"
"316","2.127714157104492","2.127714157104492","2.127714157104492"
"317","2.0120511054992676","2.0120511054992676","2.0120511054992676"
"318","1.9467220306396484","1.9467220306396484","1.9467220306396484"
"319","2.0723843574523926","2.0723843574523926","2.0723843574523926"
"320","1.949702262878418","1.949702262878418","1.949702262878418"
"321","2.1527953147888184","2.1527953147888184","2.1527953147888184"
"322","1.9229590892791748","1.9229590892791748","1.9229590892791748"
"323","2.1154415607452393","2.1154415607452393","2.1154415607452393"
"324","2.0637593269348145","2.0637593269348145","2.0637593269348145"
"325","2.0344605445861816","2.0344605445861816","2.0344605445861816"
"326","2.1433534622192383","2.1433534622192383","2.1433534622192383"
"327","2.0777933597564697","2.0777933597564697","2.0777933597564697"
"328","2.0778865814208984","2.0778865814208984","2.0778865814208984"
"329","1.9623594284057617","1.9623594284057617","1.9623594284057617"
"330","2.082880973815918","2.082880973815918","2.082880973815918"
"331","2.055147171020508","2.055147171020508","2.055147171020508"
"332","1.9536736011505127","1.9536736011505127","1.9536736011505127"
"333","2.0068202018737793","2.0068202018737793","2.0068202018737793"
"334","2.0828731060028076","2.0828731060028076","2.0828731060028076"
"335","2.0743985176086426","2.0743985176086426","2.0743985176086426"
"336","2.0042104721069336","2.0042104721069336","2.0042104721069336"
"337","2.0661673545837402","2.0661673545837402","2.0661673545837402"
"338","1.980698585510254","1.980698585510254","1.980698585510254"
"339","1.9484436511993408","1.9484436511993408","1.9484436511993408"
"340","2.1073055267333984","2.1073055267333984","2.1073055267333984"
"341","2.065462350845337","2.065462350845337","2.065462350845337"
"342","1.9987776279449463","1.9987776279449463","1.9987776279449463"
"343","1.9730513095855713","1.9730513095855713","1.9730513095855713"
"344","2.007153272628784","2.007153272628784","2.007153272628784"
"345","2.109179973602295","2.109179973602295","2.109179973602295"
"346","2.018725872039795","2.018725872039795","2.018725872039795"
"347","1.983197569847107","1.983197569847107","1.983197569847107"
"348","2.0585250854492188","2.0585250854492188","2.0585250854492188"
"349","2.076986312866211","2.076986312866211","2.076986312866211"
"350","2.0135865211486816","2.0135865211486816","2.0135865211486816"
"351","2.030557632446289","2.030557632446289","2.030557632446289"
"352","2.051669120788574","2.051669120788574","2.051669120788574"
"353","2.051358699798584","2.051358699798584","2.051358699798584"
"354","2.092830181121826","2.092830181121826","2.092830181121826"
"355","1.9877198934555054","1.9877198934555054","1.9877198934555054"
"356","2.0895345211029053","2.0895345211029053","2.0895345211029053"
"357","1.971915364265442","1.971915364265442","1.971915364265442"
"358","1.965267300605774","1.965267300605774","1.965267300605774"
"359","2.1520848274230957","2.1520848274230957","2.1520848274230957"
"360","2.0296506881713867","2.0296506881713867","2.0296506881713867"
"361","2.232372760772705","2.232372760772705","2.232372760772705"
"362","1.900443196296692","1.900443196296692","1.900443196296692"
"363","2.0325231552124023","2.0325231552124023","2.0325231552124023"
"364","2.0751914978027344","2.0751914978027344","2.0751914978027344"
"365","1.9607722759246826","1.9607722759246826","1.9607722759246826"
"366","2.017301321029663","2.017301321029663","2.017301321029663"
"367","1.9602611064910889","1.9602611064910889","1.9602611064910889"
"368","2.062725067138672","2.062725067138672","2.062725067138672"
"369","1.9961503744125366","1.9961503744125366","1.9961503744125366"
"370","1.9995090961456299","1.9995090961456299","1.9995090961456299"
"371","1.9704221487045288","1.9704221487045288","1.9704221487045288"
"372","2.0260236263275146","2.0260236263275146","2.0260236263275146"
"373","2.0369350910186768","2.0369350910186768","2.0369350910186768"
"374","2.02844500541687","2.02844500541687","2.02844500541687"
"375","2.148411273956299","2.148411273956299","2.148411273956299"
"376","1.9171048402786255","1.9171048402786255","1.9171048402786255"
"377","1.9015328884124756","1.9015328884124756","1.9015328884124756"
"378","2.079835891723633","2.079835891723633","2.079835891723633"
"379","2.030977964401245","2.030977964401245","2.030977964401245"
"380","2.2994437217712402","2.2994437217712402","2.2994437217712402"
"381","1.9962992668151855","1.9962992668151855","1.9962992668151855"
"382","2.001105546951294","2.001105546951294","2.001105546951294"
"383","2.0532631874084473","2.0532631874084473","2.0532631874084473"
"384","1.9107565879821777","1.9107565879821777","1.9107565879821777"
"385","1.878920555114746","1.878920555114746","1.878920555114746"
"386","2.022308349609375","2.022308349609375","2.022308349609375"
"387","1.9244804382324219","1.9244804382324219","1.9244804382324219"
"388","2.1766133308410645","2.1766133308410645","2.1766133308410645"
"389","2.015623092651367","2.015623092651367","2.015623092651367"
"390","2.1365878582000732","2.1365878582000732","2.1365878582000732"
"391","2.0134735107421875","2.0134735107421875","2.0134735107421875"
"392","2.0345582962036133","2.0345582962036133","2.0345582962036133"
"393","2.0027832984924316","2.0027832984924316","2.0027832984924316"
"394","1.99515700340271","1.99515700340271","1.99515700340271"
"395","1.9997074604034424","1.9997074604034424","1.9997074604034424"
"396","2.092409133911133","2.092409133911133","2.092409133911133"
"397","2.0794320106506348","2.0794320106506348","2.0794320106506348"
"398","2.076876640319824","2.076876640319824","2.076876640319824"
"399","2.0182998180389404","2.0182998180389404","2.0182998180389404"
"400","2.0015053749084473","2.0015053749084473","2.0015053749084473"
"401","2.115755558013916","2.115755558013916","2.115755558013916"
"402","2.09009051322937","2.09009051322937","2.09009051322937"
"403","2.0155272483825684","2.0155272483825684","2.0155272483825684"
"404","1.9371331930160522","1.9371331930160522","1.9371331930160522"
"405","1.9997198581695557","1.9997198581695557","1.9997198581695557"
"406","1.9157073497772217","1.9157073497772217","1.9157073497772217"
"407","1.9941074848175049","1.9941074848175049","1.9941074848175049"
"408","1.9800528287887573","1.9800528287887573","1.9800528287887573"
"409","2.0843043327331543","2.0843043327331543","2.0843043327331543"
"410","2.086207151412964","2.086207151412964","2.086207151412964"
"411","1.9816282987594604","1.9816282987594604","1.9816282987594604"
"412","1.9996328353881836","1.9996328353881836","1.9996328353881836"
"413","1.9571905136108398","1.9571905136108398","1.9571905136108398"
"414","1.9791076183319092","1.9791076183319092","1.9791076183319092"
"415","2.0684032440185547","2.0684032440185547","2.0684032440185547"
"416","1.9616260528564453","1.9616260528564453","1.9616260528564453"
"417","2.069735050201416","2.069735050201416","2.069735050201416"
"418","2.0408031940460205","2.0408031940460205","2.0408031940460205"
"419","2.0042569637298584","2.0042569637298584","2.0042569637298584"
"420","1.9559859037399292","1.9559859037399292","1.9559859037399292"
"421","2.051949977874756","2.051949977874756","2.051949977874756"
"422","2.043250560760498","2.043250560760498","2.043250560760498"
"423","1.956384301185608","1.956384301185608","1.956384301185608"
"424","1.9771018028259277","1.9771018028259277","1.9771018028259277"
"425","2.015225410461426","2.015225410461426","2.015225410461426"
"426","2.0106701850891113","2.0106701850891113","2.0106701850891113"
"427","2.1225697994232178","2.1225697994232178","2.1225697994232178"
"428","2.007272720336914","2.007272720336914","2.007272720336914"
"429","2.063201427459717","2.063201427459717","2.063201427459717"
"430","1.9400537014007568","1.9400537014007568","1.9400537014007568"
"431","2.0750184059143066","2.0750184059143066","2.0750184059143066"
"432","1.9325851202011108","1.9325851202011108","1.9325851202011108"
"433","2.0006864070892334","2.0006864070892334","2.0006864070892334"
"434","2.0439414978027344","2.0439414978027344","2.0439414978027344"
"435","2.0699691772460938","2.0699691772460938","2.0699691772460938"
"436","2.034811019897461","2.034811019897461","2.034811019897461"
"437","2.201317310333252","2.201317310333252","2.201317310333252"
"438","2.175983428955078","2.175983428955078","2.175983428955078"
"439","1.9893925189971924","1.9893925189971924","1.9893925189971924"
"440","2.0201289653778076","2.0201289653778076","2.0201289653778076"
"441","2.023707389831543","2.023707389831543","2.023707389831543"
"442","1.5635693073272705","1.5635693073272705","1.5635693073272705"
"443","2.0229685306549072","2.0229685306549072","2.0229685306549072"
"444","2.0376880168914795","2.0376880168914795","2.0376880168914795"
"445","2.136268377304077","2.136268377304077","2.136268377304077"
"446","2.1188454627990723","2.1188454627990723","2.1188454627990723"
"447","1.9723947048187256","1.9723947048187256","1.9723947048187256"
"448","2.0240485668182373","2.0240485668182373","2.0240485668182373"
"449","1.9569897651672363","1.9569897651672363","1.9569897651672363"
"450","1.9620916843414307","1.9620916843414307","1.9620916843414307"
"451","2.17618465423584","2.17618465423584","2.17618465423584"
"452","1.9690619707107544","1.9690619707107544","1.9690619707107544"
"453","1.9237942695617676","1.9237942695617676","1.9237942695617676"
"454","1.9248862266540527","1.9248862266540527","1.9248862266540527"
"455","1.9964017868041992","1.9964017868041992","1.9964017868041992"
"456","1.9542288780212402","1.9542288780212402","1.9542288780212402"
"457","1.99226975440979","1.99226975440979","1.99226975440979"
"458","1.9430570602416992","1.9430570602416992","1.9430570602416992"
"459","1.9466640949249268","1.9466640949249268","1.9466640949249268"
"460","1.9643229246139526","1.9643229246139526","1.9643229246139526"
"461","1.9663715362548828","1.9663715362548828","1.9663715362548828"
"462","2.0487871170043945","2.0487871170043945","2.0487871170043945"
"463","2.0348074436187744","2.0348074436187744","2.0348074436187744"
"464","2.138429880142212","2.138429880142212","2.138429880142212"
"465","2.0387964248657227","2.0387964248657227","2.0387964248657227"
"466","2.035590887069702","2.035590887069702","2.035590887069702"
"467","2.015423536300659","2.015423536300659","2.015423536300659"
"468","1.9795663356781006","1.9795663356781006","1.9795663356781006"
"469","2.0004661083221436","2.0004661083221436","2.0004661083221436"
"470","2.059906244277954","2.059906244277954","2.059906244277954"
"471","2.0418457984924316","2.0418457984924316","2.0418457984924316"
"472","2.025977611541748","2.025977611541748","2.025977611541748"
"473","2.011974334716797","2.011974334716797","2.011974334716797"
"474","2.1680359840393066","2.1680359840393066","2.1680359840393066"
"475","1.9087587594985962","1.9087587594985962","1.9087587594985962"
"476","2.049210548400879","2.049210548400879","2.049210548400879"
"477","1.9871737957000732","1.9871737957000732","1.9871737957000732"
"478","1.9662306308746338","1.9662306308746338","1.9662306308746338"
"479","2.052201271057129","2.052201271057129","2.052201271057129"
"480","2.0120856761932373","2.0120856761932373","2.0120856761932373"
"481","1.9832571744918823","1.9832571744918823","1.9832571744918823"
"482","2.0773282051086426","2.0773282051086426","2.0773282051086426"
"483","1.9522117376327515","1.9522117376327515","1.9522117376327515"
"484","2.0054564476013184","2.0054564476013184","2.0054564476013184"
"485","2.066525459289551","2.066525459289551","2.066525459289551"
"486","2.114600419998169","2.114600419998169","2.114600419998169"
"487","2.1577396392822266","2.1577396392822266","2.1577396392822266"
"488","2.0819787979125977","2.0819787979125977","2.0819787979125977"
"489","2.0655195713043213","2.0655195713043213","2.0655195713043213"
"490","2.02789306640625","2.02789306640625","2.02789306640625"
"491","1.9622365236282349","1.9622365236282349","1.9622365236282349"
"492","1.9742337465286255","1.9742337465286255","1.9742337465286255"
"493","2.0061984062194824","2.0061984062194824","2.0061984062194824"
"494","1.9748520851135254","1.9748520851135254","1.9748520851135254"
"495","2.0501654148101807","2.0501654148101807","2.0501654148101807"
"496","1.8956730365753174","1.8956730365753174","1.8956730365753174"
"497","1.9469884634017944","1.9469884634017944","1.9469884634017944"
"498","2.1254894733428955","2.1254894733428955","2.1254894733428955"
"499","2.00508451461792","2.00508451461792","2.00508451461792"
"500","2.075963258743286","2.075963258743286","2.075963258743286"
"501","2.0085625648498535","2.0085625648498535","2.0085625648498535"
"502","1.8931946754455566","1.8931946754455566","1.8931946754455566"
"503","2.0768635272979736","2.0768635272979736","2.0768635272979736"
"504","2.003788948059082","2.003788948059082","2.003788948059082"
"505","2.029038190841675","2.029038190841675","2.029038190841675"
"506","2.126189708709717","2.126189708709717","2.126189708709717"
"507","1.9895050525665283","1.9895050525665283","1.9895050525665283"
"508","2.116553783416748","2.116553783416748","2.116553783416748"
"509","1.973268747329712","1.973268747329712","1.973268747329712"
"510","2.0118956565856934","2.0118956565856934","2.0118956565856934"
"511","2.070937395095825","2.070937395095825","2.070937395095825"
"512","2.100100040435791","2.100100040435791","2.100100040435791"
"513","2.050629138946533","2.050629138946533","2.050629138946533"
"514","1.927812099456787","1.927812099456787","1.927812099456787"
"515","2.0327370166778564","2.0327370166778564","2.0327370166778564"
"516","2.090332269668579","2.090332269668579","2.090332269668579"
"517","2.0221304893493652","2.0221304893493652","2.0221304893493652"
"518","2.0281524658203125","2.0281524658203125","2.0281524658203125"
"519","1.9830576181411743","1.9830576181411743","1.9830576181411743"
"520","1.9595770835876465","1.9595770835876465","1.9595770835876465"
"521","2.032118320465088","2.032118320465088","2.032118320465088"
"522","2.00761079788208","2.00761079788208","2.00761079788208"
"523","1.9233431816101074","1.9233431816101074","1.9233431816101074"
"524","2.099550485610962","2.099550485610962","2.099550485610962"
"525","1.7280199527740479","1.7280199527740479","1.7280199527740479"
"526","1.9830238819122314","1.9830238819122314","1.9830238819122314"
"527","2.0684871673583984","2.0684871673583984","2.0684871673583984"
"528","2.050532341003418","2.050532341003418","2.050532341003418"
"529","2.050814628601074","2.050814628601074","2.050814628601074"
"530","2.0491783618927","2.0491783618927","2.0491783618927"
"531","2.0755152702331543","2.0755152702331543","2.0755152702331543"
"532","1.9671962261199951","1.9671962261199951","1.9671962261199951"
"533","1.9120351076126099","1.9120351076126099","1.9120351076126099"
"534","2.1357903480529785","2.1357903480529785","2.1357903480529785"
"535","1.9395568370819092","1.9395568370819092","1.9395568370819092"
"536","2.0139377117156982","2.0139377117156982","2.0139377117156982"
"537","2.052295684814453","2.052295684814453","2.052295684814453"
"538","2.081890344619751","2.081890344619751","2.081890344619751"
"539","2.026172637939453","2.026172637939453","2.026172637939453"
"540","2.1266591548919678","2.1266591548919678","2.1266591548919678"
"541","2.039313793182373","2.039313793182373","2.039313793182373"
"542","2.0249698162078857","2.0249698162078857","2.0249698162078857"
"543","2.0171141624450684","2.0171141624450684","2.0171141624450684"
"544","1.9461541175842285","1.9461541175842285","1.9461541175842285"
"545","2.0322425365448","2.0322425365448","2.0322425365448"
"546","2.0267295837402344","2.0267295837402344","2.0267295837402344"
"547","1.938197135925293","1.938197135925293","1.938197135925293"
"548","1.933159589767456","1.933159589767456","1.933159589767456"
"549","2.1662871837615967","2.1662871837615967","2.1662871837615967"
"550","2.003880023956299","2.003880023956299","2.003880023956299"
"551","2.0730795860290527","2.0730795860290527","2.0730795860290527"
"552","2.087756395339966","2.087756395339966","2.087756395339966"
"553","1.9807674884796143","1.9807674884796143","1.9807674884796143"
"554","2.028073310852051","2.028073310852051","2.028073310852051"
"555","1.9108891487121582","1.9108891487121582","1.9108891487121582"
"556","1.9913359880447388","1.9913359880447388","1.9913359880447388"
"557","2.017759323120117","2.017759323120117","2.017759323120117"
"558","2.0839028358459473","2.0839028358459473","2.0839028358459473"
"559","2.105633497238159","2.105633497238159","2.105633497238159"
"560","2.038970708847046","2.038970708847046","2.038970708847046"
"561","1.9824299812316895","1.9824299812316895","1.9824299812316895"
"562","1.9226405620574951","1.9226405620574951","1.9226405620574951"
"563","1.9313081502914429","1.9313081502914429","1.9313081502914429"
"564","2.0596461296081543","2.0596461296081543","2.0596461296081543"
"565","2.063267707824707","2.063267707824707","2.063267707824707"
"566","2.1310861110687256","2.1310861110687256","2.1310861110687256"
"567","2.007242202758789","2.007242202758789","2.007242202758789"
"568","2.0367565155029297","2.0367565155029297","2.0367565155029297"
"569","1.9774043560028076","1.9774043560028076","1.9774043560028076"
"570","1.8665324449539185","1.8665324449539185","1.8665324449539185"
"571","1.893479347229004","1.893479347229004","1.893479347229004"
"572","1.8619087934494019","1.8619087934494019","1.8619087934494019"
"573","2.1516919136047363","2.1516919136047363","2.1516919136047363"
"574","2.005222797393799","2.005222797393799","2.005222797393799"
"575","1.9026538133621216","1.9026538133621216","1.9026538133621216"
"576","2.0798749923706055","2.0798749923706055","2.0798749923706055"
"577","2.0890626907348633","2.0890626907348633","2.0890626907348633"
"578","1.9241611957550049","1.9241611957550049","1.9241611957550049"
"579","1.911705493927002","1.911705493927002","1.911705493927002"
"580","1.9283175468444824","1.9283175468444824","1.9283175468444824"
"581","2.12800931930542","2.12800931930542","2.12800931930542"
"582","2.0697579383850098","2.0697579383850098","2.0697579383850098"
"583","1.9259426593780518","1.9259426593780518","1.9259426593780518"
"584","1.9892165660858154","1.9892165660858154","1.9892165660858154"
"585","2.0264694690704346","2.0264694690704346","2.0264694690704346"
"586","1.993981957435608","1.993981957435608","1.993981957435608"
"587","2.0354790687561035","2.0354790687561035","2.0354790687561035"
"588","2.012242078781128","2.012242078781128","2.012242078781128"
"589","1.8597087860107422","1.8597087860107422","1.8597087860107422"
"590","2.0757672786712646","2.0757672786712646","2.0757672786712646"
"591","2.011789560317993","2.011789560317993","2.011789560317993"
"592","2.074934482574463","2.074934482574463","2.074934482574463"
"593","2.059561252593994","2.059561252593994","2.059561252593994"
"594","2.0920779705047607","2.0920779705047607","2.0920779705047607"
"595","1.985181450843811","1.985181450843811","1.985181450843811"
"596","1.9857935905456543","1.9857935905456543","1.9857935905456543"
"597","2.087918281555176","2.087918281555176","2.087918281555176"
"598","1.9916973114013672","1.9916973114013672","1.9916973114013672"
"599","2.002403974533081","2.002403974533081","2.002403974533081"
"600","2.1028661727905273","2.1028661727905273","2.1028661727905273"
"601","2.0709543228149414","2.0709543228149414","2.0709543228149414"
"602","2.225155830383301","2.225155830383301","2.225155830383301"
"603","1.9862185716629028","1.9862185716629028","1.9862185716629028"
"604","1.997573733329773","1.997573733329773","1.997573733329773"
"605","1.9227418899536133","1.9227418899536133","1.9227418899536133"
"606","2.1162595748901367","2.1162595748901367","2.1162595748901367"
"607","2.0786609649658203","2.0786609649658203","2.0786609649658203"
"608","2.0999441146850586","2.0999441146850586","2.0999441146850586"
"609","1.9781802892684937","1.9781802892684937","1.9781802892684937"
"610","2.1092729568481445","2.1092729568481445","2.1092729568481445"
"611","1.982774257659912","1.982774257659912","1.982774257659912"
"612","2.028862953186035","2.028862953186035","2.028862953186035"
"613","2.010255813598633","2.010255813598633","2.010255813598633"
"614","1.9264189004898071","1.9264189004898071","1.9264189004898071"
"615","2.0642457008361816","2.0642457008361816","2.0642457008361816"
"616","2.025555372238159","2.025555372238159","2.025555372238159"
"617","1.9646081924438477","1.9646081924438477","1.9646081924438477"
"618","1.906397819519043","1.906397819519043","1.906397819519043"
"619","2.1036629676818848","2.1036629676818848","2.1036629676818848"
"620","2.002690315246582","2.002690315246582","2.002690315246582"
"621","2.0394105911254883","2.0394105911254883","2.0394105911254883"
"622","2.095564365386963","2.095564365386963","2.095564365386963"
"623","2.088428497314453","2.088428497314453","2.088428497314453"
"624","2.0952982902526855","2.0952982902526855","2.0952982902526855"
"625","2.020512342453003","2.020512342453003","2.020512342453003"
"626","2.059403657913208","2.059403657913208","2.059403657913208"
"627","2.0050947666168213","2.0050947666168213","2.0050947666168213"
"628","2.1516523361206055","2.1516523361206055","2.1516523361206055"
"629","1.928483247756958","1.928483247756958","1.928483247756958"
"630","2.036381959915161","2.036381959915161","2.036381959915161"
"631","2.0058295726776123","2.0058295726776123","2.0058295726776123"
"632","2.031327247619629","2.031327247619629","2.031327247619629"
"633","2.142137289047241","2.142137289047241","2.142137289047241"
"634","2.0829639434814453","2.0829639434814453","2.0829639434814453"
"635","1.9495929479599","1.9495929479599","1.9495929479599"
"636","1.8375616073608398","1.8375616073608398","1.8375616073608398"
"637","2.0873799324035645","2.0873799324035645","2.0873799324035645"
"638","2.028975009918213","2.028975009918213","2.028975009918213"
"639","1.9718539714813232","1.9718539714813232","1.9718539714813232"
"640","2.065061569213867","2.065061569213867","2.065061569213867"
"641","1.9005659818649292","1.9005659818649292","1.9005659818649292"
"642","1.9867771863937378","1.9867771863937378","1.9867771863937378"
"643","1.9966224431991577","1.9966224431991577","1.9966224431991577"
"644","1.9021482467651367","1.9021482467651367","1.9021482467651367"
"645","1.9354870319366455","1.9354870319366455","1.9354870319366455"
"646","2.0060439109802246","2.0060439109802246","2.0060439109802246"
"647","2.007922649383545","2.007922649383545","2.007922649383545"
"648","1.9772253036499023","1.9772253036499023","1.9772253036499023"
"649","1.9542691707611084","1.9542691707611084","1.9542691707611084"
"650","1.9950857162475586","1.9950857162475586","1.9950857162475586"
"651","1.970667839050293","1.970667839050293","1.970667839050293"
"652","2.077838897705078","2.077838897705078","2.077838897705078"
"653","1.9051543474197388","1.9051543474197388","1.9051543474197388"
"654","1.951336145401001","1.951336145401001","1.951336145401001"
"655","1.9987332820892334","1.9987332820892334","1.9987332820892334"
"656","1.9971816539764404","1.9971816539764404","1.9971816539764404"
"657","1.9709489345550537","1.9709489345550537","1.9709489345550537"
"658","2.0206494331359863","2.0206494331359863","2.0206494331359863"
"659","2.06099796295166","2.06099796295166","2.06099796295166"
"660","1.8343908786773682","1.8343908786773682","1.8343908786773682"
"661","2.05041241645813","2.05041241645813","2.05041241645813"
"662","2.0674901008605957","2.0674901008605957","2.0674901008605957"
"663","2.0393972396850586","2.0393972396850586","2.0393972396850586"
"664","2.007624387741089","2.007624387741089","2.007624387741089"
"665","1.9788144826889038","1.9788144826889038","1.9788144826889038"
"666","1.987342357635498","1.987342357635498","1.987342357635498"
"667","2.0485892295837402","2.0485892295837402","2.0485892295837402"
"668","1.949062705039978","1.949062705039978","1.949062705039978"
"669","2.085379123687744","2.085379123687744","2.085379123687744"
"670","1.9821696281433105","1.9821696281433105","1.9821696281433105"
"671","1.9383385181427002","1.9383385181427002","1.9383385181427002"
"672","1.9857566356658936","1.9857566356658936","1.9857566356658936"
"673","1.915470838546753","1.915470838546753","1.915470838546753"
"674","2.1315560340881348","2.1315560340881348","2.1315560340881348"
"675","1.883962631225586","1.883962631225586","1.883962631225586"
"676","2.063521146774292","2.063521146774292","2.063521146774292"
"677","2.0250184535980225","2.0250184535980225","2.0250184535980225"
"678","2.068469762802124","2.068469762802124","2.068469762802124"
"679","2.082581043243408","2.082581043243408","2.082581043243408"
"680","2.0277819633483887","2.0277819633483887","2.0277819633483887"
"681","2.06240177154541","2.06240177154541","2.06240177154541"
"682","1.8558533191680908","1.8558533191680908","1.8558533191680908"
"683","2.0245370864868164","2.0245370864868164","2.0245370864868164"
"684","1.9915812015533447","1.9915812015533447","1.9915812015533447"
"685","1.8873112201690674","1.8873112201690674","1.8873112201690674"
"686","1.9636104106903076","1.9636104106903076","1.9636104106903076"
"687","2.05673885345459","2.05673885345459","2.05673885345459"
"688","2.040112257003784","2.040112257003784","2.040112257003784"
"689","1.957831859588623","1.957831859588623","1.957831859588623"
"690","2.027251720428467","2.027251720428467","2.027251720428467"
"691","1.8886194229125977","1.8886194229125977","1.8886194229125977"
"692","1.89307701587677","1.89307701587677","1.89307701587677"
"693","2.058833122253418","2.058833122253418","2.058833122253418"
"694","2.074361801147461","2.074361801147461","2.074361801147461"
"695","1.9084657430648804","1.9084657430648804","1.9084657430648804"
"696","1.926931381225586","1.926931381225586","1.926931381225586"
"697","2.055354356765747","2.055354356765747","2.055354356765747"
"698","2.0704028606414795","2.0704028606414795","2.0704028606414795"
"699","1.9838563203811646","1.9838563203811646","1.9838563203811646"
"700","1.8977165222167969","1.8977165222167969","1.8977165222167969"
"701","2.0116820335388184","2.0116820335388184","2.0116820335388184"
"702","2.1125454902648926","2.1125454902648926","2.1125454902648926"
"703","2.063648223876953","2.063648223876953","2.063648223876953"
"704","2.044741153717041","2.044741153717041","2.044741153717041"
"705","2.0802018642425537","2.0802018642425537","2.0802018642425537"
"706","1.9469478130340576","1.9469478130340576","1.9469478130340576"
"707","2.0030031204223633","2.0030031204223633","2.0030031204223633"
"708","1.900344729423523","1.900344729423523","1.900344729423523"
"709","2.024399757385254","2.024399757385254","2.024399757385254"
"710","1.9875028133392334","1.9875028133392334","1.9875028133392334"
"711","1.9950686693191528","1.9950686693191528","1.9950686693191528"
"712","2.131103515625","2.131103515625","2.131103515625"
"713","2.061037540435791","2.061037540435791","2.061037540435791"
"714","2.2048020362854004","2.2048020362854004","2.2048020362854004"
"715","1.9020285606384277","1.9020285606384277","1.9020285606384277"
"716","1.9783010482788086","1.9783010482788086","1.9783010482788086"
"717","2.052187442779541","2.052187442779541","2.052187442779541"
"718","1.9751948118209839","1.9751948118209839","1.9751948118209839"
"719","1.9704630374908447","1.9704630374908447","1.9704630374908447"
"720","1.952271580696106","1.952271580696106","1.952271580696106"
"721","2.0216150283813477","2.0216150283813477","2.0216150283813477"
"722","1.9764100313186646","1.9764100313186646","1.9764100313186646"
"723","2.0359888076782227","2.0359888076782227","2.0359888076782227"
"724","1.987156867980957","1.987156867980957","1.987156867980957"
"725","1.9639334678649902","1.9639334678649902","1.9639334678649902"
"726","2.0128486156463623","2.0128486156463623","2.0128486156463623"
"727","1.9339704513549805","1.9339704513549805","1.9339704513549805"
"728","2.083820343017578","2.083820343017578","2.083820343017578"
"729","1.9162826538085938","1.9162826538085938","1.9162826538085938"
"730","1.8781239986419678","1.8781239986419678","1.8781239986419678"
"731","2.0751826763153076","2.0751826763153076","2.0751826763153076"
"732","1.9656888246536255","1.9656888246536255","1.9656888246536255"
"733","2.0686683654785156","2.0686683654785156","2.0686683654785156"
"734","2.0057733058929443","2.0057733058929443","2.0057733058929443"
"735","1.9809722900390625","1.9809722900390625","1.9809722900390625"
"736","2.0289692878723145","2.0289692878723145","2.0289692878723145"
"737","1.9087786674499512","1.9087786674499512","1.9087786674499512"
"738","1.8671302795410156","1.8671302795410156","1.8671302795410156"
"739","2.0143680572509766","2.0143680572509766","2.0143680572509766"
"740","1.896479845046997","1.896479845046997","1.896479845046997"
"741","2.0830540657043457","2.0830540657043457","2.0830540657043457"
"742","1.9770234823226929","1.9770234823226929","1.9770234823226929"
"743","2.1104788780212402","2.1104788780212402","2.1104788780212402"
"744","2.0016696453094482","2.0016696453094482","2.0016696453094482"
"745","1.97303307056427","1.97303307056427","1.97303307056427"
"746","1.9698851108551025","1.9698851108551025","1.9698851108551025"
"747","1.9841876029968262","1.9841876029968262","1.9841876029968262"
"748","1.9985893964767456","1.9985893964767456","1.9985893964767456"
"749","2.0121092796325684","2.0121092796325684","2.0121092796325684"
"750","1.991063117980957","1.991063117980957","1.991063117980957"
"751","2.006913185119629","2.006913185119629","2.006913185119629"
"752","1.9777882099151611","1.9777882099151611","1.9777882099151611"
"753","2.008369207382202","2.008369207382202","2.008369207382202"
"754","2.120466709136963","2.120466709136963","2.120466709136963"
"755","2.0748515129089355","2.0748515129089355","2.0748515129089355"
"756","1.9568198919296265","1.9568198919296265","1.9568198919296265"
"757","1.9691410064697266","1.9691410064697266","1.9691410064697266"
"758","1.9383516311645508","1.9383516311645508","1.9383516311645508"
"759","1.9284086227416992","1.9284086227416992","1.9284086227416992"
"760","1.9580793380737305","1.9580793380737305","1.9580793380737305"
"761","1.967348337173462","1.967348337173462","1.967348337173462"
"762","2.028843402862549","2.028843402862549","2.028843402862549"
"763","2.0384438037872314","2.0384438037872314","2.0384438037872314"
"764","1.9854998588562012","1.9854998588562012","1.9854998588562012"
"765","1.957216501235962","1.957216501235962","1.957216501235962"
"766","1.9461932182312012","1.9461932182312012","1.9461932182312012"
"767","1.9411001205444336","1.9411001205444336","1.9411001205444336"
"768","2.035703182220459","2.035703182220459","2.035703182220459"
"769","1.9467136859893799","1.9467136859893799","1.9467136859893799"
"770","1.980718731880188","1.980718731880188","1.980718731880188"
"771","2.009697198867798","2.009697198867798","2.009697198867798"
"772","1.988383173942566","1.988383173942566","1.988383173942566"
"773","1.9322954416275024","1.9322954416275024","1.9322954416275024"
"774","2.0236854553222656","2.0236854553222656","2.0236854553222656"
"775","2.025050163269043","2.025050163269043","2.025050163269043"
"776","1.9336751699447632","1.9336751699447632","1.9336751699447632"
"777","1.907991647720337","1.907991647720337","1.907991647720337"
"778","1.9755381345748901","1.9755381345748901","1.9755381345748901"
"779","1.9235066175460815","1.9235066175460815","1.9235066175460815"
"780","2.1033935546875","2.1033935546875","2.1033935546875"
"781","2.0416626930236816","2.0416626930236816","2.0416626930236816"
"782","1.9766343832015991","1.9766343832015991","1.9766343832015991"
"783","1.8794095516204834","1.8794095516204834","1.8794095516204834"
"784","2.0012879371643066","2.0012879371643066","2.0012879371643066"
"785","1.9245803356170654","1.9245803356170654","1.9245803356170654"
"786","1.9519037008285522","1.9519037008285522","1.9519037008285522"
"787","2.080125093460083","2.080125093460083","2.080125093460083"
"788","2.036764621734619","2.036764621734619","2.036764621734619"
"789","2.0162646770477295","2.0162646770477295","2.0162646770477295"
"790","2.124319553375244","2.124319553375244","2.124319553375244"
"791","2.1657485961914062","2.1657485961914062","2.1657485961914062"
"792","2.0187511444091797","2.0187511444091797","2.0187511444091797"
"793","1.9841666221618652","1.9841666221618652","1.9841666221618652"
"794","2.0041708946228027","2.0041708946228027","2.0041708946228027"
"795","1.4807376861572266","1.4807376861572266","1.4807376861572266"
"796","1.9535003900527954","1.9535003900527954","1.9535003900527954"
"797","2.0271763801574707","2.0271763801574707","2.0271763801574707"
"798","1.9937351942062378","1.9937351942062378","1.9937351942062378"
"799","2.0540826320648193","2.0540826320648193","2.0540826320648193"
"800","1.9551548957824707","1.9551548957824707","1.9551548957824707"
"801","2.0001864433288574","2.0001864433288574","2.0001864433288574"
"802","1.945399522781372","1.945399522781372","1.945399522781372"
"803","1.9148414134979248","1.9148414134979248","1.9148414134979248"
"804","2.110100507736206","2.110100507736206","2.110100507736206"
"805","1.8727374076843262","1.8727374076843262","1.8727374076843262"
"806","1.8763113021850586","1.8763113021850586","1.8763113021850586"
"807","1.912320613861084","1.912320613861084","1.912320613861084"
"808","1.963813066482544","1.963813066482544","1.963813066482544"
"809","1.8800652027130127","1.8800652027130127","1.8800652027130127"
"810","1.9266494512557983","1.9266494512557983","1.9266494512557983"
"811","1.957123875617981","1.957123875617981","1.957123875617981"
"812","1.9613975286483765","1.9613975286483765","1.9613975286483765"
"813","1.9201924800872803","1.9201924800872803","1.9201924800872803"
"814","1.933608055114746","1.933608055114746","1.933608055114746"
"815","2.029083490371704","2.029083490371704","2.029083490371704"
"816","1.9931330680847168","1.9931330680847168","1.9931330680847168"
"817","2.082838535308838","2.082838535308838","2.082838535308838"
"818","1.9640023708343506","1.9640023708343506","1.9640023708343506"
"819","2.027815103530884","2.027815103530884","2.027815103530884"
"820","1.9620692729949951","1.9620692729949951","1.9620692729949951"
"821","1.9884034395217896","1.9884034395217896","1.9884034395217896"
"822","2.0027899742126465","2.0027899742126465","2.0027899742126465"
"823","2.06550669670105","2.06550669670105","2.06550669670105"
"824","1.9384939670562744","1.9384939670562744","1.9384939670562744"
"825","1.9834811687469482","1.9834811687469482","1.9834811687469482"
"826","2.0642898082733154","2.0642898082733154","2.0642898082733154"
"827","2.121666193008423","2.121666193008423","2.121666193008423"
"828","1.8768842220306396","1.8768842220306396","1.8768842220306396"
"829","2.0415401458740234","2.0415401458740234","2.0415401458740234"
"830","1.9985463619232178","1.9985463619232178","1.9985463619232178"
"831","1.9923938512802124","1.9923938512802124","1.9923938512802124"
"832","1.975904941558838","1.975904941558838","1.975904941558838"
"833","1.9795973300933838","1.9795973300933838","1.9795973300933838"
"834","1.9477207660675049","1.9477207660675049","1.9477207660675049"
"835","2.0699119567871094","2.0699119567871094","2.0699119567871094"
"836","1.9651625156402588","1.9651625156402588","1.9651625156402588"
"837","1.996521234512329","1.996521234512329","1.996521234512329"
"838","2.004659414291382","2.004659414291382","2.004659414291382"
"839","2.088224411010742","2.088224411010742","2.088224411010742"
"840","2.0981709957122803","2.0981709957122803","2.0981709957122803"
"841","2.04974627494812","2.04974627494812","2.04974627494812"
"842","2.0511062145233154","2.0511062145233154","2.0511062145233154"
"843","1.9937567710876465","1.9937567710876465","1.9937567710876465"
"844","1.9270809888839722","1.9270809888839722","1.9270809888839722"
"845","2.023043155670166","2.023043155670166","2.023043155670166"
"846","2.0089924335479736","2.0089924335479736","2.0089924335479736"
"847","1.9963880777359009","1.9963880777359009","1.9963880777359009"
"848","1.960423469543457","1.960423469543457","1.960423469543457"
"849","1.9033242464065552","1.9033242464065552","1.9033242464065552"
"850","1.8677934408187866","1.8677934408187866","1.8677934408187866"
"851","2.1054282188415527","2.1054282188415527","2.1054282188415527"
"852","1.9891033172607422","1.9891033172607422","1.9891033172607422"
"853","2.0481574535369873","2.0481574535369873","2.0481574535369873"
"854","2.007185935974121","2.007185935974121","2.007185935974121"
"855","1.8645176887512207","1.8645176887512207","1.8645176887512207"
"856","2.0344343185424805","2.0344343185424805","2.0344343185424805"
"857","2.0253713130950928","2.0253713130950928","2.0253713130950928"
"858","2.0207908153533936","2.0207908153533936","2.0207908153533936"
"859","2.0643763542175293","2.0643763542175293","2.0643763542175293"
"860","1.9193973541259766","1.9193973541259766","1.9193973541259766"
"861","2.0541586875915527","2.0541586875915527","2.0541586875915527"
"862","2.013535737991333","2.013535737991333","2.013535737991333"
"863","1.9498863220214844","1.9498863220214844","1.9498863220214844"
"864","2.1130032539367676","2.1130032539367676","2.1130032539367676"
"865","2.1077804565429688","2.1077804565429688","2.1077804565429688"
"866","2.0317273139953613","2.0317273139953613","2.0317273139953613"
"867","1.941489815711975","1.941489815711975","1.941489815711975"
"868","2.0314767360687256","2.0314767360687256","2.0314767360687256"
"869","2.032705545425415","2.032705545425415","2.032705545425415"
"870","1.9995931386947632","1.9995931386947632","1.9995931386947632"
"871","1.9688780307769775","1.9688780307769775","1.9688780307769775"
"872","1.9324512481689453","1.9324512481689453","1.9324512481689453"
"873","1.9551756381988525","1.9551756381988525","1.9551756381988525"
"874","2.0067038536071777","2.0067038536071777","2.0067038536071777"
"875","1.9833093881607056","1.9833093881607056","1.9833093881607056"
"876","1.929478645324707","1.929478645324707","1.929478645324707"
"877","2.1133618354797363","2.1133618354797363","2.1133618354797363"
"878","1.7452824115753174","1.7452824115753174","1.7452824115753174"
"879","1.9526242017745972","1.9526242017745972","1.9526242017745972"
"880","2.02040433883667","2.02040433883667","2.02040433883667"
"881","1.9825303554534912","1.9825303554534912","1.9825303554534912"
"882","1.9959461688995361","1.9959461688995361","1.9959461688995361"
"883","2.0175719261169434","2.0175719261169434","2.0175719261169434"
"884","2.0630714893341064","2.0630714893341064","2.0630714893341064"
"885","1.966513991355896","1.966513991355896","1.966513991355896"
"886","1.8974707126617432","1.8974707126617432","1.8974707126617432"
"887","2.107156753540039","2.107156753540039","2.107156753540039"
"888","1.9442343711853027","1.9442343711853027","1.9442343711853027"
"889","1.970371961593628","1.970371961593628","1.970371961593628"
"890","2.0729737281799316","2.0729737281799316","2.0729737281799316"
"891","2.093872547149658","2.093872547149658","2.093872547149658"
"892","2.063607692718506","2.063607692718506","2.063607692718506"
"893","2.014333724975586","2.014333724975586","2.014333724975586"
"894","1.9703937768936157","1.9703937768936157","1.9703937768936157"
"895","1.9830238819122314","1.9830238819122314","1.9830238819122314"
"896","1.9749349355697632","1.9749349355697632","1.9749349355697632"
"897","1.9463504552841187","1.9463504552841187","1.9463504552841187"
"898","2.0558202266693115","2.0558202266693115","2.0558202266693115"
"899","1.9467039108276367","1.9467039108276367","1.9467039108276367"
"900","1.9053277969360352","1.9053277969360352","1.9053277969360352"
"901","1.9723293781280518","1.9723293781280518","1.9723293781280518"
"902","2.08638858795166","2.08638858795166","2.08638858795166"
"903","2.047316789627075","2.047316789627075","2.047316789627075"
"904","2.011748790740967","2.011748790740967","2.011748790740967"
"905","2.0805859565734863","2.0805859565734863","2.0805859565734863"
"906","1.9357526302337646","1.9357526302337646","1.9357526302337646"
"907","2.0809476375579834","2.0809476375579834","2.0809476375579834"
"908","1.9103378057479858","1.9103378057479858","1.9103378057479858"
"909","2.000249147415161","2.000249147415161","2.000249147415161"
"910","2.037003517150879","2.037003517150879","2.037003517150879"
"911","2.0640978813171387","2.0640978813171387","2.0640978813171387"
"912","2.101628303527832","2.101628303527832","2.101628303527832"
"913","2.037645101547241","2.037645101547241","2.037645101547241"
"914","1.9773435592651367","1.9773435592651367","1.9773435592651367"
"915","1.9168716669082642","1.9168716669082642","1.9168716669082642"
"916","1.8959559202194214","1.8959559202194214","1.8959559202194214"
"917","2.031489610671997","2.031489610671997","2.031489610671997"
"918","2.0153326988220215","2.0153326988220215","2.0153326988220215"
"919","2.134921073913574","2.134921073913574","2.134921073913574"
"920","1.983499526977539","1.983499526977539","1.983499526977539"
"921","1.9388126134872437","1.9388126134872437","1.9388126134872437"
"922","2.0435590744018555","2.0435590744018555","2.0435590744018555"
"923","1.8688194751739502","1.8688194751739502","1.8688194751739502"
"924","1.9036616086959839","1.9036616086959839","1.9036616086959839"
"925","1.9031132459640503","1.9031132459640503","1.9031132459640503"
"926","2.058349370956421","2.058349370956421","2.058349370956421"
"927","2.0088324546813965","2.0088324546813965","2.0088324546813965"
"928","1.940820336341858","1.940820336341858","1.940820336341858"
"929","2.0508177280426025","2.0508177280426025","2.0508177280426025"
"930","2.0674617290496826","2.0674617290496826","2.0674617290496826"
"931","1.9360133409500122","1.9360133409500122","1.9360133409500122"
"932","1.8504669666290283","1.8504669666290283","1.8504669666290283"
"933","1.942409873008728","1.942409873008728","1.942409873008728"
"934","2.099194049835205","2.099194049835205","2.099194049835205"
"935","2.0232763290405273","2.0232763290405273","2.0232763290405273"
"936","1.9711837768554688","1.9711837768554688","1.9711837768554688"
"937","1.927746295928955","1.927746295928955","1.927746295928955"
"938","1.9940253496170044","1.9940253496170044","1.9940253496170044"
"939","1.991869330406189","1.991869330406189","1.991869330406189"
"940","1.9946881532669067","1.9946881532669067","1.9946881532669067"
"941","2.0135960578918457","2.0135960578918457","2.0135960578918457"
"942","1.8109318017959595","1.8109318017959595","1.8109318017959595"
"943","2.060900926589966","2.060900926589966","2.060900926589966"
"944","1.9470672607421875","1.9470672607421875","1.9470672607421875"
"945","2.0031232833862305","2.0031232833862305","2.0031232833862305"
"946","2.0288686752319336","2.0288686752319336","2.0288686752319336"
"947","2.0927579402923584","2.0927579402923584","2.0927579402923584"
"948","1.9508479833602905","1.9508479833602905","1.9508479833602905"
"949","1.913429856300354","1.913429856300354","1.913429856300354"
"950","2.083395481109619","2.083395481109619","2.083395481109619"
"951","2.0740771293640137","2.0740771293640137","2.0740771293640137"
"952","1.9861904382705688","1.9861904382705688","1.9861904382705688"
"953","2.0548181533813477","2.0548181533813477","2.0548181533813477"
"954","2.046891212463379","2.046891212463379","2.046891212463379"
"955","2.1164727210998535","2.1164727210998535","2.1164727210998535"
"956","1.9567064046859741","1.9567064046859741","1.9567064046859741"
"957","1.973822832107544","1.973822832107544","1.973822832107544"
"958","1.9060789346694946","1.9060789346694946","1.9060789346694946"
"959","2.0488319396972656","2.0488319396972656","2.0488319396972656"
"960","2.073340892791748","2.073340892791748","2.073340892791748"
"961","2.047306537628174","2.047306537628174","2.047306537628174"
"962","1.9886343479156494","1.9886343479156494","1.9886343479156494"
"963","2.06455397605896","2.06455397605896","2.06455397605896"
"964","1.9777969121932983","1.9777969121932983","1.9777969121932983"
"965","2.0082921981811523","2.0082921981811523","2.0082921981811523"
"966","1.9746153354644775","1.9746153354644775","1.9746153354644775"
"967","1.914818286895752","1.914818286895752","1.914818286895752"
"968","2.016237258911133","2.016237258911133","2.016237258911133"
"969","2.0257985591888428","2.0257985591888428","2.0257985591888428"
"970","1.9903240203857422","1.9903240203857422","1.9903240203857422"
"971","1.920527458190918","1.920527458190918","1.920527458190918"
"972","2.0393402576446533","2.0393402576446533","2.0393402576446533"
"973","1.944056749343872","1.944056749343872","1.944056749343872"
"974","2.037989616394043","2.037989616394043","2.037989616394043"
"975","2.0890398025512695","2.0890398025512695","2.0890398025512695"
"976","1.9983599185943604","1.9983599185943604","1.9983599185943604"
"977","2.070375919342041","2.070375919342041","2.070375919342041"
"978","2.018630266189575","2.018630266189575","2.018630266189575"
"979","1.9677066802978516","1.9677066802978516","1.9677066802978516"
"980","1.950803279876709","1.950803279876709","1.950803279876709"
"981","2.112975597381592","2.112975597381592","2.112975597381592"
"982","1.8821148872375488","1.8821148872375488","1.8821148872375488"
"983","2.040491819381714","2.040491819381714","2.040491819381714"
"984","1.9713726043701172","1.9713726043701172","1.9713726043701172"
"985","1.9728024005889893","1.9728024005889893","1.9728024005889893"
"986","2.129502534866333","2.129502534866333","2.129502534866333"
"987","2.039245367050171","2.039245367050171","2.039245367050171"
"988","2.005737543106079","2.005737543106079","2.005737543106079"
"989","1.7303906679153442","1.7303906679153442","1.7303906679153442"
"990","2.025268077850342","2.025268077850342","2.025268077850342"
"991","2.078181266784668","2.078181266784668","2.078181266784668"
"992","1.876981496810913","1.876981496810913","1.876981496810913"
"993","2.115811347961426","2.115811347961426","2.115811347961426"
"994","1.9370200634002686","1.9370200634002686","1.9370200634002686"
"995","1.9455167055130005","1.9455167055130005","1.9455167055130005"
"996","1.9613890647888184","1.9613890647888184","1.9613890647888184"
"997","1.898730754852295","1.898730754852295","1.898730754852295"
"998","1.9351460933685303","1.9351460933685303","1.9351460933685303"
"999","1.8953254222869873","1.8953254222869873","1.8953254222869873"
"1000","2.0264244079589844","2.0264244079589844","2.0264244079589844"
"1001","1.9589049816131592","1.9589049816131592","1.9589049816131592"
"1002","1.9305224418640137","1.9305224418640137","1.9305224418640137"
"1003","1.9907498359680176","1.9907498359680176","1.9907498359680176"
"1004","2.0035393238067627","2.0035393238067627","2.0035393238067627"
"1005","2.052278757095337","2.052278757095337","2.052278757095337"
"1006","1.9339669942855835","1.9339669942855835","1.9339669942855835"
"1007","1.9587898254394531","1.9587898254394531","1.9587898254394531"
"1008","2.0130622386932373","2.0130622386932373","2.0130622386932373"
"1009","1.918634295463562","1.918634295463562","1.918634295463562"
"1010","1.927736759185791","1.927736759185791","1.927736759185791"
"1011","2.018418550491333","2.018418550491333","2.018418550491333"
"1012","2.1477270126342773","2.1477270126342773","2.1477270126342773"
"1013","1.8519341945648193","1.8519341945648193","1.8519341945648193"
"1014","2.0140624046325684","2.0140624046325684","2.0140624046325684"
"1015","2.041092872619629","2.041092872619629","2.041092872619629"
"1016","1.9795093536376953","1.9795093536376953","1.9795093536376953"
"1017","2.0252251625061035","2.0252251625061035","2.0252251625061035"
"1018","1.9731740951538086","1.9731740951538086","1.9731740951538086"
"1019","1.9696770906448364","1.9696770906448364","1.9696770906448364"
"1020","2.0055642127990723","2.0055642127990723","2.0055642127990723"
"1021","1.9291796684265137","1.9291796684265137","1.9291796684265137"
"1022","2.0370306968688965","2.0370306968688965","2.0370306968688965"
"1023","2.006600856781006","2.006600856781006","2.006600856781006"
"1024","1.9980614185333252","1.9980614185333252","1.9980614185333252"
"1025","2.014085292816162","2.014085292816162","2.014085292816162"
"1026","1.977705717086792","1.977705717086792","1.977705717086792"
"1027","2.1066994667053223","2.1066994667053223","2.1066994667053223"
"1028","1.933302640914917","1.933302640914917","1.933302640914917"
"1029","2.0981714725494385","2.0981714725494385","2.0981714725494385"
"1030","2.036120891571045","2.036120891571045","2.036120891571045"
"1031","2.0418944358825684","2.0418944358825684","2.0418944358825684"
"1032","2.057013988494873","2.057013988494873","2.057013988494873"
"1033","2.032292604446411","2.032292604446411","2.032292604446411"
"1034","2.0874247550964355","2.0874247550964355","2.0874247550964355"
"1035","1.9238002300262451","1.9238002300262451","1.9238002300262451"
"1036","1.9777679443359375","1.9777679443359375","1.9777679443359375"
"1037","1.929275393486023","1.929275393486023","1.929275393486023"
"1038","1.9003722667694092","1.9003722667694092","1.9003722667694092"
"1039","1.954437494277954","1.954437494277954","1.954437494277954"
"1040","2.004160165786743","2.004160165786743","2.004160165786743"
"1041","2.0501110553741455","2.0501110553741455","2.0501110553741455"
"1042","2.016458749771118","2.016458749771118","2.016458749771118"
"1043","2.0597500801086426","2.0597500801086426","2.0597500801086426"
"1044","1.9641642570495605","1.9641642570495605","1.9641642570495605"
"1045","1.8668259382247925","1.8668259382247925","1.8668259382247925"
"1046","2.035581111907959","2.035581111907959","2.035581111907959"
"1047","2.046347141265869","2.046347141265869","2.046347141265869"
"1048","1.9772512912750244","1.9772512912750244","1.9772512912750244"
"1049","1.9122657775878906","1.9122657775878906","1.9122657775878906"
"1050","2.011138916015625","2.011138916015625","2.011138916015625"
"1051","2.0491013526916504","2.0491013526916504","2.0491013526916504"
"1052","1.9772508144378662","1.9772508144378662","1.9772508144378662"
"1053","1.9785598516464233","1.9785598516464233","1.9785598516464233"
"1054","2.0574679374694824","2.0574679374694824","2.0574679374694824"
"1055","2.0869293212890625","2.0869293212890625","2.0869293212890625"
"1056","2.028101921081543","2.028101921081543","2.028101921081543"
"1057","1.9944100379943848","1.9944100379943848","1.9944100379943848"
"1058","2.019357681274414","2.019357681274414","2.019357681274414"
"1059","1.9599494934082031","1.9599494934082031","1.9599494934082031"
"1060","2.012758731842041","2.012758731842041","2.012758731842041"
"1061","1.9497323036193848","1.9497323036193848","1.9497323036193848"
"1062","2.0510401725769043","2.0510401725769043","2.0510401725769043"
"1063","1.9704335927963257","1.9704335927963257","1.9704335927963257"
"1064","1.9251493215560913","1.9251493215560913","1.9251493215560913"
"1065","2.1072258949279785","2.1072258949279785","2.1072258949279785"
"1066","2.038892984390259","2.038892984390259","2.038892984390259"
"1067","2.1186118125915527","2.1186118125915527","2.1186118125915527"
"1068","1.8630738258361816","1.8630738258361816","1.8630738258361816"
"1069","1.9953680038452148","1.9953680038452148","1.9953680038452148"
"1070","2.0539355278015137","2.0539355278015137","2.0539355278015137"
"1071","1.9598509073257446","1.9598509073257446","1.9598509073257446"
"1072","1.9736884832382202","1.9736884832382202","1.9736884832382202"
"1073","1.9493257999420166","1.9493257999420166","1.9493257999420166"
"1074","2.008469343185425","2.008469343185425","2.008469343185425"
"1075","1.9446759223937988","1.9446759223937988","1.9446759223937988"
"1076","2.015284538269043","2.015284538269043","2.015284538269043"
"1077","1.9385392665863037","1.9385392665863037","1.9385392665863037"
"1078","2.0243589878082275","2.0243589878082275","2.0243589878082275"
"1079","2.0263333320617676","2.0263333320617676","2.0263333320617676"
"1080","1.9505813121795654","1.9505813121795654","1.9505813121795654"
"1081","2.0597310066223145","2.0597310066223145","2.0597310066223145"
"1082","1.854203701019287","1.854203701019287","1.854203701019287"
"1083","1.8643810749053955","1.8643810749053955","1.8643810749053955"
"1084","2.0683016777038574","2.0683016777038574","2.0683016777038574"
"1085","1.9298163652420044","1.9298163652420044","1.9298163652420044"
"1086","1.9839866161346436","1.9839866161346436","1.9839866161346436"
"1087","1.9662060737609863","1.9662060737609863","1.9662060737609863"
"1088","1.9810569286346436","1.9810569286346436","1.9810569286346436"
"1089","2.0062456130981445","2.0062456130981445","2.0062456130981445"
"1090","1.914686679840088","1.914686679840088","1.914686679840088"
"1091","1.8496805429458618","1.8496805429458618","1.8496805429458618"
"1092","2.003640651702881","2.003640651702881","2.003640651702881"
"1093","1.8686383962631226","1.8686383962631226","1.8686383962631226"
"1094","2.129842519760132","2.129842519760132","2.129842519760132"
"1095","1.9405125379562378","1.9405125379562378","1.9405125379562378"
"1096","2.0809741020202637","2.0809741020202637","2.0809741020202637"
"1097","1.9950157403945923","1.9950157403945923","1.9950157403945923"
"1098","1.9599424600601196","1.9599424600601196","1.9599424600601196"
"1099","2.0017194747924805","2.0017194747924805","2.0017194747924805"
"1100","1.936430811882019","1.936430811882019","1.936430811882019"
"1101","1.9702993631362915","1.9702993631362915","1.9702993631362915"
"1102","1.995795488357544","1.995795488357544","1.995795488357544"
"1103","2.03718638420105","2.03718638420105","2.03718638420105"
"1104","2.004952907562256","2.004952907562256","2.004952907562256"
"1105","1.9917658567428589","1.9917658567428589","1.9917658567428589"
"1106","1.959096908569336","1.959096908569336","1.959096908569336"
"1107","2.1104393005371094","2.1104393005371094","2.1104393005371094"
"1108","2.036029815673828","2.036029815673828","2.036029815673828"
"1109","1.9379109144210815","1.9379109144210815","1.9379109144210815"
"1110","1.8864666223526","1.8864666223526","1.8864666223526"
"1111","1.8910759687423706","1.8910759687423706","1.8910759687423706"
"1112","1.89024817943573","1.89024817943573","1.89024817943573"
"1113","1.926427960395813","1.926427960395813","1.926427960395813"
"1114","1.9932340383529663","1.9932340383529663","1.9932340383529663"
"1115","1.939314603805542","1.939314603805542","1.939314603805542"
"1116","2.085259437561035","2.085259437561035","2.085259437561035"
"1117","1.988007664680481","1.988007664680481","1.988007664680481"
"1118","1.9781744480133057","1.9781744480133057","1.9781744480133057"
"1119","1.9404196739196777","1.9404196739196777","1.9404196739196777"
"1120","1.9231593608856201","1.9231593608856201","1.9231593608856201"
"1121","2.0142383575439453","2.0142383575439453","2.0142383575439453"
"1122","1.953046441078186","1.953046441078186","1.953046441078186"
"1123","1.945183277130127","1.945183277130127","1.945183277130127"
"1124","1.9353828430175781","1.9353828430175781","1.9353828430175781"
"1125","1.9497907161712646","1.9497907161712646","1.9497907161712646"
"1126","1.8812413215637207","1.8812413215637207","1.8812413215637207"
"1127","2.0237598419189453","2.0237598419189453","2.0237598419189453"
"1128","1.971327543258667","1.971327543258667","1.971327543258667"
"1129","1.9064658880233765","1.9064658880233765","1.9064658880233765"
"1130","1.93287992477417","1.93287992477417","1.93287992477417"
"1131","1.9876430034637451","1.9876430034637451","1.9876430034637451"
"1132","1.9595080614089966","1.9595080614089966","1.9595080614089966"
"1133","2.124540328979492","2.124540328979492","2.124540328979492"
"1134","1.9927504062652588","1.9927504062652588","1.9927504062652588"
"1135","1.9675580263137817","1.9675580263137817","1.9675580263137817"
"1136","1.8503772020339966","1.8503772020339966","1.8503772020339966"
"1137","1.9749749898910522","1.9749749898910522","1.9749749898910522"
"1138","1.9014357328414917","1.9014357328414917","1.9014357328414917"
"1139","1.9905939102172852","1.9905939102172852","1.9905939102172852"
"1140","2.0478835105895996","2.0478835105895996","2.0478835105895996"
"1141","2.0427541732788086","2.0427541732788086","2.0427541732788086"
"1142","2.0196385383605957","2.0196385383605957","2.0196385383605957"
"1143","2.1635076999664307","2.1635076999664307","2.1635076999664307"
"1144","2.1613516807556152","2.1613516807556152","2.1613516807556152"
"1145","2.0176703929901123","2.0176703929901123","2.0176703929901123"
"1146","1.951265573501587","1.951265573501587","1.951265573501587"
"1147","1.970842719078064","1.970842719078064","1.970842719078064"
"1148","1.4982812404632568","1.4982812404632568","1.4982812404632568"
"1149","1.975275993347168","1.975275993347168","1.975275993347168"
"1150","1.9864723682403564","1.9864723682403564","1.9864723682403564"
"1151","2.023960828781128","2.023960828781128","2.023960828781128"
"1152","2.0955421924591064","2.0955421924591064","2.0955421924591064"
"1153","1.908526062965393","1.908526062965393","1.908526062965393"
"1154","1.959753155708313","1.959753155708313","1.959753155708313"
"1155","1.9183902740478516","1.9183902740478516","1.9183902740478516"
"1156","1.9110910892486572","1.9110910892486572","1.9110910892486572"
"1157","2.1214914321899414","2.1214914321899414","2.1214914321899414"
"1158","1.7565762996673584","1.7565762996673584","1.7565762996673584"
"1159","1.9562723636627197","1.9562723636627197","1.9562723636627197"
"1160","1.8875086307525635","1.8875086307525635","1.8875086307525635"
"1161","1.9956309795379639","1.9956309795379639","1.9956309795379639"
"1162","1.9056106805801392","1.9056106805801392","1.9056106805801392"
"1163","1.9010790586471558","1.9010790586471558","1.9010790586471558"
"1164","1.870237946510315","1.870237946510315","1.870237946510315"
"1165","1.9070662260055542","1.9070662260055542","1.9070662260055542"
"1166","1.9954688549041748","1.9954688549041748","1.9954688549041748"
"1167","1.9209388494491577","1.9209388494491577","1.9209388494491577"
"1168","1.976144790649414","1.976144790649414","1.976144790649414"
"1169","1.9696048498153687","1.9696048498153687","1.9696048498153687"
"1170","2.075021505355835","2.075021505355835","2.075021505355835"
"1171","1.9889700412750244","1.9889700412750244","1.9889700412750244"
"1172","2.0424647331237793","2.0424647331237793","2.0424647331237793"
"1173","1.9800329208374023","1.9800329208374023","1.9800329208374023"
"1174","1.9519600868225098","1.9519600868225098","1.9519600868225098"
"1175","1.9789514541625977","1.9789514541625977","1.9789514541625977"
"1176","2.0246102809906006","2.0246102809906006","2.0246102809906006"
"1177","1.964345097541809","1.964345097541809","1.964345097541809"
"1178","2.012301445007324","2.012301445007324","2.012301445007324"
"1179","1.9657082557678223","1.9657082557678223","1.9657082557678223"
"1180","2.134108066558838","2.134108066558838","2.134108066558838"
"1181","1.954587697982788","1.954587697982788","1.954587697982788"
"1182","2.0421526432037354","2.0421526432037354","2.0421526432037354"
"1183","1.9869400262832642","1.9869400262832642","1.9869400262832642"
"1184","1.948581576347351","1.948581576347351","1.948581576347351"
"1185","1.971964716911316","1.971964716911316","1.971964716911316"
"1186","2.0084574222564697","2.0084574222564697","2.0084574222564697"
"1187","1.9905848503112793","1.9905848503112793","1.9905848503112793"
"1188","2.0289721488952637","2.0289721488952637","2.0289721488952637"
"1189","1.9345742464065552","1.9345742464065552","1.9345742464065552"
"1190","1.9511609077453613","1.9511609077453613","1.9511609077453613"
"1191","2.020843029022217","2.020843029022217","2.020843029022217"
"1192","2.1222028732299805","2.1222028732299805","2.1222028732299805"
"1193","2.125262498855591","2.125262498855591","2.125262498855591"
"1194","2.0867269039154053","2.0867269039154053","2.0867269039154053"
"1195","1.9733048677444458","1.9733048677444458","1.9733048677444458"
"1196","1.95381498336792","1.95381498336792","1.95381498336792"
"1197","1.991134524345398","1.991134524345398","1.991134524345398"
"1198","1.990985631942749","1.990985631942749","1.990985631942749"
"1199","2.0109598636627197","2.0109598636627197","2.0109598636627197"
"1200","2.013028144836426","2.013028144836426","2.013028144836426"
"1201","1.9343452453613281","1.9343452453613281","1.9343452453613281"
"1202","1.8528131246566772","1.8528131246566772","1.8528131246566772"
"1203","1.8610891103744507","1.8610891103744507","1.8610891103744507"
"1204","2.076174020767212","2.076174020767212","2.076174020767212"
"1205","2.0078024864196777","2.0078024864196777","2.0078024864196777"
"1206","2.01706600189209","2.01706600189209","2.01706600189209"
"1207","1.9868433475494385","1.9868433475494385","1.9868433475494385"
"1208","1.86337149143219","1.86337149143219","1.86337149143219"
"1209","2.0544142723083496","2.0544142723083496","2.0544142723083496"
"1210","2.0073869228363037","2.0073869228363037","2.0073869228363037"
"1211","2.0133230686187744","2.0133230686187744","2.0133230686187744"
"1212","2.0718791484832764","2.0718791484832764","2.0718791484832764"
"1213","1.9099798202514648","1.9099798202514648","1.9099798202514648"
"1214","2.0083491802215576","2.0083491802215576","2.0083491802215576"
"1215","1.9959948062896729","1.9959948062896729","1.9959948062896729"
"1216","1.947677731513977","1.947677731513977","1.947677731513977"
"1217","2.0614013671875","2.0614013671875","2.0614013671875"
"1218","2.0505573749542236","2.0505573749542236","2.0505573749542236"
"1219","1.9958107471466064","1.9958107471466064","1.9958107471466064"
"1220","1.924281120300293","1.924281120300293","1.924281120300293"
"1221","2.033074140548706","2.033074140548706","2.033074140548706"
"1222","1.948340654373169","1.948340654373169","1.948340654373169"
"1223","1.9679503440856934","1.9679503440856934","1.9679503440856934"
"1224","1.9778577089309692","1.9778577089309692","1.9778577089309692"
"1225","1.9486148357391357","1.9486148357391357","1.9486148357391357"
"1226","1.9553481340408325","1.9553481340408325","1.9553481340408325"
"1227","2.0180156230926514","2.0180156230926514","2.0180156230926514"
"1228","2.0046725273132324","2.0046725273132324","2.0046725273132324"
"1229","1.9022934436798096","1.9022934436798096","1.9022934436798096"
"1230","2.067688465118408","2.067688465118408","2.067688465118408"
"1231","1.7477052211761475","1.7477052211761475","1.7477052211761475"
"1232","1.949973225593567","1.949973225593567","1.949973225593567"
"1233","2.041900157928467","2.041900157928467","2.041900157928467"
"1234","2.0195183753967285","2.0195183753967285","2.0195183753967285"
"1235","1.9638993740081787","1.9638993740081787","1.9638993740081787"
"1236","2.05436372756958","2.05436372756958","2.05436372756958"
"1237","2.0671465396881104","2.0671465396881104","2.0671465396881104"
"1238","1.9106450080871582","1.9106450080871582","1.9106450080871582"
"1239","1.911526083946228","1.911526083946228","1.911526083946228"
"1240","2.1368918418884277","2.1368918418884277","2.1368918418884277"
"1241","1.9295299053192139","1.9295299053192139","1.9295299053192139"
"1242","1.964385986328125","1.964385986328125","1.964385986328125"
"1243","2.001351833343506","2.001351833343506","2.001351833343506"
"1244","2.0624446868896484","2.0624446868896484","2.0624446868896484"
"1245","2.044618606567383","2.044618606567383","2.044618606567383"
"1246","2.019195318222046","2.019195318222046","2.019195318222046"
"1247","1.9794217348098755","1.9794217348098755","1.9794217348098755"
"1248","2.0160810947418213","2.0160810947418213","2.0160810947418213"
"1249","1.9570109844207764","1.9570109844207764","1.9570109844207764"
"1250","1.971726655960083","1.971726655960083","1.971726655960083"
"1251","1.9566633701324463","1.9566633701324463","1.9566633701324463"
"1252","1.9204144477844238","1.9204144477844238","1.9204144477844238"
"1253","1.958047866821289","1.958047866821289","1.958047866821289"