"Step","female-silero - loss/g/fm","female-silero - loss/g/fm__MIN","female-silero - loss/g/fm__MAX"
"0","12.341255187988281","12.341255187988281","12.341255187988281"
"1","9.938871383666992","9.938871383666992","9.938871383666992"
"2","9.482453346252441","9.482453346252441","9.482453346252441"
"3","9.751267433166504","9.751267433166504","9.751267433166504"
"4","8.541464805603027","8.541464805603027","8.541464805603027"
"5","6.921657085418701","6.921657085418701","6.921657085418701"
"6","7.970787048339844","7.970787048339844","7.970787048339844"
"7","7.726061820983887","7.726061820983887","7.726061820983887"
"8","8.148706436157227","8.148706436157227","8.148706436157227"
"9","7.670742511749268","7.670742511749268","7.670742511749268"
"10","7.465529918670654","7.465529918670654","7.465529918670654"
"11","9.197312355041504","9.197312355041504","9.197312355041504"
"12","6.7418413162231445","6.7418413162231445","6.7418413162231445"
"13","7.639216899871826","7.639216899871826","7.639216899871826"
"14","7.422746181488037","7.422746181488037","7.422746181488037"
"15","7.532926082611084","7.532926082611084","7.532926082611084"
"16","8.486916542053223","8.486916542053223","8.486916542053223"
"17","7.753962993621826","7.753962993621826","7.753962993621826"
"18","7.03739070892334","7.03739070892334","7.03739070892334"
"19","7.367770195007324","7.367770195007324","7.367770195007324"
"20","7.151913166046143","7.151913166046143","7.151913166046143"
"21","8.274803161621094","8.274803161621094","8.274803161621094"
"22","8.001724243164062","8.001724243164062","8.001724243164062"
"23","8.631086349487305","8.631086349487305","8.631086349487305"
"24","6.947483539581299","6.947483539581299","6.947483539581299"
"25","8.984371185302734","8.984371185302734","8.984371185302734"
"26","7.005924224853516","7.005924224853516","7.005924224853516"
"27","7.791750431060791","7.791750431060791","7.791750431060791"
"28","7.597136974334717","7.597136974334717","7.597136974334717"
"29","7.80816125869751","7.80816125869751","7.80816125869751"
"30","8.796614646911621","8.796614646911621","8.796614646911621"
"31","8.553529739379883","8.553529739379883","8.553529739379883"
"32","8.642372131347656","8.642372131347656","8.642372131347656"
"33","7.792669296264648","7.792669296264648","7.792669296264648"
"34","8.109313011169434","8.109313011169434","8.109313011169434"
"35","7.307406902313232","7.307406902313232","7.307406902313232"
"36","6.556091785430908","6.556091785430908","6.556091785430908"
"37","8.384852409362793","8.384852409362793","8.384852409362793"
"38","8.260518074035645","8.260518074035645","8.260518074035645"
"39","8.299769401550293","8.299769401550293","8.299769401550293"
"40","7.333064556121826","7.333064556121826","7.333064556121826"
"41","6.586717128753662","6.586717128753662","6.586717128753662"
"42","7.287439823150635","7.287439823150635","7.287439823150635"
"43","7.415846824645996","7.415846824645996","7.415846824645996"
"44","7.399348735809326","7.399348735809326","7.399348735809326"
"45","8.497053146362305","8.497053146362305","8.497053146362305"
"46","7.294689655303955","7.294689655303955","7.294689655303955"
"47","7.537574768066406","7.537574768066406","7.537574768066406"
"48","6.686989784240723","6.686989784240723","6.686989784240723"
"49","7.5941691398620605","7.5941691398620605","7.5941691398620605"
"50","7.210529327392578","7.210529327392578","7.210529327392578"
"51","8.214654922485352","8.214654922485352","8.214654922485352"
"52","7.158374309539795","7.158374309539795","7.158374309539795"
"53","9.742796897888184","9.742796897888184","9.742796897888184"
"54","7.435159206390381","7.435159206390381","7.435159206390381"
"55","6.746955394744873","6.746955394744873","6.746955394744873"
"56","7.204967498779297","7.204967498779297","7.204967498779297"
"57","7.7324538230896","7.7324538230896","7.7324538230896"
"58","6.471836090087891","6.471836090087891","6.471836090087891"
"59","7.250616550445557","7.250616550445557","7.250616550445557"
"60","7.419086456298828","7.419086456298828","7.419086456298828"
"61","7.887133598327637","7.887133598327637","7.887133598327637"
"62","5.63749885559082","5.63749885559082","5.63749885559082"
"63","6.826056480407715","6.826056480407715","6.826056480407715"
"64","7.959448337554932","7.959448337554932","7.959448337554932"
"65","8.386860847473145","8.386860847473145","8.386860847473145"
"66","8.203907012939453","8.203907012939453","8.203907012939453"
"67","7.447524547576904","7.447524547576904","7.447524547576904"
"68","7.148245334625244","7.148245334625244","7.148245334625244"
"69","7.8236918449401855","7.8236918449401855","7.8236918449401855"
"70","7.472030162811279","7.472030162811279","7.472030162811279"
"71","8.64331340789795","8.64331340789795","8.64331340789795"
"72","7.2731218338012695","7.2731218338012695","7.2731218338012695"
"73","7.049746036529541","7.049746036529541","7.049746036529541"
"74","8.726253509521484","8.726253509521484","8.726253509521484"
"75","8.604281425476074","8.604281425476074","8.604281425476074"
"76","7.7848896980285645","7.7848896980285645","7.7848896980285645"
"77","7.8002095222473145","7.8002095222473145","7.8002095222473145"
"78","6.909453392028809","6.909453392028809","6.909453392028809"
"79","6.972161293029785","6.972161293029785","6.972161293029785"
"80","6.2621750831604","6.2621750831604","6.2621750831604"
"81","8.381919860839844","8.381919860839844","8.381919860839844"
"82","7.138819217681885","7.138819217681885","7.138819217681885"
"83","7.473752498626709","7.473752498626709","7.473752498626709"
"84","6.98159122467041","6.98159122467041","6.98159122467041"
"85","7.845850944519043","7.845850944519043","7.845850944519043"
"86","8.5869779586792","8.5869779586792","8.5869779586792"
"87","7.724209785461426","7.724209785461426","7.724209785461426"
"88","7.504603862762451","7.504603862762451","7.504603862762451"
"89","5.998586177825928","5.998586177825928","5.998586177825928"
"90","7.59373664855957","7.59373664855957","7.59373664855957"
"91","8.076924324035645","8.076924324035645","8.076924324035645"
"92","8.032249450683594","8.032249450683594","8.032249450683594"
"93","7.539139270782471","7.539139270782471","7.539139270782471"
"94","7.527252674102783","7.527252674102783","7.527252674102783"
"95","7.28747034072876","7.28747034072876","7.28747034072876"
"96","8.85080337524414","8.85080337524414","8.85080337524414"
"97","5.9923906326293945","5.9923906326293945","5.9923906326293945"
"98","6.827117919921875","6.827117919921875","6.827117919921875"
"99","6.6954827308654785","6.6954827308654785","6.6954827308654785"
"100","6.956327438354492","6.956327438354492","6.956327438354492"
"101","7.867506504058838","7.867506504058838","7.867506504058838"
"102","8.55700969696045","8.55700969696045","8.55700969696045"
"103","7.448519706726074","7.448519706726074","7.448519706726074"
"104","8.171621322631836","8.171621322631836","8.171621322631836"
"105","7.058242321014404","7.058242321014404","7.058242321014404"
"106","6.083717346191406","6.083717346191406","6.083717346191406"
"107","7.084569454193115","7.084569454193115","7.084569454193115"
"108","8.398916244506836","8.398916244506836","8.398916244506836"
"109","7.4766526222229","7.4766526222229","7.4766526222229"
"110","7.140167236328125","7.140167236328125","7.140167236328125"
"111","8.308629989624023","8.308629989624023","8.308629989624023"
"112","7.2027668952941895","7.2027668952941895","7.2027668952941895"
"113","7.375481128692627","7.375481128692627","7.375481128692627"
"114","7.762948989868164","7.762948989868164","7.762948989868164"
"115","7.6237945556640625","7.6237945556640625","7.6237945556640625"
"116","7.581831455230713","7.581831455230713","7.581831455230713"
"117","7.074504375457764","7.074504375457764","7.074504375457764"
"118","7.912247657775879","7.912247657775879","7.912247657775879"
"119","7.020328521728516","7.020328521728516","7.020328521728516"
"120","8.412436485290527","8.412436485290527","8.412436485290527"
"121","8.304539680480957","8.304539680480957","8.304539680480957"
"122","6.639473915100098","6.639473915100098","6.639473915100098"
"123","6.708593845367432","6.708593845367432","6.708593845367432"
"124","6.754725456237793","6.754725456237793","6.754725456237793"
"125","6.997286319732666","6.997286319732666","6.997286319732666"
"126","8.307558059692383","8.307558059692383","8.307558059692383"
"127","8.435827255249023","8.435827255249023","8.435827255249023"
"128","7.551816463470459","7.551816463470459","7.551816463470459"
"129","7.503837585449219","7.503837585449219","7.503837585449219"
"130","7.34029483795166","7.34029483795166","7.34029483795166"
"131","7.335155487060547","7.335155487060547","7.335155487060547"
"132","7.157248020172119","7.157248020172119","7.157248020172119"
"133","7.570924282073975","7.570924282073975","7.570924282073975"
"134","7.7194108963012695","7.7194108963012695","7.7194108963012695"
"135","8.699804306030273","8.699804306030273","8.699804306030273"
"136","7.382160186767578","7.382160186767578","7.382160186767578"
"137","6.869097709655762","6.869097709655762","6.869097709655762"
"138","7.369472503662109","7.369472503662109","7.369472503662109"
"139","6.720232963562012","6.720232963562012","6.720232963562012"
"140","7.098963260650635","7.098963260650635","7.098963260650635"
"141","6.832765579223633","6.832765579223633","6.832765579223633"
"142","8.526701927185059","8.526701927185059","8.526701927185059"
"143","6.7579426765441895","6.7579426765441895","6.7579426765441895"
"144","7.194934368133545","7.194934368133545","7.194934368133545"
"145","7.320313930511475","7.320313930511475","7.320313930511475"
"146","6.4748406410217285","6.4748406410217285","6.4748406410217285"
"147","7.4106035232543945","7.4106035232543945","7.4106035232543945"
"148","7.947620391845703","7.947620391845703","7.947620391845703"
"149","6.666073322296143","6.666073322296143","6.666073322296143"
"150","7.885796070098877","7.885796070098877","7.885796070098877"
"151","7.0876569747924805","7.0876569747924805","7.0876569747924805"
"152","8.327444076538086","8.327444076538086","8.327444076538086"
"153","8.577756881713867","8.577756881713867","8.577756881713867"
"154","6.9471588134765625","6.9471588134765625","6.9471588134765625"
"155","6.454197883605957","6.454197883605957","6.454197883605957"
"156","7.2777204513549805","7.2777204513549805","7.2777204513549805"
"157","8.230788230895996","8.230788230895996","8.230788230895996"
"158","6.229862689971924","6.229862689971924","6.229862689971924"
"159","7.522273063659668","7.522273063659668","7.522273063659668"
"160","7.013914108276367","7.013914108276367","7.013914108276367"
"161","7.428248882293701","7.428248882293701","7.428248882293701"
"162","8.399558067321777","8.399558067321777","8.399558067321777"
"163","6.699576377868652","6.699576377868652","6.699576377868652"
"164","7.4926347732543945","7.4926347732543945","7.4926347732543945"
"165","7.082798957824707","7.082798957824707","7.082798957824707"
"166","6.075284004211426","6.075284004211426","6.075284004211426"
"167","7.706348419189453","7.706348419189453","7.706348419189453"
"168","6.278007507324219","6.278007507324219","6.278007507324219"
"169","7.305541515350342","7.305541515350342","7.305541515350342"
"170","7.756895542144775","7.756895542144775","7.756895542144775"
"171","7.008668899536133","7.008668899536133","7.008668899536133"
"172","8.110782623291016","8.110782623291016","8.110782623291016"
"173","7.514673233032227","7.514673233032227","7.514673233032227"
"174","6.58425760269165","6.58425760269165","6.58425760269165"
"175","6.596092700958252","6.596092700958252","6.596092700958252"
"176","8.442917823791504","8.442917823791504","8.442917823791504"
"177","9.282045364379883","9.282045364379883","9.282045364379883"
"178","8.1646728515625","8.1646728515625","8.1646728515625"
"179","8.502327919006348","8.502327919006348","8.502327919006348"
"180","6.507078647613525","6.507078647613525","6.507078647613525"
"181","8.44437313079834","8.44437313079834","8.44437313079834"
"182","7.222846984863281","7.222846984863281","7.222846984863281"
"183","7.14799165725708","7.14799165725708","7.14799165725708"
"184","6.83634090423584","6.83634090423584","6.83634090423584"
"185","8.066290855407715","8.066290855407715","8.066290855407715"
"186","8.106064796447754","8.106064796447754","8.106064796447754"
"187","7.2990498542785645","7.2990498542785645","7.2990498542785645"
"188","6.580153465270996","6.580153465270996","6.580153465270996"
"189","7.1907148361206055","7.1907148361206055","7.1907148361206055"
"190","6.991633892059326","6.991633892059326","6.991633892059326"
"191","7.742900371551514","7.742900371551514","7.742900371551514"
"192","7.8918914794921875","7.8918914794921875","7.8918914794921875"
"193","6.6027936935424805","6.6027936935424805","6.6027936935424805"
"194","6.7917280197143555","6.7917280197143555","6.7917280197143555"
"195","7.477168083190918","7.477168083190918","7.477168083190918"
"196","6.620509624481201","6.620509624481201","6.620509624481201"
"197","7.712164878845215","7.712164878845215","7.712164878845215"
"198","7.677995681762695","7.677995681762695","7.677995681762695"
"199","6.647051811218262","6.647051811218262","6.647051811218262"
"200","6.861789703369141","6.861789703369141","6.861789703369141"
"201","8.443656921386719","8.443656921386719","8.443656921386719"
"202","8.368595123291016","8.368595123291016","8.368595123291016"
"203","8.415178298950195","8.415178298950195","8.415178298950195"
"204","6.996622085571289","6.996622085571289","6.996622085571289"
"205","7.203003406524658","7.203003406524658","7.203003406524658"
"206","7.67097282409668","7.67097282409668","7.67097282409668"
"207","6.652072906494141","6.652072906494141","6.652072906494141"
"208","7.601500988006592","7.601500988006592","7.601500988006592"
"209","7.472066879272461","7.472066879272461","7.472066879272461"
"210","7.997398376464844","7.997398376464844","7.997398376464844"
"211","6.65901517868042","6.65901517868042","6.65901517868042"
"212","6.664550304412842","6.664550304412842","6.664550304412842"
"213","9.514238357543945","9.514238357543945","9.514238357543945"
"214","8.126622200012207","8.126622200012207","8.126622200012207"
"215","6.761114597320557","6.761114597320557","6.761114597320557"
"216","6.807259559631348","6.807259559631348","6.807259559631348"
"217","6.596868991851807","6.596868991851807","6.596868991851807"
"218","7.105770111083984","7.105770111083984","7.105770111083984"
"219","7.393472671508789","7.393472671508789","7.393472671508789"
"220","7.411130905151367","7.411130905151367","7.411130905151367"
"221","6.995917320251465","6.995917320251465","6.995917320251465"
"222","8.113727569580078","8.113727569580078","8.113727569580078"
"223","7.853814601898193","7.853814601898193","7.853814601898193"
"224","6.745295524597168","6.745295524597168","6.745295524597168"
"225","7.3675713539123535","7.3675713539123535","7.3675713539123535"
"226","7.610750675201416","7.610750675201416","7.610750675201416"
"227","8.579957008361816","8.579957008361816","8.579957008361816"
"228","6.555454254150391","6.555454254150391","6.555454254150391"
"229","5.907928466796875","5.907928466796875","5.907928466796875"
"230","7.454105377197266","7.454105377197266","7.454105377197266"
"231","7.58876371383667","7.58876371383667","7.58876371383667"
"232","7.191161155700684","7.191161155700684","7.191161155700684"
"233","6.702023506164551","6.702023506164551","6.702023506164551"
"234","8.234452247619629","8.234452247619629","8.234452247619629"
"235","7.261941432952881","7.261941432952881","7.261941432952881"
"236","7.040536880493164","7.040536880493164","7.040536880493164"
"237","6.9346723556518555","6.9346723556518555","6.9346723556518555"
"238","8.128154754638672","8.128154754638672","8.128154754638672"
"239","6.436500072479248","6.436500072479248","6.436500072479248"
"240","9.165733337402344","9.165733337402344","9.165733337402344"
"241","7.7257981300354","7.7257981300354","7.7257981300354"
"242","6.403874397277832","6.403874397277832","6.403874397277832"
"243","8.143631935119629","8.143631935119629","8.143631935119629"
"244","6.765092372894287","6.765092372894287","6.765092372894287"
"245","7.038254261016846","7.038254261016846","7.038254261016846"
"246","7.716472625732422","7.716472625732422","7.716472625732422"
"247","7.9341535568237305","7.9341535568237305","7.9341535568237305"
"248","6.5151872634887695","6.5151872634887695","6.5151872634887695"
"249","6.871082305908203","6.871082305908203","6.871082305908203"
"250","7.527659893035889","7.527659893035889","7.527659893035889"
"251","7.190319061279297","7.190319061279297","7.190319061279297"
"252","6.670940399169922","6.670940399169922","6.670940399169922"
"253","5.946302890777588","5.946302890777588","5.946302890777588"
"254","6.626821994781494","6.626821994781494","6.626821994781494"
"255","7.727446556091309","7.727446556091309","7.727446556091309"
"256","7.648014545440674","7.648014545440674","7.648014545440674"
"257","7.461192607879639","7.461192607879639","7.461192607879639"
"258","7.589069366455078","7.589069366455078","7.589069366455078"
"259","6.6212053298950195","6.6212053298950195","6.6212053298950195"
"260","7.628109455108643","7.628109455108643","7.628109455108643"
"261","6.6050238609313965","6.6050238609313965","6.6050238609313965"
"262","7.83573055267334","7.83573055267334","7.83573055267334"
"263","8.099634170532227","8.099634170532227","8.099634170532227"
"264","7.628875732421875","7.628875732421875","7.628875732421875"
"265","6.736222743988037","6.736222743988037","6.736222743988037"
"266","7.601789951324463","7.601789951324463","7.601789951324463"
"267","7.23981237411499","7.23981237411499","7.23981237411499"
"268","8.118033409118652","8.118033409118652","8.118033409118652"
"269","7.384737491607666","7.384737491607666","7.384737491607666"
"270","8.222809791564941","8.222809791564941","8.222809791564941"
"271","7.090396881103516","7.090396881103516","7.090396881103516"
"272","6.881241798400879","6.881241798400879","6.881241798400879"
"273","7.131751537322998","7.131751537322998","7.131751537322998"
"274","8.029597282409668","8.029597282409668","8.029597282409668"
"275","7.615242958068848","7.615242958068848","7.615242958068848"
"276","7.737236976623535","7.737236976623535","7.737236976623535"
"277","6.2112040519714355","6.2112040519714355","6.2112040519714355"
"278","7.077837944030762","7.077837944030762","7.077837944030762"
"279","7.772978782653809","7.772978782653809","7.772978782653809"
"280","7.157993316650391","7.157993316650391","7.157993316650391"
"281","6.949474334716797","6.949474334716797","6.949474334716797"
"282","8.356184959411621","8.356184959411621","8.356184959411621"
"283","7.139049053192139","7.139049053192139","7.139049053192139"
"284","6.184802055358887","6.184802055358887","6.184802055358887"
"285","7.707150459289551","7.707150459289551","7.707150459289551"
"286","6.9476165771484375","6.9476165771484375","6.9476165771484375"
"287","7.806969165802002","7.806969165802002","7.806969165802002"
"288","7.396836757659912","7.396836757659912","7.396836757659912"
"289","7.228555679321289","7.228555679321289","7.228555679321289"
"290","6.744414806365967","6.744414806365967","6.744414806365967"
"291","8.100737571716309","8.100737571716309","8.100737571716309"
"292","6.625338077545166","6.625338077545166","6.625338077545166"
"293","6.623237609863281","6.623237609863281","6.623237609863281"
"294","8.600181579589844","8.600181579589844","8.600181579589844"
"295","6.766538143157959","6.766538143157959","6.766538143157959"
"296","7.397306442260742","7.397306442260742","7.397306442260742"
"297","6.853682041168213","6.853682041168213","6.853682041168213"
"298","8.331727981567383","8.331727981567383","8.331727981567383"
"299","7.553915977478027","7.553915977478027","7.553915977478027"
"300","7.832666873931885","7.832666873931885","7.832666873931885"
"301","6.294275283813477","6.294275283813477","6.294275283813477"
"302","8.426969528198242","8.426969528198242","8.426969528198242"
"303","6.529874324798584","6.529874324798584","6.529874324798584"
"304","6.941989898681641","6.941989898681641","6.941989898681641"
"305","7.000872611999512","7.000872611999512","7.000872611999512"
"306","7.684736251831055","7.684736251831055","7.684736251831055"
"307","7.647900104522705","7.647900104522705","7.647900104522705"
"308","6.5806050300598145","6.5806050300598145","6.5806050300598145"
"309","7.230016231536865","7.230016231536865","7.230016231536865"
"310","7.5101637840271","7.5101637840271","7.5101637840271"
"311","7.436514377593994","7.436514377593994","7.436514377593994"
"312","6.103641986846924","6.103641986846924","6.103641986846924"
"313","7.949740886688232","7.949740886688232","7.949740886688232"
"314","6.92279577255249","6.92279577255249","6.92279577255249"
"315","7.922898292541504","7.922898292541504","7.922898292541504"
"316","7.9108195304870605","7.9108195304870605","7.9108195304870605"
"317","8.26379680633545","8.26379680633545","8.26379680633545"
"318","6.567205905914307","6.567205905914307","6.567205905914307"
"319","6.873148441314697","6.873148441314697","6.873148441314697"
"320","7.3846659660339355","7.3846659660339355","7.3846659660339355"
"321","6.713383674621582","6.713383674621582","6.713383674621582"
"322","6.2780890464782715","6.2780890464782715","6.2780890464782715"
"323","8.348854064941406","8.348854064941406","8.348854064941406"
"324","8.684765815734863","8.684765815734863","8.684765815734863"
"325","7.243173122406006","7.243173122406006","7.243173122406006"
"326","7.551472187042236","7.551472187042236","7.551472187042236"
"327","7.7666096687316895","7.7666096687316895","7.7666096687316895"
"328","7.320137023925781","7.320137023925781","7.320137023925781"
"329","7.22376012802124","7.22376012802124","7.22376012802124"
"330","8.2286376953125","8.2286376953125","8.2286376953125"
"331","7.952111721038818","7.952111721038818","7.952111721038818"
"332","7.683952808380127","7.683952808380127","7.683952808380127"
"333","6.411750316619873","6.411750316619873","6.411750316619873"
"334","8.414528846740723","8.414528846740723","8.414528846740723"
"335","7.204488277435303","7.204488277435303","7.204488277435303"
"336","7.326387882232666","7.326387882232666","7.326387882232666"
"337","7.348285675048828","7.348285675048828","7.348285675048828"
"338","7.123361587524414","7.123361587524414","7.123361587524414"
"339","8.401422500610352","8.401422500610352","8.401422500610352"
"340","8.16386890411377","8.16386890411377","8.16386890411377"
"341","8.71989917755127","8.71989917755127","8.71989917755127"
"342","7.163520336151123","7.163520336151123","7.163520336151123"
"343","7.2079267501831055","7.2079267501831055","7.2079267501831055"
"344","6.783657073974609","6.783657073974609","6.783657073974609"
"345","8.040983200073242","8.040983200073242","8.040983200073242"
"346","6.617274761199951","6.617274761199951","6.617274761199951"
"347","6.9369964599609375","6.9369964599609375","6.9369964599609375"
"348","7.553844928741455","7.553844928741455","7.553844928741455"
"349","7.909668445587158","7.909668445587158","7.909668445587158"
"350","7.139846324920654","7.139846324920654","7.139846324920654"
"351","6.842658042907715","6.842658042907715","6.842658042907715"
"352","7.018363952636719","7.018363952636719","7.018363952636719"
"353","7.708901882171631","7.708901882171631","7.708901882171631"
"354","8.774250984191895","8.774250984191895","8.774250984191895"
"355","7.026846885681152","7.026846885681152","7.026846885681152"
"356","6.753551483154297","6.753551483154297","6.753551483154297"
"357","7.7965850830078125","7.7965850830078125","7.7965850830078125"
"358","6.7115302085876465","6.7115302085876465","6.7115302085876465"
"359","8.296051025390625","8.296051025390625","8.296051025390625"
"360","6.861186981201172","6.861186981201172","6.861186981201172"
"361","7.120039939880371","7.120039939880371","7.120039939880371"
"362","7.159664154052734","7.159664154052734","7.159664154052734"
"363","6.0084428787231445","6.0084428787231445","6.0084428787231445"
"364","8.987398147583008","8.987398147583008","8.987398147583008"
"365","7.276839733123779","7.276839733123779","7.276839733123779"
"366","7.330753326416016","7.330753326416016","7.330753326416016"
"367","8.508570671081543","8.508570671081543","8.508570671081543"
"368","8.424539566040039","8.424539566040039","8.424539566040039"
"369","8.971900939941406","8.971900939941406","8.971900939941406"
"370","6.9044904708862305","6.9044904708862305","6.9044904708862305"
"371","7.419508457183838","7.419508457183838","7.419508457183838"
"372","6.855379581451416","6.855379581451416","6.855379581451416"
"373","7.874334335327148","7.874334335327148","7.874334335327148"
"374","7.6372389793396","7.6372389793396","7.6372389793396"
"375","6.892690658569336","6.892690658569336","6.892690658569336"
"376","7.4697442054748535","7.4697442054748535","7.4697442054748535"
"377","7.441084384918213","7.441084384918213","7.441084384918213"
"378","8.917376518249512","8.917376518249512","8.917376518249512"
"379","7.167584419250488","7.167584419250488","7.167584419250488"
"380","7.300665855407715","7.300665855407715","7.300665855407715"
"381","7.363115310668945","7.363115310668945","7.363115310668945"
"382","7.09124231338501","7.09124231338501","7.09124231338501"
"383","7.298739433288574","7.298739433288574","7.298739433288574"
"384","8.636107444763184","8.636107444763184","8.636107444763184"
"385","7.95379638671875","7.95379638671875","7.95379638671875"
"386","8.378841400146484","8.378841400146484","8.378841400146484"
"387","7.541971206665039","7.541971206665039","7.541971206665039"
"388","6.5435614585876465","6.5435614585876465","6.5435614585876465"
"389","6.554237365722656","6.554237365722656","6.554237365722656"
"390","7.415595054626465","7.415595054626465","7.415595054626465"
"391","8.692625045776367","8.692625045776367","8.692625045776367"
"392","7.253782749176025","7.253782749176025","7.253782749176025"
"393","6.615080833435059","6.615080833435059","6.615080833435059"
"394","7.172987461090088","7.172987461090088","7.172987461090088"
"395","8.087066650390625","8.087066650390625","8.087066650390625"
"396","8.571422576904297","8.571422576904297","8.571422576904297"
"397","7.201024532318115","7.201024532318115","7.201024532318115"
"398","6.9782562255859375","6.9782562255859375","6.9782562255859375"
"399","7.854660511016846","7.854660511016846","7.854660511016846"
"400","7.279926300048828","7.279926300048828","7.279926300048828"
"401","6.959659576416016","6.959659576416016","6.959659576416016"
"402","7.559530735015869","7.559530735015869","7.559530735015869"
"403","6.951387405395508","6.951387405395508","6.951387405395508"
"404","7.692352771759033","7.692352771759033","7.692352771759033"
"405","7.166190147399902","7.166190147399902","7.166190147399902"
"406","6.802866458892822","6.802866458892822","6.802866458892822"
"407","8.701438903808594","8.701438903808594","8.701438903808594"
"408","6.148524284362793","6.148524284362793","6.148524284362793"
"409","7.301732540130615","7.301732540130615","7.301732540130615"
"410","7.022443771362305","7.022443771362305","7.022443771362305"
"411","6.088350772857666","6.088350772857666","6.088350772857666"
"412","7.054863929748535","7.054863929748535","7.054863929748535"
"413","7.024468898773193","7.024468898773193","7.024468898773193"
"414","7.934732437133789","7.934732437133789","7.934732437133789"
"415","6.737115383148193","6.737115383148193","6.737115383148193"
"416","7.532889366149902","7.532889366149902","7.532889366149902"
"417","7.586723804473877","7.586723804473877","7.586723804473877"
"418","7.710870265960693","7.710870265960693","7.710870265960693"
"419","7.339885234832764","7.339885234832764","7.339885234832764"
"420","7.995270729064941","7.995270729064941","7.995270729064941"
"421","6.23883056640625","6.23883056640625","6.23883056640625"
"422","6.4937968254089355","6.4937968254089355","6.4937968254089355"
"423","6.744454383850098","6.744454383850098","6.744454383850098"
"424","7.022720813751221","7.022720813751221","7.022720813751221"
"425","6.6256866455078125","6.6256866455078125","6.6256866455078125"
"426","6.503758907318115","6.503758907318115","6.503758907318115"
"427","8.244646072387695","8.244646072387695","8.244646072387695"
"428","7.507155895233154","7.507155895233154","7.507155895233154"
"429","6.359255790710449","6.359255790710449","6.359255790710449"
"430","6.798722743988037","6.798722743988037","6.798722743988037"
"431","6.030506610870361","6.030506610870361","6.030506610870361"
"432","6.470788955688477","6.470788955688477","6.470788955688477"
"433","6.70530366897583","6.70530366897583","6.70530366897583"
"434","7.456435203552246","7.456435203552246","7.456435203552246"
"435","8.315716743469238","8.315716743469238","8.315716743469238"
"436","8.572277069091797","8.572277069091797","8.572277069091797"
"437","6.903246879577637","6.903246879577637","6.903246879577637"
"438","7.441220760345459","7.441220760345459","7.441220760345459"
"439","7.3645339012146","7.3645339012146","7.3645339012146"
"440","8.280007362365723","8.280007362365723","8.280007362365723"
"441","6.8354926109313965","6.8354926109313965","6.8354926109313965"
"442","8.260927200317383","8.260927200317383","8.260927200317383"
"443","7.552529335021973","7.552529335021973","7.552529335021973"
"444","6.40894889831543","6.40894889831543","6.40894889831543"
"445","8.85601806640625","8.85601806640625","8.85601806640625"
"446","7.618532180786133","7.618532180786133","7.618532180786133"
"447","7.150435447692871","7.150435447692871","7.150435447692871"
"448","7.082259178161621","7.082259178161621","7.082259178161621"
"449","9.587432861328125","9.587432861328125","9.587432861328125"
"450","7.674920082092285","7.674920082092285","7.674920082092285"
"451","7.591548442840576","7.591548442840576","7.591548442840576"
"452","6.778386116027832","6.778386116027832","6.778386116027832"
"453","6.874359130859375","6.874359130859375","6.874359130859375"
"454","7.772708892822266","7.772708892822266","7.772708892822266"
"455","8.803621292114258","8.803621292114258","8.803621292114258"
"456","8.122557640075684","8.122557640075684","8.122557640075684"
"457","7.283956527709961","7.283956527709961","7.283956527709961"
"458","6.923603534698486","6.923603534698486","6.923603534698486"
"459","7.520526885986328","7.520526885986328","7.520526885986328"
"460","7.238149642944336","7.238149642944336","7.238149642944336"
"461","7.045488357543945","7.045488357543945","7.045488357543945"
"462","7.602149486541748","7.602149486541748","7.602149486541748"
"463","7.613790512084961","7.613790512084961","7.613790512084961"
"464","6.659224510192871","6.659224510192871","6.659224510192871"
"465","7.453191757202148","7.453191757202148","7.453191757202148"
"466","7.933864593505859","7.933864593505859","7.933864593505859"
"467","7.278503894805908","7.278503894805908","7.278503894805908"
"468","7.462693691253662","7.462693691253662","7.462693691253662"
"469","6.331017017364502","6.331017017364502","6.331017017364502"
"470","7.468754768371582","7.468754768371582","7.468754768371582"
"471","6.871860504150391","6.871860504150391","6.871860504150391"
"472","7.5351057052612305","7.5351057052612305","7.5351057052612305"
"473","7.7725629806518555","7.7725629806518555","7.7725629806518555"
"474","8.295793533325195","8.295793533325195","8.295793533325195"
"475","7.424448490142822","7.424448490142822","7.424448490142822"
"476","6.749266147613525","6.749266147613525","6.749266147613525"
"477","7.063232898712158","7.063232898712158","7.063232898712158"
"478","6.218713283538818","6.218713283538818","6.218713283538818"
"479","6.803084850311279","6.803084850311279","6.803084850311279"
"480","6.928963661193848","6.928963661193848","6.928963661193848"
"481","7.928309440612793","7.928309440612793","7.928309440612793"
"482","5.999015808105469","5.999015808105469","5.999015808105469"
"483","7.637621879577637","7.637621879577637","7.637621879577637"
"484","6.914952754974365","6.914952754974365","6.914952754974365"
"485","7.887073040008545","7.887073040008545","7.887073040008545"
"486","9.388264656066895","9.388264656066895","9.388264656066895"
"487","7.7769904136657715","7.7769904136657715","7.7769904136657715"
"488","7.535172939300537","7.535172939300537","7.535172939300537"
"489","6.540144443511963","6.540144443511963","6.540144443511963"
"490","6.728060245513916","6.728060245513916","6.728060245513916"
"491","7.917819976806641","7.917819976806641","7.917819976806641"
"492","7.041662216186523","7.041662216186523","7.041662216186523"
"493","7.850241661071777","7.850241661071777","7.850241661071777"
"494","6.9317426681518555","6.9317426681518555","6.9317426681518555"
"495","7.965756893157959","7.965756893157959","7.965756893157959"
"496","7.193113327026367","7.193113327026367","7.193113327026367"
"497","7.724769592285156","7.724769592285156","7.724769592285156"
"498","6.398909568786621","6.398909568786621","6.398909568786621"
"499","7.04178524017334","7.04178524017334","7.04178524017334"
"500","6.369387149810791","6.369387149810791","6.369387149810791"
"501","6.225727558135986","6.225727558135986","6.225727558135986"
"502","6.749113082885742","6.749113082885742","6.749113082885742"
"503","7.780428409576416","7.780428409576416","7.780428409576416"
"504","7.879319190979004","7.879319190979004","7.879319190979004"
"505","8.008047103881836","8.008047103881836","8.008047103881836"
"506","7.695505619049072","7.695505619049072","7.695505619049072"
"507","6.997221946716309","6.997221946716309","6.997221946716309"
"508","6.1319661140441895","6.1319661140441895","6.1319661140441895"
"509","6.865030288696289","6.865030288696289","6.865030288696289"
"510","5.566164493560791","5.566164493560791","5.566164493560791"
"511","5.9185895919799805","5.9185895919799805","5.9185895919799805"
"512","7.856657981872559","7.856657981872559","7.856657981872559"
"513","6.790623664855957","6.790623664855957","6.790623664855957"
"514","7.348954677581787","7.348954677581787","7.348954677581787"
"515","8.090217590332031","8.090217590332031","8.090217590332031"
"516","6.778493404388428","6.778493404388428","6.778493404388428"
"517","6.9654364585876465","6.9654364585876465","6.9654364585876465"
"518","7.624445915222168","7.624445915222168","7.624445915222168"
"519","7.93879508972168","7.93879508972168","7.93879508972168"
"520","7.050732135772705","7.050732135772705","7.050732135772705"
"521","6.508758068084717","6.508758068084717","6.508758068084717"
"522","7.0419840812683105","7.0419840812683105","7.0419840812683105"
"523","8.352581977844238","8.352581977844238","8.352581977844238"
"524","7.001475811004639","7.001475811004639","7.001475811004639"
"525","7.682918071746826","7.682918071746826","7.682918071746826"
"526","7.654367446899414","7.654367446899414","7.654367446899414"
"527","7.4012041091918945","7.4012041091918945","7.4012041091918945"
"528","6.396308898925781","6.396308898925781","6.396308898925781"
"529","7.159516334533691","7.159516334533691","7.159516334533691"
"530","9.962664604187012","9.962664604187012","9.962664604187012"
"531","7.601909160614014","7.601909160614014","7.601909160614014"
"532","8.500391006469727","8.500391006469727","8.500391006469727"
"533","7.334840774536133","7.334840774536133","7.334840774536133"
"534","7.557494640350342","7.557494640350342","7.557494640350342"
"535","5.937699317932129","5.937699317932129","5.937699317932129"
"536","6.617312431335449","6.617312431335449","6.617312431335449"
"537","7.021975040435791","7.021975040435791","7.021975040435791"
"538","6.459631443023682","6.459631443023682","6.459631443023682"
"539","8.234102249145508","8.234102249145508","8.234102249145508"
"540","6.76810884475708","6.76810884475708","6.76810884475708"
"541","6.084303379058838","6.084303379058838","6.084303379058838"
"542","7.4357500076293945","7.4357500076293945","7.4357500076293945"
"543","6.202682971954346","6.202682971954346","6.202682971954346"
"544","7.569811820983887","7.569811820983887","7.569811820983887"
"545","7.020343780517578","7.020343780517578","7.020343780517578"
"546","6.999438285827637","6.999438285827637","6.999438285827637"
"547","7.767995834350586","7.767995834350586","7.767995834350586"
"548","8.301586151123047","8.301586151123047","8.301586151123047"
"549","8.180184364318848","8.180184364318848","8.180184364318848"
"550","7.590678691864014","7.590678691864014","7.590678691864014"
"551","6.791837215423584","6.791837215423584","6.791837215423584"
"552","7.728045463562012","7.728045463562012","7.728045463562012"
"553","7.073314189910889","7.073314189910889","7.073314189910889"
"554","7.312567234039307","7.312567234039307","7.312567234039307"
"555","7.2825422286987305","7.2825422286987305","7.2825422286987305"
"556","7.144225597381592","7.144225597381592","7.144225597381592"
"557","7.660025596618652","7.660025596618652","7.660025596618652"
"558","7.685587406158447","7.685587406158447","7.685587406158447"
"559","7.531301021575928","7.531301021575928","7.531301021575928"
"560","7.269627094268799","7.269627094268799","7.269627094268799"
"561","7.812947750091553","7.812947750091553","7.812947750091553"
"562","7.7364501953125","7.7364501953125","7.7364501953125"
"563","8.273628234863281","8.273628234863281","8.273628234863281"
"564","7.503091812133789","7.503091812133789","7.503091812133789"
"565","7.603567123413086","7.603567123413086","7.603567123413086"
"566","8.684216499328613","8.684216499328613","8.684216499328613"
"567","6.953466415405273","6.953466415405273","6.953466415405273"
"568","8.127604484558105","8.127604484558105","8.127604484558105"
"569","7.050541877746582","7.050541877746582","7.050541877746582"
"570","7.072692394256592","7.072692394256592","7.072692394256592"
"571","7.775208950042725","7.775208950042725","7.775208950042725"
"572","7.312673091888428","7.312673091888428","7.312673091888428"
"573","7.278995037078857","7.278995037078857","7.278995037078857"
"574","7.578174591064453","7.578174591064453","7.578174591064453"
"575","6.905852794647217","6.905852794647217","6.905852794647217"
"576","8.096702575683594","8.096702575683594","8.096702575683594"
"577","7.917692184448242","7.917692184448242","7.917692184448242"
"578","7.618828296661377","7.618828296661377","7.618828296661377"
"579","6.950271129608154","6.950271129608154","6.950271129608154"
"580","7.647902011871338","7.647902011871338","7.647902011871338"
"581","6.061252593994141","6.061252593994141","6.061252593994141"
"582","6.578333377838135","6.578333377838135","6.578333377838135"
"583","7.441667556762695","7.441667556762695","7.441667556762695"
"584","7.367917060852051","7.367917060852051","7.367917060852051"
"585","6.783330917358398","6.783330917358398","6.783330917358398"
"586","5.630900859832764","5.630900859832764","5.630900859832764"
"587","7.45511531829834","7.45511531829834","7.45511531829834"
"588","8.195952415466309","8.195952415466309","8.195952415466309"
"589","8.196470260620117","8.196470260620117","8.196470260620117"
"590","7.24217414855957","7.24217414855957","7.24217414855957"
"591","7.270188331604004","7.270188331604004","7.270188331604004"
"592","6.824403285980225","6.824403285980225","6.824403285980225"
"593","8.889472961425781","8.889472961425781","8.889472961425781"
"594","6.317702293395996","6.317702293395996","6.317702293395996"
"595","7.299333572387695","7.299333572387695","7.299333572387695"
"596","8.409480094909668","8.409480094909668","8.409480094909668"
"597","6.868720054626465","6.868720054626465","6.868720054626465"
"598","7.294732093811035","7.294732093811035","7.294732093811035"
"599","8.037260055541992","8.037260055541992","8.037260055541992"
"600","8.308965682983398","8.308965682983398","8.308965682983398"
"601","6.722437381744385","6.722437381744385","6.722437381744385"
"602","6.842790126800537","6.842790126800537","6.842790126800537"
"603","7.303577899932861","7.303577899932861","7.303577899932861"
"604","6.567839622497559","6.567839622497559","6.567839622497559"
"605","6.38969612121582","6.38969612121582","6.38969612121582"
"606","7.2773027420043945","7.2773027420043945","7.2773027420043945"
"607","8.217670440673828","8.217670440673828","8.217670440673828"
"608","7.757205486297607","7.757205486297607","7.757205486297607"
"609","7.178884983062744","7.178884983062744","7.178884983062744"
"610","7.168025970458984","7.168025970458984","7.168025970458984"
"611","6.270670413970947","6.270670413970947","6.270670413970947"
"612","6.394503116607666","6.394503116607666","6.394503116607666"
"613","7.89495849609375","7.89495849609375","7.89495849609375"
"614","8.122087478637695","8.122087478637695","8.122087478637695"
"615","9.298057556152344","9.298057556152344","9.298057556152344"
"616","7.785244941711426","7.785244941711426","7.785244941711426"
"617","7.419912815093994","7.419912815093994","7.419912815093994"
"618","7.581705093383789","7.581705093383789","7.581705093383789"
"619","7.531157970428467","7.531157970428467","7.531157970428467"
"620","6.99296760559082","6.99296760559082","6.99296760559082"
"621","7.104950904846191","7.104950904846191","7.104950904846191"
"622","8.002742767333984","8.002742767333984","8.002742767333984"
"623","7.167818546295166","7.167818546295166","7.167818546295166"
"624","7.073333263397217","7.073333263397217","7.073333263397217"
"625","6.397676467895508","6.397676467895508","6.397676467895508"
"626","6.579438209533691","6.579438209533691","6.579438209533691"
"627","6.603519916534424","6.603519916534424","6.603519916534424"
"628","7.883481979370117","7.883481979370117","7.883481979370117"
"629","7.440403938293457","7.440403938293457","7.440403938293457"
"630","7.034711837768555","7.034711837768555","7.034711837768555"
"631","7.3725738525390625","7.3725738525390625","7.3725738525390625"
"632","8.60798168182373","8.60798168182373","8.60798168182373"
"633","6.7776780128479","6.7776780128479","6.7776780128479"
"634","8.03905963897705","8.03905963897705","8.03905963897705"
"635","7.000896453857422","7.000896453857422","7.000896453857422"
"636","6.741684913635254","6.741684913635254","6.741684913635254"
"637","7.083935260772705","7.083935260772705","7.083935260772705"
"638","7.791753768920898","7.791753768920898","7.791753768920898"
"639","7.366913795471191","7.366913795471191","7.366913795471191"
"640","7.449222564697266","7.449222564697266","7.449222564697266"
"641","7.3587646484375","7.3587646484375","7.3587646484375"
"642","7.899848461151123","7.899848461151123","7.899848461151123"
"643","7.914702415466309","7.914702415466309","7.914702415466309"
"644","7.966064453125","7.966064453125","7.966064453125"
"645","7.902522563934326","7.902522563934326","7.902522563934326"
"646","6.4040422439575195","6.4040422439575195","6.4040422439575195"
"647","8.253501892089844","8.253501892089844","8.253501892089844"
"648","5.947560787200928","5.947560787200928","5.947560787200928"
"649","8.06509017944336","8.06509017944336","8.06509017944336"
"650","7.012159824371338","7.012159824371338","7.012159824371338"
"651","5.903907775878906","5.903907775878906","5.903907775878906"
"652","7.991386890411377","7.991386890411377","7.991386890411377"
"653","8.183874130249023","8.183874130249023","8.183874130249023"
"654","6.103865623474121","6.103865623474121","6.103865623474121"
"655","7.288322448730469","7.288322448730469","7.288322448730469"
"656","7.890528202056885","7.890528202056885","7.890528202056885"
"657","6.767976760864258","6.767976760864258","6.767976760864258"
"658","7.4199442863464355","7.4199442863464355","7.4199442863464355"
"659","7.158504486083984","7.158504486083984","7.158504486083984"
"660","8.107439994812012","8.107439994812012","8.107439994812012"
"661","6.75400447845459","6.75400447845459","6.75400447845459"
"662","7.345418453216553","7.345418453216553","7.345418453216553"
"663","7.511800289154053","7.511800289154053","7.511800289154053"
"664","6.23723030090332","6.23723030090332","6.23723030090332"
"665","7.05080509185791","7.05080509185791","7.05080509185791"
"666","7.599987030029297","7.599987030029297","7.599987030029297"
"667","7.670262813568115","7.670262813568115","7.670262813568115"
"668","7.906540870666504","7.906540870666504","7.906540870666504"
"669","7.055403709411621","7.055403709411621","7.055403709411621"
"670","7.746740341186523","7.746740341186523","7.746740341186523"
"671","6.791090965270996","6.791090965270996","6.791090965270996"
"672","6.448542594909668","6.448542594909668","6.448542594909668"
"673","7.682234287261963","7.682234287261963","7.682234287261963"
"674","6.833563804626465","6.833563804626465","6.833563804626465"
"675","7.029000282287598","7.029000282287598","7.029000282287598"
"676","7.1517133712768555","7.1517133712768555","7.1517133712768555"
"677","10.397591590881348","10.397591590881348","10.397591590881348"
"678","7.629620552062988","7.629620552062988","7.629620552062988"
"679","8.276580810546875","8.276580810546875","8.276580810546875"
"680","8.04793930053711","8.04793930053711","8.04793930053711"
"681","8.03780460357666","8.03780460357666","8.03780460357666"
"682","7.538031578063965","7.538031578063965","7.538031578063965"
"683","7.402827739715576","7.402827739715576","7.402827739715576"
"684","7.4128851890563965","7.4128851890563965","7.4128851890563965"
"685","7.441893577575684","7.441893577575684","7.441893577575684"
"686","7.518404006958008","7.518404006958008","7.518404006958008"
"687","7.835831165313721","7.835831165313721","7.835831165313721"
"688","7.915289878845215","7.915289878845215","7.915289878845215"
"689","5.301176071166992","5.301176071166992","5.301176071166992"
"690","7.283787727355957","7.283787727355957","7.283787727355957"
"691","7.617830276489258","7.617830276489258","7.617830276489258"
"692","6.836038112640381","6.836038112640381","6.836038112640381"
"693","8.013981819152832","8.013981819152832","8.013981819152832"
"694","7.387962341308594","7.387962341308594","7.387962341308594"
"695","7.4311370849609375","7.4311370849609375","7.4311370849609375"
"696","8.175761222839355","8.175761222839355","8.175761222839355"
"697","6.453998565673828","6.453998565673828","6.453998565673828"
"698","8.012917518615723","8.012917518615723","8.012917518615723"
"699","7.824007987976074","7.824007987976074","7.824007987976074"
"700","7.115067958831787","7.115067958831787","7.115067958831787"
"701","7.869934558868408","7.869934558868408","7.869934558868408"
"702","7.802819728851318","7.802819728851318","7.802819728851318"
"703","7.108588218688965","7.108588218688965","7.108588218688965"
"704","6.264040946960449","6.264040946960449","6.264040946960449"
"705","6.694342136383057","6.694342136383057","6.694342136383057"
"706","8.044782638549805","8.044782638549805","8.044782638549805"
"707","7.727197170257568","7.727197170257568","7.727197170257568"
"708","8.0894136428833","8.0894136428833","8.0894136428833"
"709","7.444385051727295","7.444385051727295","7.444385051727295"
"710","7.21961784362793","7.21961784362793","7.21961784362793"
"711","6.6542067527771","6.6542067527771","6.6542067527771"
"712","8.30051040649414","8.30051040649414","8.30051040649414"
"713","6.033610820770264","6.033610820770264","6.033610820770264"
"714","6.208242416381836","6.208242416381836","6.208242416381836"
"715","7.6078667640686035","7.6078667640686035","7.6078667640686035"
"716","7.559757232666016","7.559757232666016","7.559757232666016"
"717","7.352874279022217","7.352874279022217","7.352874279022217"
"718","7.631369113922119","7.631369113922119","7.631369113922119"
"719","7.554994106292725","7.554994106292725","7.554994106292725"
"720","7.344071388244629","7.344071388244629","7.344071388244629"
"721","6.89356803894043","6.89356803894043","6.89356803894043"
"722","7.827253341674805","7.827253341674805","7.827253341674805"
"723","6.670407295227051","6.670407295227051","6.670407295227051"
"724","7.610547065734863","7.610547065734863","7.610547065734863"
"725","6.379829406738281","6.379829406738281","6.379829406738281"
"726","7.368045330047607","7.368045330047607","7.368045330047607"
"727","6.978560924530029","6.978560924530029","6.978560924530029"
"728","7.811844825744629","7.811844825744629","7.811844825744629"
"729","7.332507610321045","7.332507610321045","7.332507610321045"
"730","6.125732898712158","6.125732898712158","6.125732898712158"
"731","7.4594407081604","7.4594407081604","7.4594407081604"
"732","6.765900135040283","6.765900135040283","6.765900135040283"
"733","6.700322151184082","6.700322151184082","6.700322151184082"
"734","7.311697483062744","7.311697483062744","7.311697483062744"
"735","6.550516128540039","6.550516128540039","6.550516128540039"
"736","7.4796552658081055","7.4796552658081055","7.4796552658081055"
"737","7.708765983581543","7.708765983581543","7.708765983581543"
"738","7.719188213348389","7.719188213348389","7.719188213348389"
"739","8.678840637207031","8.678840637207031","8.678840637207031"
"740","6.524410247802734","6.524410247802734","6.524410247802734"
"741","6.531989097595215","6.531989097595215","6.531989097595215"
"742","6.262660503387451","6.262660503387451","6.262660503387451"
"743","7.241434097290039","7.241434097290039","7.241434097290039"
"744","8.214536666870117","8.214536666870117","8.214536666870117"
"745","7.647874355316162","7.647874355316162","7.647874355316162"
"746","6.70183801651001","6.70183801651001","6.70183801651001"
"747","7.288849353790283","7.288849353790283","7.288849353790283"
"748","6.907500743865967","6.907500743865967","6.907500743865967"
"749","8.499985694885254","8.499985694885254","8.499985694885254"
"750","7.032591342926025","7.032591342926025","7.032591342926025"
"751","6.929956436157227","6.929956436157227","6.929956436157227"
"752","7.714044570922852","7.714044570922852","7.714044570922852"
"753","7.485463619232178","7.485463619232178","7.485463619232178"
"754","6.764996528625488","6.764996528625488","6.764996528625488"
"755","7.097317695617676","7.097317695617676","7.097317695617676"
"756","6.900341033935547","6.900341033935547","6.900341033935547"
"757","7.205686092376709","7.205686092376709","7.205686092376709"
"758","6.631951332092285","6.631951332092285","6.631951332092285"
"759","7.601386070251465","7.601386070251465","7.601386070251465"
"760","7.030556678771973","7.030556678771973","7.030556678771973"
"761","7.4160871505737305","7.4160871505737305","7.4160871505737305"
"762","7.607810020446777","7.607810020446777","7.607810020446777"
"763","6.227272033691406","6.227272033691406","6.227272033691406"
"764","6.624874114990234","6.624874114990234","6.624874114990234"
"765","6.937729358673096","6.937729358673096","6.937729358673096"
"766","7.666956424713135","7.666956424713135","7.666956424713135"
"767","8.42634391784668","8.42634391784668","8.42634391784668"
"768","6.726702690124512","6.726702690124512","6.726702690124512"
"769","6.758960247039795","6.758960247039795","6.758960247039795"
"770","7.370718002319336","7.370718002319336","7.370718002319336"
"771","7.774550437927246","7.774550437927246","7.774550437927246"
"772","7.986655235290527","7.986655235290527","7.986655235290527"
"773","7.562907695770264","7.562907695770264","7.562907695770264"
"774","6.298169136047363","6.298169136047363","6.298169136047363"
"775","7.087439060211182","7.087439060211182","7.087439060211182"
"776","7.161873817443848","7.161873817443848","7.161873817443848"
"777","7.3503923416137695","7.3503923416137695","7.3503923416137695"
"778","7.473750591278076","7.473750591278076","7.473750591278076"
"779","6.304229736328125","6.304229736328125","6.304229736328125"
"780","8.36247444152832","8.36247444152832","8.36247444152832"
"781","7.918121337890625","7.918121337890625","7.918121337890625"
"782","6.866718769073486","6.866718769073486","6.866718769073486"
"783","5.385584831237793","5.385584831237793","5.385584831237793"
"784","7.119235038757324","7.119235038757324","7.119235038757324"
"785","7.474174499511719","7.474174499511719","7.474174499511719"
"786","6.722302436828613","6.722302436828613","6.722302436828613"
"787","7.753093242645264","7.753093242645264","7.753093242645264"
"788","8.21449089050293","8.21449089050293","8.21449089050293"
"789","6.8016133308410645","6.8016133308410645","6.8016133308410645"
"790","7.806474208831787","7.806474208831787","7.806474208831787"
"791","7.1066083908081055","7.1066083908081055","7.1066083908081055"
"792","8.893937110900879","8.893937110900879","8.893937110900879"
"793","7.5843915939331055","7.5843915939331055","7.5843915939331055"
"794","7.05428409576416","7.05428409576416","7.05428409576416"
"795","6.952075481414795","6.952075481414795","6.952075481414795"
"796","7.814847946166992","7.814847946166992","7.814847946166992"
"797","7.722847938537598","7.722847938537598","7.722847938537598"
"798","7.637171268463135","7.637171268463135","7.637171268463135"
"799","7.130393981933594","7.130393981933594","7.130393981933594"
"800","6.7329936027526855","6.7329936027526855","6.7329936027526855"
"801","7.476049423217773","7.476049423217773","7.476049423217773"
"802","7.708174228668213","7.708174228668213","7.708174228668213"
"803","6.704092025756836","6.704092025756836","6.704092025756836"
"804","6.939791679382324","6.939791679382324","6.939791679382324"
"805","6.654234886169434","6.654234886169434","6.654234886169434"
"806","7.053898334503174","7.053898334503174","7.053898334503174"
"807","6.9189772605896","6.9189772605896","6.9189772605896"
"808","8.680256843566895","8.680256843566895","8.680256843566895"
"809","8.160333633422852","8.160333633422852","8.160333633422852"
"810","6.88043212890625","6.88043212890625","6.88043212890625"
"811","6.966166019439697","6.966166019439697","6.966166019439697"
"812","7.315117359161377","7.315117359161377","7.315117359161377"
"813","6.888184547424316","6.888184547424316","6.888184547424316"
"814","7.992576599121094","7.992576599121094","7.992576599121094"
"815","7.1212158203125","7.1212158203125","7.1212158203125"
"816","6.196664810180664","6.196664810180664","6.196664810180664"
"817","8.360474586486816","8.360474586486816","8.360474586486816"
"818","7.246776580810547","7.246776580810547","7.246776580810547"
"819","7.341126441955566","7.341126441955566","7.341126441955566"
"820","8.281697273254395","8.281697273254395","8.281697273254395"
"821","7.11535120010376","7.11535120010376","7.11535120010376"
"822","8.30943775177002","8.30943775177002","8.30943775177002"
"823","7.765407085418701","7.765407085418701","7.765407085418701"
"824","6.84761381149292","6.84761381149292","6.84761381149292"
"825","6.9414286613464355","6.9414286613464355","6.9414286613464355"
"826","8.17311954498291","8.17311954498291","8.17311954498291"
"827","8.698582649230957","8.698582649230957","8.698582649230957"
"828","5.910247802734375","5.910247802734375","5.910247802734375"
"829","6.974431991577148","6.974431991577148","6.974431991577148"
"830","6.647313594818115","6.647313594818115","6.647313594818115"
"831","8.341428756713867","8.341428756713867","8.341428756713867"
"832","6.763463973999023","6.763463973999023","6.763463973999023"
"833","7.932489395141602","7.932489395141602","7.932489395141602"
"834","8.06242847442627","8.06242847442627","8.06242847442627"
"835","7.23650598526001","7.23650598526001","7.23650598526001"
"836","6.913964748382568","6.913964748382568","6.913964748382568"
"837","7.727061748504639","7.727061748504639","7.727061748504639"
"838","7.562891483306885","7.562891483306885","7.562891483306885"
"839","7.345209121704102","7.345209121704102","7.345209121704102"
"840","7.613391399383545","7.613391399383545","7.613391399383545"
"841","7.245821475982666","7.245821475982666","7.245821475982666"
"842","6.973807334899902","6.973807334899902","6.973807334899902"
"843","7.08728551864624","7.08728551864624","7.08728551864624"
"844","6.997575759887695","6.997575759887695","6.997575759887695"
"845","6.389467239379883","6.389467239379883","6.389467239379883"
"846","7.371495246887207","7.371495246887207","7.371495246887207"
"847","7.8860554695129395","7.8860554695129395","7.8860554695129395"
"848","9.360965728759766","9.360965728759766","9.360965728759766"
"849","7.06355094909668","7.06355094909668","7.06355094909668"
"850","7.060684680938721","7.060684680938721","7.060684680938721"
"851","7.342988967895508","7.342988967895508","7.342988967895508"
"852","7.49464750289917","7.49464750289917","7.49464750289917"
"853","6.837676525115967","6.837676525115967","6.837676525115967"
"854","7.501828670501709","7.501828670501709","7.501828670501709"
"855","6.340537071228027","6.340537071228027","6.340537071228027"
"856","7.203347206115723","7.203347206115723","7.203347206115723"
"857","6.413177967071533","6.413177967071533","6.413177967071533"
"858","8.685466766357422","8.685466766357422","8.685466766357422"
"859","7.91367244720459","7.91367244720459","7.91367244720459"
"860","7.458610534667969","7.458610534667969","7.458610534667969"
"861","7.569752216339111","7.569752216339111","7.569752216339111"
"862","7.004759788513184","7.004759788513184","7.004759788513184"
"863","6.753914833068848","6.753914833068848","6.753914833068848"
"864","6.511075973510742","6.511075973510742","6.511075973510742"
"865","7.858511447906494","7.858511447906494","7.858511447906494"
"866","7.642803192138672","7.642803192138672","7.642803192138672"
"867","6.927584171295166","6.927584171295166","6.927584171295166"
"868","7.613065719604492","7.613065719604492","7.613065719604492"
"869","7.438193321228027","7.438193321228027","7.438193321228027"
"870","7.5772857666015625","7.5772857666015625","7.5772857666015625"
"871","7.581947326660156","7.581947326660156","7.581947326660156"
"872","6.528014183044434","6.528014183044434","6.528014183044434"
"873","7.41194486618042","7.41194486618042","7.41194486618042"
"874","6.921797752380371","6.921797752380371","6.921797752380371"
"875","7.735495567321777","7.735495567321777","7.735495567321777"
"876","8.119736671447754","8.119736671447754","8.119736671447754"
"877","7.441168308258057","7.441168308258057","7.441168308258057"
"878","7.632448196411133","7.632448196411133","7.632448196411133"
"879","6.459383010864258","6.459383010864258","6.459383010864258"
"880","7.177404880523682","7.177404880523682","7.177404880523682"
"881","8.152433395385742","8.152433395385742","8.152433395385742"
"882","8.157633781433105","8.157633781433105","8.157633781433105"
"883","10.44693374633789","10.44693374633789","10.44693374633789"
"884","7.426819801330566","7.426819801330566","7.426819801330566"
"885","8.74488639831543","8.74488639831543","8.74488639831543"
"886","6.585590362548828","6.585590362548828","6.585590362548828"
"887","7.91238260269165","7.91238260269165","7.91238260269165"
"888","6.687257289886475","6.687257289886475","6.687257289886475"
"889","7.864299774169922","7.864299774169922","7.864299774169922"
"890","7.418993949890137","7.418993949890137","7.418993949890137"
"891","7.320306301116943","7.320306301116943","7.320306301116943"
"892","7.857467174530029","7.857467174530029","7.857467174530029"
"893","6.443051815032959","6.443051815032959","6.443051815032959"
"894","7.050533771514893","7.050533771514893","7.050533771514893"
"895","7.1415324211120605","7.1415324211120605","7.1415324211120605"
"896","6.663664817810059","6.663664817810059","6.663664817810059"
"897","7.013966083526611","7.013966083526611","7.013966083526611"
"898","7.33187198638916","7.33187198638916","7.33187198638916"
"899","6.729105472564697","6.729105472564697","6.729105472564697"
"900","8.084199905395508","8.084199905395508","8.084199905395508"
"901","7.543378829956055","7.543378829956055","7.543378829956055"
"902","6.463220119476318","6.463220119476318","6.463220119476318"
"903","7.87368631362915","7.87368631362915","7.87368631362915"
"904","7.750741481781006","7.750741481781006","7.750741481781006"
"905","6.524025917053223","6.524025917053223","6.524025917053223"
"906","7.587794303894043","7.587794303894043","7.587794303894043"
"907","8.133072853088379","8.133072853088379","8.133072853088379"
"908","7.699986457824707","7.699986457824707","7.699986457824707"
"909","7.828914642333984","7.828914642333984","7.828914642333984"
"910","8.451391220092773","8.451391220092773","8.451391220092773"
"911","8.046661376953125","8.046661376953125","8.046661376953125"
"912","7.277402400970459","7.277402400970459","7.277402400970459"
"913","6.795426845550537","6.795426845550537","6.795426845550537"
"914","7.3335747718811035","7.3335747718811035","7.3335747718811035"
"915","6.686271667480469","6.686271667480469","6.686271667480469"
"916","7.373292446136475","7.373292446136475","7.373292446136475"
"917","6.701412677764893","6.701412677764893","6.701412677764893"
"918","7.7306623458862305","7.7306623458862305","7.7306623458862305"
"919","7.02658224105835","7.02658224105835","7.02658224105835"
"920","6.748995780944824","6.748995780944824","6.748995780944824"
"921","7.931717872619629","7.931717872619629","7.931717872619629"
"922","7.166785717010498","7.166785717010498","7.166785717010498"
"923","6.490517616271973","6.490517616271973","6.490517616271973"
"924","7.408350944519043","7.408350944519043","7.408350944519043"
"925","7.710479736328125","7.710479736328125","7.710479736328125"
"926","7.419497013092041","7.419497013092041","7.419497013092041"
"927","8.28195858001709","8.28195858001709","8.28195858001709"
"928","7.472411155700684","7.472411155700684","7.472411155700684"
"929","6.966637134552002","6.966637134552002","6.966637134552002"
"930","6.796632289886475","6.796632289886475","6.796632289886475"
"931","7.114587783813477","7.114587783813477","7.114587783813477"
"932","7.234617233276367","7.234617233276367","7.234617233276367"
"933","7.463515281677246","7.463515281677246","7.463515281677246"
"934","6.599864482879639","6.599864482879639","6.599864482879639"
"935","6.645435810089111","6.645435810089111","6.645435810089111"
"936","7.5484514236450195","7.5484514236450195","7.5484514236450195"
"937","7.827593803405762","7.827593803405762","7.827593803405762"
"938","6.465234279632568","6.465234279632568","6.465234279632568"
"939","7.302610397338867","7.302610397338867","7.302610397338867"
"940","7.214355945587158","7.214355945587158","7.214355945587158"
"941","7.177680969238281","7.177680969238281","7.177680969238281"
"942","6.06609582901001","6.06609582901001","6.06609582901001"
"943","8.212708473205566","8.212708473205566","8.212708473205566"
"944","6.839386940002441","6.839386940002441","6.839386940002441"
"945","7.924616813659668","7.924616813659668","7.924616813659668"
"946","8.490274429321289","8.490274429321289","8.490274429321289"
"947","7.361126899719238","7.361126899719238","7.361126899719238"
"948","7.713315486907959","7.713315486907959","7.713315486907959"
"949","8.0538911819458","8.0538911819458","8.0538911819458"
"950","7.915332317352295","7.915332317352295","7.915332317352295"
"951","7.005128860473633","7.005128860473633","7.005128860473633"
"952","6.67656135559082","6.67656135559082","6.67656135559082"
"953","7.891136169433594","7.891136169433594","7.891136169433594"
"954","7.392580986022949","7.392580986022949","7.392580986022949"
"955","7.310391426086426","7.310391426086426","7.310391426086426"
"956","6.643251895904541","6.643251895904541","6.643251895904541"
"957","5.832146644592285","5.832146644592285","5.832146644592285"
"958","6.468282222747803","6.468282222747803","6.468282222747803"
"959","7.664617538452148","7.664617538452148","7.664617538452148"
"960","7.767324447631836","7.767324447631836","7.767324447631836"
"961","7.299248218536377","7.299248218536377","7.299248218536377"
"962","6.631657123565674","6.631657123565674","6.631657123565674"
"963","7.866785526275635","7.866785526275635","7.866785526275635"
"964","7.13588285446167","7.13588285446167","7.13588285446167"
"965","6.0313520431518555","6.0313520431518555","6.0313520431518555"
"966","7.239189624786377","7.239189624786377","7.239189624786377"
"967","7.535820484161377","7.535820484161377","7.535820484161377"
"968","8.173869132995605","8.173869132995605","8.173869132995605"
"969","6.888961315155029","6.888961315155029","6.888961315155029"
"970","7.668146133422852","7.668146133422852","7.668146133422852"
"971","6.917166709899902","6.917166709899902","6.917166709899902"
"972","7.45585298538208","7.45585298538208","7.45585298538208"
"973","7.093324661254883","7.093324661254883","7.093324661254883"
"974","7.366057395935059","7.366057395935059","7.366057395935059"
"975","8.292213439941406","8.292213439941406","8.292213439941406"
"976","7.135382652282715","7.135382652282715","7.135382652282715"
"977","7.187605381011963","7.187605381011963","7.187605381011963"
"978","6.421869277954102","6.421869277954102","6.421869277954102"
"979","5.363811016082764","5.363811016082764","5.363811016082764"
"980","6.5904622077941895","6.5904622077941895","6.5904622077941895"
"981","7.594330787658691","7.594330787658691","7.594330787658691"
"982","8.120746612548828","8.120746612548828","8.120746612548828"
"983","6.746151924133301","6.746151924133301","6.746151924133301"
"984","6.256233215332031","6.256233215332031","6.256233215332031"
"985","8.017217636108398","8.017217636108398","8.017217636108398"
"986","7.4514923095703125","7.4514923095703125","7.4514923095703125"
"987","6.547252178192139","6.547252178192139","6.547252178192139"
"988","7.732211589813232","7.732211589813232","7.732211589813232"
"989","7.067344665527344","7.067344665527344","7.067344665527344"
"990","7.268961429595947","7.268961429595947","7.268961429595947"
"991","7.662234783172607","7.662234783172607","7.662234783172607"
"992","7.256734371185303","7.256734371185303","7.256734371185303"
"993","8.987723350524902","8.987723350524902","8.987723350524902"
"994","7.783029556274414","7.783029556274414","7.783029556274414"
"995","7.034680366516113","7.034680366516113","7.034680366516113"
"996","7.4969940185546875","7.4969940185546875","7.4969940185546875"
"997","7.845688819885254","7.845688819885254","7.845688819885254"
"998","7.325383186340332","7.325383186340332","7.325383186340332"
"999","7.714292526245117","7.714292526245117","7.714292526245117"
"1000","6.546397686004639","6.546397686004639","6.546397686004639"
"1001","7.362181663513184","7.362181663513184","7.362181663513184"
"1002","6.270453453063965","6.270453453063965","6.270453453063965"
"1003","6.939742565155029","6.939742565155029","6.939742565155029"
"1004","6.278916358947754","6.278916358947754","6.278916358947754"
"1005","8.053394317626953","8.053394317626953","8.053394317626953"
"1006","6.761706352233887","6.761706352233887","6.761706352233887"
"1007","7.1161065101623535","7.1161065101623535","7.1161065101623535"
"1008","8.457571029663086","8.457571029663086","8.457571029663086"
"1009","6.790241718292236","6.790241718292236","6.790241718292236"
"1010","6.979396820068359","6.979396820068359","6.979396820068359"
"1011","5.62615442276001","5.62615442276001","5.62615442276001"
"1012","7.746150016784668","7.746150016784668","7.746150016784668"
"1013","7.420070171356201","7.420070171356201","7.420070171356201"
"1014","6.911005020141602","6.911005020141602","6.911005020141602"
"1015","6.733134746551514","6.733134746551514","6.733134746551514"
"1016","6.9038405418396","6.9038405418396","6.9038405418396"
"1017","7.40728235244751","7.40728235244751","7.40728235244751"
"1018","6.224724292755127","6.224724292755127","6.224724292755127"
"1019","7.6140618324279785","7.6140618324279785","7.6140618324279785"
"1020","8.172913551330566","8.172913551330566","8.172913551330566"
"1021","7.059634208679199","7.059634208679199","7.059634208679199"
"1022","8.258133888244629","8.258133888244629","8.258133888244629"
"1023","8.749409675598145","8.749409675598145","8.749409675598145"
"1024","6.818020343780518","6.818020343780518","6.818020343780518"
"1025","6.582356929779053","6.582356929779053","6.582356929779053"
"1026","8.012624740600586","8.012624740600586","8.012624740600586"
"1027","7.793823719024658","7.793823719024658","7.793823719024658"
"1028","6.6976470947265625","6.6976470947265625","6.6976470947265625"
"1029","8.876904487609863","8.876904487609863","8.876904487609863"
"1030","8.8170747756958","8.8170747756958","8.8170747756958"
"1031","7.984154224395752","7.984154224395752","7.984154224395752"
"1032","7.272312164306641","7.272312164306641","7.272312164306641"
"1033","7.338315963745117","7.338315963745117","7.338315963745117"
"1034","8.591092109680176","8.591092109680176","8.591092109680176"
"1035","7.333634376525879","7.333634376525879","7.333634376525879"
"1036","7.175790786743164","7.175790786743164","7.175790786743164"
"1037","7.768410682678223","7.768410682678223","7.768410682678223"
"1038","7.021732807159424","7.021732807159424","7.021732807159424"
"1039","6.736804962158203","6.736804962158203","6.736804962158203"
"1040","7.208962917327881","7.208962917327881","7.208962917327881"
"1041","6.05741548538208","6.05741548538208","6.05741548538208"
"1042","5.854027271270752","5.854027271270752","5.854027271270752"
"1043","7.107171058654785","7.107171058654785","7.107171058654785"
"1044","7.857386589050293","7.857386589050293","7.857386589050293"
"1045","6.707029819488525","6.707029819488525","6.707029819488525"
"1046","7.938796043395996","7.938796043395996","7.938796043395996"
"1047","7.585867881774902","7.585867881774902","7.585867881774902"
"1048","6.797633171081543","6.797633171081543","6.797633171081543"
"1049","8.990801811218262","8.990801811218262","8.990801811218262"
"1050","5.107703685760498","5.107703685760498","5.107703685760498"
"1051","7.0049004554748535","7.0049004554748535","7.0049004554748535"
"1052","7.2672529220581055","7.2672529220581055","7.2672529220581055"
"1053","7.267592430114746","7.267592430114746","7.267592430114746"
"1054","6.393612861633301","6.393612861633301","6.393612861633301"
"1055","7.248969078063965","7.248969078063965","7.248969078063965"
"1056","6.855188369750977","6.855188369750977","6.855188369750977"
"1057","7.9613447189331055","7.9613447189331055","7.9613447189331055"
"1058","7.065038681030273","7.065038681030273","7.065038681030273"
"1059","7.165665149688721","7.165665149688721","7.165665149688721"
"1060","6.880593299865723","6.880593299865723","6.880593299865723"
"1061","6.921945095062256","6.921945095062256","6.921945095062256"
"1062","7.055761814117432","7.055761814117432","7.055761814117432"
"1063","7.987061023712158","7.987061023712158","7.987061023712158"
"1064","6.7912917137146","6.7912917137146","6.7912917137146"
"1065","6.9021735191345215","6.9021735191345215","6.9021735191345215"
"1066","6.559401512145996","6.559401512145996","6.559401512145996"
"1067","7.591230392456055","7.591230392456055","7.591230392456055"
"1068","6.816618919372559","6.816618919372559","6.816618919372559"
"1069","6.866140365600586","6.866140365600586","6.866140365600586"
"1070","8.073870658874512","8.073870658874512","8.073870658874512"
"1071","8.250242233276367","8.250242233276367","8.250242233276367"
"1072","6.963204383850098","6.963204383850098","6.963204383850098"
"1073","7.56060266494751","7.56060266494751","7.56060266494751"
"1074","6.611758708953857","6.611758708953857","6.611758708953857"
"1075","8.197566032409668","8.197566032409668","8.197566032409668"
"1076","6.348410606384277","6.348410606384277","6.348410606384277"
"1077","7.765899658203125","7.765899658203125","7.765899658203125"
"1078","7.9763994216918945","7.9763994216918945","7.9763994216918945"
"1079","7.069036960601807","7.069036960601807","7.069036960601807"
"1080","6.884966850280762","6.884966850280762","6.884966850280762"
"1081","7.949878215789795","7.949878215789795","7.949878215789795"
"1082","8.143841743469238","8.143841743469238","8.143841743469238"
"1083","6.816535472869873","6.816535472869873","6.816535472869873"
"1084","8.680193901062012","8.680193901062012","8.680193901062012"
"1085","6.436251640319824","6.436251640319824","6.436251640319824"
"1086","7.117007732391357","7.117007732391357","7.117007732391357"
"1087","6.702427864074707","6.702427864074707","6.702427864074707"
"1088","7.8346452713012695","7.8346452713012695","7.8346452713012695"
"1089","6.820978164672852","6.820978164672852","6.820978164672852"
"1090","8.454352378845215","8.454352378845215","8.454352378845215"
"1091","7.79661226272583","7.79661226272583","7.79661226272583"
"1092","8.086240768432617","8.086240768432617","8.086240768432617"
"1093","7.023872375488281","7.023872375488281","7.023872375488281"
"1094","7.335855960845947","7.335855960845947","7.335855960845947"
"1095","6.552543640136719","6.552543640136719","6.552543640136719"
"1096","7.849708557128906","7.849708557128906","7.849708557128906"
"1097","8.097838401794434","8.097838401794434","8.097838401794434"
"1098","6.986388206481934","6.986388206481934","6.986388206481934"
"1099","6.806427955627441","6.806427955627441","6.806427955627441"
"1100","6.9259161949157715","6.9259161949157715","6.9259161949157715"
"1101","8.06728458404541","8.06728458404541","8.06728458404541"
"1102","7.73839807510376","7.73839807510376","7.73839807510376"
"1103","7.105185031890869","7.105185031890869","7.105185031890869"
"1104","7.219376087188721","7.219376087188721","7.219376087188721"
"1105","6.139509201049805","6.139509201049805","6.139509201049805"
"1106","7.3368306159973145","7.3368306159973145","7.3368306159973145"
"1107","5.877889633178711","5.877889633178711","5.877889633178711"
"1108","8.55956745147705","8.55956745147705","8.55956745147705"
"1109","6.219915866851807","6.219915866851807","6.219915866851807"
"1110","8.616470336914062","8.616470336914062","8.616470336914062"
"1111","6.358952522277832","6.358952522277832","6.358952522277832"
"1112","6.760229110717773","6.760229110717773","6.760229110717773"
"1113","8.374775886535645","8.374775886535645","8.374775886535645"
"1114","7.195663928985596","7.195663928985596","7.195663928985596"
"1115","7.346484184265137","7.346484184265137","7.346484184265137"
"1116","7.403417110443115","7.403417110443115","7.403417110443115"
"1117","6.546668529510498","6.546668529510498","6.546668529510498"
"1118","5.661948204040527","5.661948204040527","5.661948204040527"
"1119","6.950944900512695","6.950944900512695","6.950944900512695"
"1120","7.546631336212158","7.546631336212158","7.546631336212158"
"1121","6.566315174102783","6.566315174102783","6.566315174102783"
"1122","7.152170658111572","7.152170658111572","7.152170658111572"
"1123","8.044690132141113","8.044690132141113","8.044690132141113"
"1124","8.361254692077637","8.361254692077637","8.361254692077637"
"1125","7.9699602127075195","7.9699602127075195","7.9699602127075195"
"1126","6.9095988273620605","6.9095988273620605","6.9095988273620605"
"1127","6.483166217803955","6.483166217803955","6.483166217803955"
"1128","7.4040141105651855","7.4040141105651855","7.4040141105651855"
"1129","6.332369804382324","6.332369804382324","6.332369804382324"
"1130","8.071093559265137","8.071093559265137","8.071093559265137"
"1131","6.504542350769043","6.504542350769043","6.504542350769043"
"1132","6.454073905944824","6.454073905944824","6.454073905944824"
"1133","7.769594192504883","7.769594192504883","7.769594192504883"
"1134","7.1229143142700195","7.1229143142700195","7.1229143142700195"
"1135","6.5994954109191895","6.5994954109191895","6.5994954109191895"
"1136","7.056265830993652","7.056265830993652","7.056265830993652"
"1137","7.210693359375","7.210693359375","7.210693359375"
"1138","6.721861839294434","6.721861839294434","6.721861839294434"
"1139","7.301144123077393","7.301144123077393","7.301144123077393"
"1140","8.02319049835205","8.02319049835205","8.02319049835205"
"1141","6.9481916427612305","6.9481916427612305","6.9481916427612305"
"1142","7.144723892211914","7.144723892211914","7.144723892211914"
"1143","7.999259948730469","7.999259948730469","7.999259948730469"
"1144","7.759078025817871","7.759078025817871","7.759078025817871"
"1145","9.022870063781738","9.022870063781738","9.022870063781738"
"1146","8.078751564025879","8.078751564025879","8.078751564025879"
"1147","6.910675048828125","6.910675048828125","6.910675048828125"
"1148","6.375775337219238","6.375775337219238","6.375775337219238"
"1149","7.224212646484375","7.224212646484375","7.224212646484375"
"1150","7.709007263183594","7.709007263183594","7.709007263183594"
"1151","7.617115020751953","7.617115020751953","7.617115020751953"
"1152","7.140506744384766","7.140506744384766","7.140506744384766"
"1153","7.787215232849121","7.787215232849121","7.787215232849121"
"1154","7.296286582946777","7.296286582946777","7.296286582946777"
"1155","6.899343967437744","6.899343967437744","6.899343967437744"
"1156","6.991054058074951","6.991054058074951","6.991054058074951"
"1157","6.918252468109131","6.918252468109131","6.918252468109131"
"1158","6.456257343292236","6.456257343292236","6.456257343292236"
"1159","8.043449401855469","8.043449401855469","8.043449401855469"
"1160","7.636579990386963","7.636579990386963","7.636579990386963"
"1161","8.866338729858398","8.866338729858398","8.866338729858398"
"1162","7.774456977844238","7.774456977844238","7.774456977844238"
"1163","6.453710079193115","6.453710079193115","6.453710079193115"
"1164","6.821686744689941","6.821686744689941","6.821686744689941"
"1165","6.3388142585754395","6.3388142585754395","6.3388142585754395"
"1166","7.2629852294921875","7.2629852294921875","7.2629852294921875"
"1167","8.84319019317627","8.84319019317627","8.84319019317627"
"1168","7.668830394744873","7.668830394744873","7.668830394744873"
"1169","8.012136459350586","8.012136459350586","8.012136459350586"
"1170","7.716890811920166","7.716890811920166","7.716890811920166"
"1171","5.986716270446777","5.986716270446777","5.986716270446777"
"1172","5.954511642456055","5.954511642456055","5.954511642456055"
"1173","6.958074569702148","6.958074569702148","6.958074569702148"
"1174","7.008688449859619","7.008688449859619","7.008688449859619"
"1175","6.881035804748535","6.881035804748535","6.881035804748535"
"1176","7.292081356048584","7.292081356048584","7.292081356048584"
"1177","7.408647060394287","7.408647060394287","7.408647060394287"
"1178","7.016246318817139","7.016246318817139","7.016246318817139"
"1179","7.487154960632324","7.487154960632324","7.487154960632324"
"1180","7.117181777954102","7.117181777954102","7.117181777954102"
"1181","6.682796955108643","6.682796955108643","6.682796955108643"
"1182","6.548595905303955","6.548595905303955","6.548595905303955"
"1183","7.513185501098633","7.513185501098633","7.513185501098633"
"1184","7.7803144454956055","7.7803144454956055","7.7803144454956055"
"1185","7.011108875274658","7.011108875274658","7.011108875274658"
"1186","6.720449447631836","6.720449447631836","6.720449447631836"
"1187","8.341071128845215","8.341071128845215","8.341071128845215"
"1188","6.4492902755737305","6.4492902755737305","6.4492902755737305"
"1189","7.481375694274902","7.481375694274902","7.481375694274902"
"1190","7.00637674331665","7.00637674331665","7.00637674331665"
"1191","7.294596195220947","7.294596195220947","7.294596195220947"
"1192","7.294012069702148","7.294012069702148","7.294012069702148"
"1193","7.509061336517334","7.509061336517334","7.509061336517334"
"1194","7.862829685211182","7.862829685211182","7.862829685211182"
"1195","7.132113456726074","7.132113456726074","7.132113456726074"
"1196","5.7877302169799805","5.7877302169799805","5.7877302169799805"
"1197","6.251519203186035","6.251519203186035","6.251519203186035"
"1198","6.854827404022217","6.854827404022217","6.854827404022217"
"1199","7.475219249725342","7.475219249725342","7.475219249725342"
"1200","7.540022373199463","7.540022373199463","7.540022373199463"
"1201","8.483588218688965","8.483588218688965","8.483588218688965"
"1202","6.521396636962891","6.521396636962891","6.521396636962891"
"1203","6.91534948348999","6.91534948348999","6.91534948348999"
"1204","7.3277153968811035","7.3277153968811035","7.3277153968811035"
"1205","7.713576793670654","7.713576793670654","7.713576793670654"
"1206","6.002807140350342","6.002807140350342","6.002807140350342"
"1207","6.732232093811035","6.732232093811035","6.732232093811035"
"1208","7.189300537109375","7.189300537109375","7.189300537109375"
"1209","7.637894153594971","7.637894153594971","7.637894153594971"
"1210","7.498464584350586","7.498464584350586","7.498464584350586"
"1211","7.856728553771973","7.856728553771973","7.856728553771973"
"1212","7.51478385925293","7.51478385925293","7.51478385925293"
"1213","6.8165483474731445","6.8165483474731445","6.8165483474731445"
"1214","7.134772777557373","7.134772777557373","7.134772777557373"
"1215","8.70444393157959","8.70444393157959","8.70444393157959"
"1216","7.020945072174072","7.020945072174072","7.020945072174072"
"1217","7.523560047149658","7.523560047149658","7.523560047149658"
"1218","7.208209991455078","7.208209991455078","7.208209991455078"
"1219","8.544672012329102","8.544672012329102","8.544672012329102"
"1220","6.866662979125977","6.866662979125977","6.866662979125977"
"1221","8.151169776916504","8.151169776916504","8.151169776916504"
"1222","6.198468208312988","6.198468208312988","6.198468208312988"
"1223","6.831690311431885","6.831690311431885","6.831690311431885"
"1224","6.651630878448486","6.651630878448486","6.651630878448486"
"1225","6.278519153594971","6.278519153594971","6.278519153594971"
"1226","8.971746444702148","8.971746444702148","8.971746444702148"
"1227","6.181209564208984","6.181209564208984","6.181209564208984"
"1228","7.13054895401001","7.13054895401001","7.13054895401001"
"1229","7.278360366821289","7.278360366821289","7.278360366821289"
"1230","7.310795783996582","7.310795783996582","7.310795783996582"
"1231","6.688139915466309","6.688139915466309","6.688139915466309"
"1232","7.860575199127197","7.860575199127197","7.860575199127197"
"1233","6.839022636413574","6.839022636413574","6.839022636413574"
"1234","6.611210346221924","6.611210346221924","6.611210346221924"
"1235","8.280899047851562","8.280899047851562","8.280899047851562"
"1236","8.736998558044434","8.736998558044434","8.736998558044434"
"1237","7.755912780761719","7.755912780761719","7.755912780761719"
"1238","8.920656204223633","8.920656204223633","8.920656204223633"
"1239","6.995234489440918","6.995234489440918","6.995234489440918"
"1240","8.579484939575195","8.579484939575195","8.579484939575195"
"1241","6.127216815948486","6.127216815948486","6.127216815948486"
"1242","7.425094127655029","7.425094127655029","7.425094127655029"
"1243","6.77864933013916","6.77864933013916","6.77864933013916"
"1244","7.44638204574585","7.44638204574585","7.44638204574585"
"1245","7.877317905426025","7.877317905426025","7.877317905426025"
"1246","8.101911544799805","8.101911544799805","8.101911544799805"
"1247","6.826875686645508","6.826875686645508","6.826875686645508"
"1248","7.7251505851745605","7.7251505851745605","7.7251505851745605"
"1249","7.6296067237854","7.6296067237854","7.6296067237854"
"1250","7.24171781539917","7.24171781539917","7.24171781539917"
"1251","7.209352016448975","7.209352016448975","7.209352016448975"
"1252","7.651488304138184","7.651488304138184","7.651488304138184"
"1253","7.524960994720459","7.524960994720459","7.524960994720459"