"Step","female-silero - loss/g/mel","female-silero - loss/g/mel__MIN","female-silero - loss/g/mel__MAX"
"0","31.144733428955078","31.144733428955078","31.144733428955078"
"1","21.06951141357422","21.06951141357422","21.06951141357422"
"2","20.248971939086914","20.248971939086914","20.248971939086914"
"3","20.064899444580078","20.064899444580078","20.064899444580078"
"4","20.2065372467041","20.2065372467041","20.2065372467041"
"5","19.8682861328125","19.8682861328125","19.8682861328125"
"6","19.74928092956543","19.74928092956543","19.74928092956543"
"7","19.714298248291016","19.714298248291016","19.714298248291016"
"8","20.188819885253906","20.188819885253906","20.188819885253906"
"9","19.71023178100586","19.71023178100586","19.71023178100586"
"10","19.237747192382812","19.237747192382812","19.237747192382812"
"11","20.21188735961914","20.21188735961914","20.21188735961914"
"12","19.840625762939453","19.840625762939453","19.840625762939453"
"13","19.440752029418945","19.440752029418945","19.440752029418945"
"14","19.109474182128906","19.109474182128906","19.109474182128906"
"15","19.457874298095703","19.457874298095703","19.457874298095703"
"16","19.957290649414062","19.957290649414062","19.957290649414062"
"17","19.99973487854004","19.99973487854004","19.99973487854004"
"18","18.889257431030273","18.889257431030273","18.889257431030273"
"19","19.218765258789062","19.218765258789062","19.218765258789062"
"20","19.581893920898438","19.581893920898438","19.581893920898438"
"21","19.47960662841797","19.47960662841797","19.47960662841797"
"22","18.917102813720703","18.917102813720703","18.917102813720703"
"23","19.796998977661133","19.796998977661133","19.796998977661133"
"24","18.987945556640625","18.987945556640625","18.987945556640625"
"25","19.409244537353516","19.409244537353516","19.409244537353516"
"26","19.141273498535156","19.141273498535156","19.141273498535156"
"27","19.433290481567383","19.433290481567383","19.433290481567383"
"28","19.912817001342773","19.912817001342773","19.912817001342773"
"29","18.8509464263916","18.8509464263916","18.8509464263916"
"30","19.4664306640625","19.4664306640625","19.4664306640625"
"31","19.3896484375","19.3896484375","19.3896484375"
"32","19.807575225830078","19.807575225830078","19.807575225830078"
"33","19.450965881347656","19.450965881347656","19.450965881347656"
"34","20.256568908691406","20.256568908691406","20.256568908691406"
"35","19.183820724487305","19.183820724487305","19.183820724487305"
"36","18.708816528320312","18.708816528320312","18.708816528320312"
"37","18.951065063476562","18.951065063476562","18.951065063476562"
"38","19.12675666809082","19.12675666809082","19.12675666809082"
"39","19.119176864624023","19.119176864624023","19.119176864624023"
"40","19.617645263671875","19.617645263671875","19.617645263671875"
"41","18.740909576416016","18.740909576416016","18.740909576416016"
"42","19.248132705688477","19.248132705688477","19.248132705688477"
"43","18.55721092224121","18.55721092224121","18.55721092224121"
"44","18.876953125","18.876953125","18.876953125"
"45","19.406707763671875","19.406707763671875","19.406707763671875"
"46","19.27332305908203","19.27332305908203","19.27332305908203"
"47","18.46939468383789","18.46939468383789","18.46939468383789"
"48","18.744396209716797","18.744396209716797","18.744396209716797"
"49","18.976816177368164","18.976816177368164","18.976816177368164"
"50","19.151945114135742","19.151945114135742","19.151945114135742"
"51","18.686386108398438","18.686386108398438","18.686386108398438"
"52","18.118289947509766","18.118289947509766","18.118289947509766"
"53","19.10172462463379","19.10172462463379","19.10172462463379"
"54","19.819210052490234","19.819210052490234","19.819210052490234"
"55","19.036983489990234","19.036983489990234","19.036983489990234"
"56","19.253673553466797","19.253673553466797","19.253673553466797"
"57","19.051799774169922","19.051799774169922","19.051799774169922"
"58","18.449546813964844","18.449546813964844","18.449546813964844"
"59","18.812217712402344","18.812217712402344","18.812217712402344"
"60","19.63456153869629","19.63456153869629","19.63456153869629"
"61","19.69893455505371","19.69893455505371","19.69893455505371"
"62","18.37864875793457","18.37864875793457","18.37864875793457"
"63","18.68645668029785","18.68645668029785","18.68645668029785"
"64","18.815229415893555","18.815229415893555","18.815229415893555"
"65","19.212242126464844","19.212242126464844","19.212242126464844"
"66","18.701417922973633","18.701417922973633","18.701417922973633"
"67","18.788082122802734","18.788082122802734","18.788082122802734"
"68","19.50611114501953","19.50611114501953","19.50611114501953"
"69","18.766965866088867","18.766965866088867","18.766965866088867"
"70","18.92191505432129","18.92191505432129","18.92191505432129"
"71","19.90996742248535","19.90996742248535","19.90996742248535"
"72","18.605623245239258","18.605623245239258","18.605623245239258"
"73","18.729671478271484","18.729671478271484","18.729671478271484"
"74","19.349987030029297","19.349987030029297","19.349987030029297"
"75","19.026153564453125","19.026153564453125","19.026153564453125"
"76","19.15513801574707","19.15513801574707","19.15513801574707"
"77","19.2412166595459","19.2412166595459","19.2412166595459"
"78","19.248640060424805","19.248640060424805","19.248640060424805"
"79","18.94122314453125","18.94122314453125","18.94122314453125"
"80","18.536733627319336","18.536733627319336","18.536733627319336"
"81","19.486825942993164","19.486825942993164","19.486825942993164"
"82","18.33625030517578","18.33625030517578","18.33625030517578"
"83","18.81076431274414","18.81076431274414","18.81076431274414"
"84","19.495729446411133","19.495729446411133","19.495729446411133"
"85","18.788969039916992","18.788969039916992","18.788969039916992"
"86","19.09264373779297","19.09264373779297","19.09264373779297"
"87","18.80375862121582","18.80375862121582","18.80375862121582"
"88","18.795944213867188","18.795944213867188","18.795944213867188"
"89","17.702550888061523","17.702550888061523","17.702550888061523"
"90","18.982126235961914","18.982126235961914","18.982126235961914"
"91","18.617509841918945","18.617509841918945","18.617509841918945"
"92","18.97374725341797","18.97374725341797","18.97374725341797"
"93","19.43642807006836","19.43642807006836","19.43642807006836"
"94","18.823646545410156","18.823646545410156","18.823646545410156"
"95","18.782075881958008","18.782075881958008","18.782075881958008"
"96","19.290082931518555","19.290082931518555","19.290082931518555"
"97","18.399887084960938","18.399887084960938","18.399887084960938"
"98","18.626893997192383","18.626893997192383","18.626893997192383"
"99","18.364927291870117","18.364927291870117","18.364927291870117"
"100","18.144081115722656","18.144081115722656","18.144081115722656"
"101","18.900205612182617","18.900205612182617","18.900205612182617"
"102","19.100114822387695","19.100114822387695","19.100114822387695"
"103","19.19837188720703","19.19837188720703","19.19837188720703"
"104","19.262760162353516","19.262760162353516","19.262760162353516"
"105","18.663043975830078","18.663043975830078","18.663043975830078"
"106","19.19220542907715","19.19220542907715","19.19220542907715"
"107","18.506126403808594","18.506126403808594","18.506126403808594"
"108","18.83512306213379","18.83512306213379","18.83512306213379"
"109","18.86498260498047","18.86498260498047","18.86498260498047"
"110","18.26752471923828","18.26752471923828","18.26752471923828"
"111","19.693740844726562","19.693740844726562","19.693740844726562"
"112","18.95538902282715","18.95538902282715","18.95538902282715"
"113","20.07120132446289","20.07120132446289","20.07120132446289"
"114","19.41727066040039","19.41727066040039","19.41727066040039"
"115","17.635351181030273","17.635351181030273","17.635351181030273"
"116","18.608510971069336","18.608510971069336","18.608510971069336"
"117","18.60240364074707","18.60240364074707","18.60240364074707"
"118","19.254945755004883","19.254945755004883","19.254945755004883"
"119","18.97983169555664","18.97983169555664","18.97983169555664"
"120","19.538143157958984","19.538143157958984","19.538143157958984"
"121","18.15142059326172","18.15142059326172","18.15142059326172"
"122","18.507204055786133","18.507204055786133","18.507204055786133"
"123","17.950803756713867","17.950803756713867","17.950803756713867"
"124","18.446670532226562","18.446670532226562","18.446670532226562"
"125","17.756328582763672","17.756328582763672","17.756328582763672"
"126","19.055858612060547","19.055858612060547","19.055858612060547"
"127","18.690786361694336","18.690786361694336","18.690786361694336"
"128","18.297500610351562","18.297500610351562","18.297500610351562"
"129","19.516075134277344","19.516075134277344","19.516075134277344"
"130","18.967636108398438","18.967636108398438","18.967636108398438"
"131","19.3101863861084","19.3101863861084","19.3101863861084"
"132","19.047183990478516","19.047183990478516","19.047183990478516"
"133","18.105398178100586","18.105398178100586","18.105398178100586"
"134","18.532026290893555","18.532026290893555","18.532026290893555"
"135","18.660085678100586","18.660085678100586","18.660085678100586"
"136","18.72463035583496","18.72463035583496","18.72463035583496"
"137","18.05036735534668","18.05036735534668","18.05036735534668"
"138","18.795923233032227","18.795923233032227","18.795923233032227"
"139","18.58922576904297","18.58922576904297","18.58922576904297"
"140","18.69271469116211","18.69271469116211","18.69271469116211"
"141","18.921035766601562","18.921035766601562","18.921035766601562"
"142","19.183212280273438","19.183212280273438","19.183212280273438"
"143","18.894569396972656","18.894569396972656","18.894569396972656"
"144","17.94499397277832","17.94499397277832","17.94499397277832"
"145","18.812713623046875","18.812713623046875","18.812713623046875"
"146","18.09984016418457","18.09984016418457","18.09984016418457"
"147","18.340492248535156","18.340492248535156","18.340492248535156"
"148","18.12616539001465","18.12616539001465","18.12616539001465"
"149","18.354562759399414","18.354562759399414","18.354562759399414"
"150","18.33146095275879","18.33146095275879","18.33146095275879"
"151","18.336423873901367","18.336423873901367","18.336423873901367"
"152","19.866497039794922","19.866497039794922","19.866497039794922"
"153","18.79686737060547","18.79686737060547","18.79686737060547"
"154","17.928768157958984","17.928768157958984","17.928768157958984"
"155","19.059419631958008","19.059419631958008","19.059419631958008"
"156","19.2333984375","19.2333984375","19.2333984375"
"157","17.891857147216797","17.891857147216797","17.891857147216797"
"158","18.417892456054688","18.417892456054688","18.417892456054688"
"159","19.055789947509766","19.055789947509766","19.055789947509766"
"160","19.16553497314453","19.16553497314453","19.16553497314453"
"161","18.258941650390625","18.258941650390625","18.258941650390625"
"162","18.718759536743164","18.718759536743164","18.718759536743164"
"163","18.563547134399414","18.563547134399414","18.563547134399414"
"164","18.688997268676758","18.688997268676758","18.688997268676758"
"165","18.88717269897461","18.88717269897461","18.88717269897461"
"166","18.017635345458984","18.017635345458984","18.017635345458984"
"167","17.84648895263672","17.84648895263672","17.84648895263672"
"168","18.19688606262207","18.19688606262207","18.19688606262207"
"169","18.760435104370117","18.760435104370117","18.760435104370117"
"170","19.390239715576172","19.390239715576172","19.390239715576172"
"171","18.528635025024414","18.528635025024414","18.528635025024414"
"172","18.867429733276367","18.867429733276367","18.867429733276367"
"173","18.44352149963379","18.44352149963379","18.44352149963379"
"174","18.337467193603516","18.337467193603516","18.337467193603516"
"175","18.849252700805664","18.849252700805664","18.849252700805664"
"176","19.345842361450195","19.345842361450195","19.345842361450195"
"177","18.778488159179688","18.778488159179688","18.778488159179688"
"178","18.814788818359375","18.814788818359375","18.814788818359375"
"179","18.273889541625977","18.273889541625977","18.273889541625977"
"180","18.736087799072266","18.736087799072266","18.736087799072266"
"181","18.245777130126953","18.245777130126953","18.245777130126953"
"182","18.5214900970459","18.5214900970459","18.5214900970459"
"183","18.445383071899414","18.445383071899414","18.445383071899414"
"184","18.85557746887207","18.85557746887207","18.85557746887207"
"185","18.745737075805664","18.745737075805664","18.745737075805664"
"186","19.333419799804688","19.333419799804688","19.333419799804688"
"187","18.29026985168457","18.29026985168457","18.29026985168457"
"188","18.36762046813965","18.36762046813965","18.36762046813965"
"189","19.241313934326172","19.241313934326172","19.241313934326172"
"190","18.158920288085938","18.158920288085938","18.158920288085938"
"191","18.85344886779785","18.85344886779785","18.85344886779785"
"192","18.496967315673828","18.496967315673828","18.496967315673828"
"193","18.911579132080078","18.911579132080078","18.911579132080078"
"194","18.78496742248535","18.78496742248535","18.78496742248535"
"195","18.12982749938965","18.12982749938965","18.12982749938965"
"196","18.511533737182617","18.511533737182617","18.511533737182617"
"197","18.496448516845703","18.496448516845703","18.496448516845703"
"198","18.921043395996094","18.921043395996094","18.921043395996094"
"199","18.402807235717773","18.402807235717773","18.402807235717773"
"200","18.567977905273438","18.567977905273438","18.567977905273438"
"201","18.819461822509766","18.819461822509766","18.819461822509766"
"202","18.54468536376953","18.54468536376953","18.54468536376953"
"203","18.99207878112793","18.99207878112793","18.99207878112793"
"204","18.224504470825195","18.224504470825195","18.224504470825195"
"205","18.557910919189453","18.557910919189453","18.557910919189453"
"206","18.926483154296875","18.926483154296875","18.926483154296875"
"207","18.39888572692871","18.39888572692871","18.39888572692871"
"208","17.775299072265625","17.775299072265625","17.775299072265625"
"209","18.773481369018555","18.773481369018555","18.773481369018555"
"210","18.596574783325195","18.596574783325195","18.596574783325195"
"211","17.771709442138672","17.771709442138672","17.771709442138672"
"212","17.69255828857422","17.69255828857422","17.69255828857422"
"213","18.4278564453125","18.4278564453125","18.4278564453125"
"214","18.23940086364746","18.23940086364746","18.23940086364746"
"215","18.3632755279541","18.3632755279541","18.3632755279541"
"216","18.46953773498535","18.46953773498535","18.46953773498535"
"217","18.777999877929688","18.777999877929688","18.777999877929688"
"218","17.87378692626953","17.87378692626953","17.87378692626953"
"219","17.98664665222168","17.98664665222168","17.98664665222168"
"220","19.40766716003418","19.40766716003418","19.40766716003418"
"221","18.573707580566406","18.573707580566406","18.573707580566406"
"222","17.625049591064453","17.625049591064453","17.625049591064453"
"223","19.02777671813965","19.02777671813965","19.02777671813965"
"224","19.173017501831055","19.173017501831055","19.173017501831055"
"225","17.89118003845215","17.89118003845215","17.89118003845215"
"226","18.44477653503418","18.44477653503418","18.44477653503418"
"227","18.40106964111328","18.40106964111328","18.40106964111328"
"228","18.144832611083984","18.144832611083984","18.144832611083984"
"229","17.782384872436523","17.782384872436523","17.782384872436523"
"230","18.58733367919922","18.58733367919922","18.58733367919922"
"231","18.421871185302734","18.421871185302734","18.421871185302734"
"232","18.7548885345459","18.7548885345459","18.7548885345459"
"233","17.97637176513672","17.97637176513672","17.97637176513672"
"234","18.941791534423828","18.941791534423828","18.941791534423828"
"235","18.86126708984375","18.86126708984375","18.86126708984375"
"236","18.019731521606445","18.019731521606445","18.019731521606445"
"237","18.562835693359375","18.562835693359375","18.562835693359375"
"238","18.75634765625","18.75634765625","18.75634765625"
"239","18.606515884399414","18.606515884399414","18.606515884399414"
"240","19.13167953491211","19.13167953491211","19.13167953491211"
"241","19.2075138092041","19.2075138092041","19.2075138092041"
"242","18.17906951904297","18.17906951904297","18.17906951904297"
"243","18.959692001342773","18.959692001342773","18.959692001342773"
"244","17.898361206054688","17.898361206054688","17.898361206054688"
"245","19.045637130737305","19.045637130737305","19.045637130737305"
"246","18.797754287719727","18.797754287719727","18.797754287719727"
"247","19.221847534179688","19.221847534179688","19.221847534179688"
"248","18.220447540283203","18.220447540283203","18.220447540283203"
"249","19.16828155517578","19.16828155517578","19.16828155517578"
"250","19.051982879638672","19.051982879638672","19.051982879638672"
"251","19.01275634765625","19.01275634765625","19.01275634765625"
"252","19.381389617919922","19.381389617919922","19.381389617919922"
"253","18.183984756469727","18.183984756469727","18.183984756469727"
"254","19.035436630249023","19.035436630249023","19.035436630249023"
"255","18.4259033203125","18.4259033203125","18.4259033203125"
"256","18.75637435913086","18.75637435913086","18.75637435913086"
"257","18.213178634643555","18.213178634643555","18.213178634643555"
"258","18.74748992919922","18.74748992919922","18.74748992919922"
"259","18.751073837280273","18.751073837280273","18.751073837280273"
"260","18.136362075805664","18.136362075805664","18.136362075805664"
"261","18.651172637939453","18.651172637939453","18.651172637939453"
"262","18.760761260986328","18.760761260986328","18.760761260986328"
"263","19.20203399658203","19.20203399658203","19.20203399658203"
"264","18.29073715209961","18.29073715209961","18.29073715209961"
"265","18.392864227294922","18.392864227294922","18.392864227294922"
"266","18.032777786254883","18.032777786254883","18.032777786254883"
"267","18.473798751831055","18.473798751831055","18.473798751831055"
"268","18.90587615966797","18.90587615966797","18.90587615966797"
"269","17.76766586303711","17.76766586303711","17.76766586303711"
"270","18.6818790435791","18.6818790435791","18.6818790435791"
"271","17.812484741210938","17.812484741210938","17.812484741210938"
"272","19.276718139648438","19.276718139648438","19.276718139648438"
"273","18.21119499206543","18.21119499206543","18.21119499206543"
"274","18.756864547729492","18.756864547729492","18.756864547729492"
"275","18.928491592407227","18.928491592407227","18.928491592407227"
"276","18.363065719604492","18.363065719604492","18.363065719604492"
"277","18.477113723754883","18.477113723754883","18.477113723754883"
"278","18.787256240844727","18.787256240844727","18.787256240844727"
"279","18.90753173828125","18.90753173828125","18.90753173828125"
"280","17.379602432250977","17.379602432250977","17.379602432250977"
"281","18.45672035217285","18.45672035217285","18.45672035217285"
"282","18.69966697692871","18.69966697692871","18.69966697692871"
"283","18.35340690612793","18.35340690612793","18.35340690612793"
"284","18.5914306640625","18.5914306640625","18.5914306640625"
"285","18.712289810180664","18.712289810180664","18.712289810180664"
"286","18.55736541748047","18.55736541748047","18.55736541748047"
"287","18.705461502075195","18.705461502075195","18.705461502075195"
"288","18.016891479492188","18.016891479492188","18.016891479492188"
"289","17.43872833251953","17.43872833251953","17.43872833251953"
"290","18.736330032348633","18.736330032348633","18.736330032348633"
"291","18.76607322692871","18.76607322692871","18.76607322692871"
"292","17.765615463256836","17.765615463256836","17.765615463256836"
"293","18.020137786865234","18.020137786865234","18.020137786865234"
"294","19.303592681884766","19.303592681884766","19.303592681884766"
"295","18.665925979614258","18.665925979614258","18.665925979614258"
"296","19.21626091003418","19.21626091003418","19.21626091003418"
"297","18.237058639526367","18.237058639526367","18.237058639526367"
"298","19.032440185546875","19.032440185546875","19.032440185546875"
"299","18.519241333007812","18.519241333007812","18.519241333007812"
"300","18.295743942260742","18.295743942260742","18.295743942260742"
"301","18.125282287597656","18.125282287597656","18.125282287597656"
"302","18.18987464904785","18.18987464904785","18.18987464904785"
"303","18.484086990356445","18.484086990356445","18.484086990356445"
"304","17.5982666015625","17.5982666015625","17.5982666015625"
"305","18.937376022338867","18.937376022338867","18.937376022338867"
"306","18.947158813476562","18.947158813476562","18.947158813476562"
"307","18.43587875366211","18.43587875366211","18.43587875366211"
"308","18.573266983032227","18.573266983032227","18.573266983032227"
"309","19.639400482177734","19.639400482177734","19.639400482177734"
"310","18.815061569213867","18.815061569213867","18.815061569213867"
"311","17.777023315429688","17.777023315429688","17.777023315429688"
"312","18.38956642150879","18.38956642150879","18.38956642150879"
"313","18.10542106628418","18.10542106628418","18.10542106628418"
"314","18.02855682373047","18.02855682373047","18.02855682373047"
"315","17.955354690551758","17.955354690551758","17.955354690551758"
"316","18.2451171875","18.2451171875","18.2451171875"
"317","18.761394500732422","18.761394500732422","18.761394500732422"
"318","17.964290618896484","17.964290618896484","17.964290618896484"
"319","18.55636215209961","18.55636215209961","18.55636215209961"
"320","18.58755111694336","18.58755111694336","18.58755111694336"
"321","18.232288360595703","18.232288360595703","18.232288360595703"
"322","18.120101928710938","18.120101928710938","18.120101928710938"
"323","18.605331420898438","18.605331420898438","18.605331420898438"
"324","18.549549102783203","18.549549102783203","18.549549102783203"
"325","18.61753273010254","18.61753273010254","18.61753273010254"
"326","19.793235778808594","19.793235778808594","19.793235778808594"
"327","18.118450164794922","18.118450164794922","18.118450164794922"
"328","18.424362182617188","18.424362182617188","18.424362182617188"
"329","17.893749237060547","17.893749237060547","17.893749237060547"
"330","19.48733139038086","19.48733139038086","19.48733139038086"
"331","17.991559982299805","17.991559982299805","17.991559982299805"
"332","18.457887649536133","18.457887649536133","18.457887649536133"
"333","18.505680084228516","18.505680084228516","18.505680084228516"
"334","18.694259643554688","18.694259643554688","18.694259643554688"
"335","18.186851501464844","18.186851501464844","18.186851501464844"
"336","18.411977767944336","18.411977767944336","18.411977767944336"
"337","19.179222106933594","19.179222106933594","19.179222106933594"
"338","18.761154174804688","18.761154174804688","18.761154174804688"
"339","18.12653350830078","18.12653350830078","18.12653350830078"
"340","18.628070831298828","18.628070831298828","18.628070831298828"
"341","18.674043655395508","18.674043655395508","18.674043655395508"
"342","19.176382064819336","19.176382064819336","19.176382064819336"
"343","18.397512435913086","18.397512435913086","18.397512435913086"
"344","18.745492935180664","18.745492935180664","18.745492935180664"
"345","19.369518280029297","19.369518280029297","19.369518280029297"
"346","18.23810386657715","18.23810386657715","18.23810386657715"
"347","17.525049209594727","17.525049209594727","17.525049209594727"
"348","18.033475875854492","18.033475875854492","18.033475875854492"
"349","18.22292137145996","18.22292137145996","18.22292137145996"
"350","18.467878341674805","18.467878341674805","18.467878341674805"
"351","18.13990592956543","18.13990592956543","18.13990592956543"
"352","18.14810562133789","18.14810562133789","18.14810562133789"
"353","18.394287109375","18.394287109375","18.394287109375"
"354","18.71091079711914","18.71091079711914","18.71091079711914"
"355","18.051790237426758","18.051790237426758","18.051790237426758"
"356","18.64175033569336","18.64175033569336","18.64175033569336"
"357","18.940492630004883","18.940492630004883","18.940492630004883"
"358","18.008161544799805","18.008161544799805","18.008161544799805"
"359","19.653804779052734","19.653804779052734","19.653804779052734"
"360","17.804882049560547","17.804882049560547","17.804882049560547"
"361","18.7169189453125","18.7169189453125","18.7169189453125"
"362","18.27372932434082","18.27372932434082","18.27372932434082"
"363","18.679052352905273","18.679052352905273","18.679052352905273"
"364","19.63486099243164","19.63486099243164","19.63486099243164"
"365","18.15089988708496","18.15089988708496","18.15089988708496"
"366","18.021697998046875","18.021697998046875","18.021697998046875"
"367","18.299135208129883","18.299135208129883","18.299135208129883"
"368","18.937902450561523","18.937902450561523","18.937902450561523"
"369","18.39682960510254","18.39682960510254","18.39682960510254"
"370","18.860397338867188","18.860397338867188","18.860397338867188"
"371","18.696701049804688","18.696701049804688","18.696701049804688"
"372","18.04711151123047","18.04711151123047","18.04711151123047"
"373","18.733800888061523","18.733800888061523","18.733800888061523"
"374","18.177898406982422","18.177898406982422","18.177898406982422"
"375","17.816162109375","17.816162109375","17.816162109375"
"376","18.343647003173828","18.343647003173828","18.343647003173828"
"377","18.668746948242188","18.668746948242188","18.668746948242188"
"378","18.895212173461914","18.895212173461914","18.895212173461914"
"379","18.469289779663086","18.469289779663086","18.469289779663086"
"380","18.05973243713379","18.05973243713379","18.05973243713379"
"381","18.433931350708008","18.433931350708008","18.433931350708008"
"382","18.075634002685547","18.075634002685547","18.075634002685547"
"383","19.033340454101562","19.033340454101562","19.033340454101562"
"384","18.972881317138672","18.972881317138672","18.972881317138672"
"385","18.663650512695312","18.663650512695312","18.663650512695312"
"386","17.729848861694336","17.729848861694336","17.729848861694336"
"387","17.85912322998047","17.85912322998047","17.85912322998047"
"388","18.799896240234375","18.799896240234375","18.799896240234375"
"389","18.22970199584961","18.22970199584961","18.22970199584961"
"390","18.343856811523438","18.343856811523438","18.343856811523438"
"391","18.368270874023438","18.368270874023438","18.368270874023438"
"392","17.960800170898438","17.960800170898438","17.960800170898438"
"393","18.913654327392578","18.913654327392578","18.913654327392578"
"394","18.033687591552734","18.033687591552734","18.033687591552734"
"395","18.564367294311523","18.564367294311523","18.564367294311523"
"396","18.75556182861328","18.75556182861328","18.75556182861328"
"397","18.25655174255371","18.25655174255371","18.25655174255371"
"398","18.34143829345703","18.34143829345703","18.34143829345703"
"399","18.63609504699707","18.63609504699707","18.63609504699707"
"400","18.067293167114258","18.067293167114258","18.067293167114258"
"401","18.531944274902344","18.531944274902344","18.531944274902344"
"402","18.919574737548828","18.919574737548828","18.919574737548828"
"403","18.4482421875","18.4482421875","18.4482421875"
"404","18.052902221679688","18.052902221679688","18.052902221679688"
"405","17.412954330444336","17.412954330444336","17.412954330444336"
"406","18.070751190185547","18.070751190185547","18.070751190185547"
"407","18.75071144104004","18.75071144104004","18.75071144104004"
"408","18.132047653198242","18.132047653198242","18.132047653198242"
"409","18.812223434448242","18.812223434448242","18.812223434448242"
"410","17.96502685546875","17.96502685546875","17.96502685546875"
"411","18.363100051879883","18.363100051879883","18.363100051879883"
"412","18.926830291748047","18.926830291748047","18.926830291748047"
"413","18.219783782958984","18.219783782958984","18.219783782958984"
"414","19.040618896484375","19.040618896484375","19.040618896484375"
"415","17.97116470336914","17.97116470336914","17.97116470336914"
"416","17.69628143310547","17.69628143310547","17.69628143310547"
"417","19.626874923706055","19.626874923706055","19.626874923706055"
"418","18.04475212097168","18.04475212097168","18.04475212097168"
"419","18.593660354614258","18.593660354614258","18.593660354614258"
"420","18.541133880615234","18.541133880615234","18.541133880615234"
"421","18.039148330688477","18.039148330688477","18.039148330688477"
"422","18.310453414916992","18.310453414916992","18.310453414916992"
"423","17.732877731323242","17.732877731323242","17.732877731323242"
"424","18.053157806396484","18.053157806396484","18.053157806396484"
"425","18.529064178466797","18.529064178466797","18.529064178466797"
"426","17.48976707458496","17.48976707458496","17.48976707458496"
"427","18.450586318969727","18.450586318969727","18.450586318969727"
"428","17.908227920532227","17.908227920532227","17.908227920532227"
"429","18.0396671295166","18.0396671295166","18.0396671295166"
"430","18.15546226501465","18.15546226501465","18.15546226501465"
"431","18.028106689453125","18.028106689453125","18.028106689453125"
"432","17.91396141052246","17.91396141052246","17.91396141052246"
"433","18.279428482055664","18.279428482055664","18.279428482055664"
"434","18.585529327392578","18.585529327392578","18.585529327392578"
"435","18.22129249572754","18.22129249572754","18.22129249572754"
"436","18.589658737182617","18.589658737182617","18.589658737182617"
"437","18.77955436706543","18.77955436706543","18.77955436706543"
"438","18.470232009887695","18.470232009887695","18.470232009887695"
"439","18.55356216430664","18.55356216430664","18.55356216430664"
"440","18.312105178833008","18.312105178833008","18.312105178833008"
"441","18.665170669555664","18.665170669555664","18.665170669555664"
"442","19.211597442626953","19.211597442626953","19.211597442626953"
"443","19.032405853271484","19.032405853271484","19.032405853271484"
"444","18.574783325195312","18.574783325195312","18.574783325195312"
"445","19.23508071899414","19.23508071899414","19.23508071899414"
"446","18.68899154663086","18.68899154663086","18.68899154663086"
"447","18.129796981811523","18.129796981811523","18.129796981811523"
"448","18.295387268066406","18.295387268066406","18.295387268066406"
"449","18.79901695251465","18.79901695251465","18.79901695251465"
"450","18.52274513244629","18.52274513244629","18.52274513244629"
"451","18.26583480834961","18.26583480834961","18.26583480834961"
"452","17.754064559936523","17.754064559936523","17.754064559936523"
"453","17.50550079345703","17.50550079345703","17.50550079345703"
"454","18.012203216552734","18.012203216552734","18.012203216552734"
"455","20.615638732910156","20.615638732910156","20.615638732910156"
"456","18.213104248046875","18.213104248046875","18.213104248046875"
"457","18.060903549194336","18.060903549194336","18.060903549194336"
"458","17.840850830078125","17.840850830078125","17.840850830078125"
"459","18.98426055908203","18.98426055908203","18.98426055908203"
"460","18.32173728942871","18.32173728942871","18.32173728942871"
"461","18.493938446044922","18.493938446044922","18.493938446044922"
"462","18.419448852539062","18.419448852539062","18.419448852539062"
"463","18.544357299804688","18.544357299804688","18.544357299804688"
"464","18.94301414489746","18.94301414489746","18.94301414489746"
"465","18.77987289428711","18.77987289428711","18.77987289428711"
"466","19.136343002319336","19.136343002319336","19.136343002319336"
"467","18.566383361816406","18.566383361816406","18.566383361816406"
"468","18.441505432128906","18.441505432128906","18.441505432128906"
"469","17.654512405395508","17.654512405395508","17.654512405395508"
"470","18.480857849121094","18.480857849121094","18.480857849121094"
"471","18.6697940826416","18.6697940826416","18.6697940826416"
"472","18.41261863708496","18.41261863708496","18.41261863708496"
"473","18.256330490112305","18.256330490112305","18.256330490112305"
"474","18.790987014770508","18.790987014770508","18.790987014770508"
"475","18.397220611572266","18.397220611572266","18.397220611572266"
"476","18.593177795410156","18.593177795410156","18.593177795410156"
"477","18.027843475341797","18.027843475341797","18.027843475341797"
"478","18.638628005981445","18.638628005981445","18.638628005981445"
"479","18.036930084228516","18.036930084228516","18.036930084228516"
"480","18.039960861206055","18.039960861206055","18.039960861206055"
"481","18.389989852905273","18.389989852905273","18.389989852905273"
"482","18.093008041381836","18.093008041381836","18.093008041381836"
"483","18.29813003540039","18.29813003540039","18.29813003540039"
"484","17.62978744506836","17.62978744506836","17.62978744506836"
"485","18.594085693359375","18.594085693359375","18.594085693359375"
"486","18.25359344482422","18.25359344482422","18.25359344482422"
"487","18.42192840576172","18.42192840576172","18.42192840576172"
"488","18.522932052612305","18.522932052612305","18.522932052612305"
"489","18.3419246673584","18.3419246673584","18.3419246673584"
"490","18.12218475341797","18.12218475341797","18.12218475341797"
"491","18.400375366210938","18.400375366210938","18.400375366210938"
"492","18.440570831298828","18.440570831298828","18.440570831298828"
"493","18.47374153137207","18.47374153137207","18.47374153137207"
"494","18.347490310668945","18.347490310668945","18.347490310668945"
"495","18.612634658813477","18.612634658813477","18.612634658813477"
"496","18.495006561279297","18.495006561279297","18.495006561279297"
"497","18.164947509765625","18.164947509765625","18.164947509765625"
"498","18.461620330810547","18.461620330810547","18.461620330810547"
"499","18.66627311706543","18.66627311706543","18.66627311706543"
"500","18.374404907226562","18.374404907226562","18.374404907226562"
"501","17.534759521484375","17.534759521484375","17.534759521484375"
"502","18.125627517700195","18.125627517700195","18.125627517700195"
"503","17.887720108032227","17.887720108032227","17.887720108032227"
"504","18.705907821655273","18.705907821655273","18.705907821655273"
"505","17.968210220336914","17.968210220336914","17.968210220336914"
"506","18.358442306518555","18.358442306518555","18.358442306518555"
"507","18.018644332885742","18.018644332885742","18.018644332885742"
"508","18.113475799560547","18.113475799560547","18.113475799560547"
"509","18.571435928344727","18.571435928344727","18.571435928344727"
"510","18.124570846557617","18.124570846557617","18.124570846557617"
"511","18.721515655517578","18.721515655517578","18.721515655517578"
"512","19.075651168823242","19.075651168823242","19.075651168823242"
"513","18.562543869018555","18.562543869018555","18.562543869018555"
"514","18.279010772705078","18.279010772705078","18.279010772705078"
"515","18.735591888427734","18.735591888427734","18.735591888427734"
"516","18.748807907104492","18.748807907104492","18.748807907104492"
"517","18.734773635864258","18.734773635864258","18.734773635864258"
"518","18.915613174438477","18.915613174438477","18.915613174438477"
"519","18.237001419067383","18.237001419067383","18.237001419067383"
"520","18.042661666870117","18.042661666870117","18.042661666870117"
"521","18.41520881652832","18.41520881652832","18.41520881652832"
"522","18.178932189941406","18.178932189941406","18.178932189941406"
"523","19.483617782592773","19.483617782592773","19.483617782592773"
"524","18.827190399169922","18.827190399169922","18.827190399169922"
"525","18.182231903076172","18.182231903076172","18.182231903076172"
"526","17.891464233398438","17.891464233398438","17.891464233398438"
"527","18.35537338256836","18.35537338256836","18.35537338256836"
"528","18.20877456665039","18.20877456665039","18.20877456665039"
"529","18.54851531982422","18.54851531982422","18.54851531982422"
"530","19.360490798950195","19.360490798950195","19.360490798950195"
"531","18.30415153503418","18.30415153503418","18.30415153503418"
"532","18.453031539916992","18.453031539916992","18.453031539916992"
"533","18.805694580078125","18.805694580078125","18.805694580078125"
"534","18.821027755737305","18.821027755737305","18.821027755737305"
"535","17.92775535583496","17.92775535583496","17.92775535583496"
"536","18.696002960205078","18.696002960205078","18.696002960205078"
"537","17.912546157836914","17.912546157836914","17.912546157836914"
"538","17.86974334716797","17.86974334716797","17.86974334716797"
"539","19.092979431152344","19.092979431152344","19.092979431152344"
"540","18.702726364135742","18.702726364135742","18.702726364135742"
"541","17.8708438873291","17.8708438873291","17.8708438873291"
"542","19.26941680908203","19.26941680908203","19.26941680908203"
"543","17.361553192138672","17.361553192138672","17.361553192138672"
"544","18.783700942993164","18.783700942993164","18.783700942993164"
"545","18.559425354003906","18.559425354003906","18.559425354003906"
"546","18.683080673217773","18.683080673217773","18.683080673217773"
"547","18.889997482299805","18.889997482299805","18.889997482299805"
"548","19.252504348754883","19.252504348754883","19.252504348754883"
"549","18.350622177124023","18.350622177124023","18.350622177124023"
"550","18.68563461303711","18.68563461303711","18.68563461303711"
"551","18.87116241455078","18.87116241455078","18.87116241455078"
"552","18.790809631347656","18.790809631347656","18.790809631347656"
"553","18.1695556640625","18.1695556640625","18.1695556640625"
"554","19.503847122192383","19.503847122192383","19.503847122192383"
"555","18.434837341308594","18.434837341308594","18.434837341308594"
"556","18.949565887451172","18.949565887451172","18.949565887451172"
"557","18.12656593322754","18.12656593322754","18.12656593322754"
"558","19.247873306274414","19.247873306274414","19.247873306274414"
"559","18.382953643798828","18.382953643798828","18.382953643798828"
"560","18.91164207458496","18.91164207458496","18.91164207458496"
"561","18.907352447509766","18.907352447509766","18.907352447509766"
"562","19.063364028930664","19.063364028930664","19.063364028930664"
"563","18.27534294128418","18.27534294128418","18.27534294128418"
"564","19.077255249023438","19.077255249023438","19.077255249023438"
"565","18.631820678710938","18.631820678710938","18.631820678710938"
"566","18.871397018432617","18.871397018432617","18.871397018432617"
"567","18.087871551513672","18.087871551513672","18.087871551513672"
"568","18.536495208740234","18.536495208740234","18.536495208740234"
"569","18.570903778076172","18.570903778076172","18.570903778076172"
"570","18.51896858215332","18.51896858215332","18.51896858215332"
"571","18.658977508544922","18.658977508544922","18.658977508544922"
"572","17.71898651123047","17.71898651123047","17.71898651123047"
"573","18.362642288208008","18.362642288208008","18.362642288208008"
"574","17.76161003112793","17.76161003112793","17.76161003112793"
"575","18.608312606811523","18.608312606811523","18.608312606811523"
"576","18.639957427978516","18.639957427978516","18.639957427978516"
"577","19.465906143188477","19.465906143188477","19.465906143188477"
"578","18.30512237548828","18.30512237548828","18.30512237548828"
"579","18.30998992919922","18.30998992919922","18.30998992919922"
"580","18.486631393432617","18.486631393432617","18.486631393432617"
"581","17.15170669555664","17.15170669555664","17.15170669555664"
"582","17.710899353027344","17.710899353027344","17.710899353027344"
"583","18.031139373779297","18.031139373779297","18.031139373779297"
"584","18.57497787475586","18.57497787475586","18.57497787475586"
"585","17.763822555541992","17.763822555541992","17.763822555541992"
"586","17.819459915161133","17.819459915161133","17.819459915161133"
"587","18.818195343017578","18.818195343017578","18.818195343017578"
"588","19.10251808166504","19.10251808166504","19.10251808166504"
"589","18.596364974975586","18.596364974975586","18.596364974975586"
"590","17.954683303833008","17.954683303833008","17.954683303833008"
"591","17.836387634277344","17.836387634277344","17.836387634277344"
"592","18.23847770690918","18.23847770690918","18.23847770690918"
"593","18.48859214782715","18.48859214782715","18.48859214782715"
"594","18.68345832824707","18.68345832824707","18.68345832824707"
"595","17.487733840942383","17.487733840942383","17.487733840942383"
"596","18.4705810546875","18.4705810546875","18.4705810546875"
"597","19.07842445373535","19.07842445373535","19.07842445373535"
"598","18.482837677001953","18.482837677001953","18.482837677001953"
"599","18.34659194946289","18.34659194946289","18.34659194946289"
"600","18.006999969482422","18.006999969482422","18.006999969482422"
"601","17.615039825439453","17.615039825439453","17.615039825439453"
"602","18.3548583984375","18.3548583984375","18.3548583984375"
"603","18.983108520507812","18.983108520507812","18.983108520507812"
"604","18.72118377685547","18.72118377685547","18.72118377685547"
"605","18.19746208190918","18.19746208190918","18.19746208190918"
"606","18.000516891479492","18.000516891479492","18.000516891479492"
"607","18.374176025390625","18.374176025390625","18.374176025390625"
"608","18.8527889251709","18.8527889251709","18.8527889251709"
"609","18.325220108032227","18.325220108032227","18.325220108032227"
"610","19.613304138183594","19.613304138183594","19.613304138183594"
"611","18.31528091430664","18.31528091430664","18.31528091430664"
"612","18.324642181396484","18.324642181396484","18.324642181396484"
"613","18.536117553710938","18.536117553710938","18.536117553710938"
"614","18.901193618774414","18.901193618774414","18.901193618774414"
"615","18.66645050048828","18.66645050048828","18.66645050048828"
"616","18.621723175048828","18.621723175048828","18.621723175048828"
"617","18.52183723449707","18.52183723449707","18.52183723449707"
"618","18.138442993164062","18.138442993164062","18.138442993164062"
"619","18.88779640197754","18.88779640197754","18.88779640197754"
"620","18.542129516601562","18.542129516601562","18.542129516601562"
"621","18.106599807739258","18.106599807739258","18.106599807739258"
"622","18.260814666748047","18.260814666748047","18.260814666748047"
"623","18.648019790649414","18.648019790649414","18.648019790649414"
"624","17.911985397338867","17.911985397338867","17.911985397338867"
"625","18.68995475769043","18.68995475769043","18.68995475769043"
"626","17.97160530090332","17.97160530090332","17.97160530090332"
"627","17.737319946289062","17.737319946289062","17.737319946289062"
"628","18.753311157226562","18.753311157226562","18.753311157226562"
"629","17.29106330871582","17.29106330871582","17.29106330871582"
"630","17.993303298950195","17.993303298950195","17.993303298950195"
"631","18.684213638305664","18.684213638305664","18.684213638305664"
"632","19.131757736206055","19.131757736206055","19.131757736206055"
"633","18.036514282226562","18.036514282226562","18.036514282226562"
"634","19.3095760345459","19.3095760345459","19.3095760345459"
"635","17.627145767211914","17.627145767211914","17.627145767211914"
"636","17.867332458496094","17.867332458496094","17.867332458496094"
"637","18.441482543945312","18.441482543945312","18.441482543945312"
"638","18.3917179107666","18.3917179107666","18.3917179107666"
"639","18.177431106567383","18.177431106567383","18.177431106567383"
"640","18.97438621520996","18.97438621520996","18.97438621520996"
"641","18.331653594970703","18.331653594970703","18.331653594970703"
"642","18.707660675048828","18.707660675048828","18.707660675048828"
"643","18.74533462524414","18.74533462524414","18.74533462524414"
"644","18.911235809326172","18.911235809326172","18.911235809326172"
"645","18.762645721435547","18.762645721435547","18.762645721435547"
"646","18.169599533081055","18.169599533081055","18.169599533081055"
"647","18.03256607055664","18.03256607055664","18.03256607055664"
"648","17.72551727294922","17.72551727294922","17.72551727294922"
"649","17.999725341796875","17.999725341796875","17.999725341796875"
"650","18.008319854736328","18.008319854736328","18.008319854736328"
"651","17.825809478759766","17.825809478759766","17.825809478759766"
"652","18.86774253845215","18.86774253845215","18.86774253845215"
"653","18.081836700439453","18.081836700439453","18.081836700439453"
"654","18.440229415893555","18.440229415893555","18.440229415893555"
"655","17.987838745117188","17.987838745117188","17.987838745117188"
"656","19.734420776367188","19.734420776367188","19.734420776367188"
"657","18.52488899230957","18.52488899230957","18.52488899230957"
"658","18.922103881835938","18.922103881835938","18.922103881835938"
"659","18.789531707763672","18.789531707763672","18.789531707763672"
"660","19.117509841918945","19.117509841918945","19.117509841918945"
"661","17.776348114013672","17.776348114013672","17.776348114013672"
"662","18.701032638549805","18.701032638549805","18.701032638549805"
"663","18.44292640686035","18.44292640686035","18.44292640686035"
"664","17.558780670166016","17.558780670166016","17.558780670166016"
"665","18.566024780273438","18.566024780273438","18.566024780273438"
"666","19.08185386657715","19.08185386657715","19.08185386657715"
"667","18.284719467163086","18.284719467163086","18.284719467163086"
"668","18.37296485900879","18.37296485900879","18.37296485900879"
"669","18.496904373168945","18.496904373168945","18.496904373168945"
"670","18.548933029174805","18.548933029174805","18.548933029174805"
"671","18.714887619018555","18.714887619018555","18.714887619018555"
"672","18.34061622619629","18.34061622619629","18.34061622619629"
"673","17.85169219970703","17.85169219970703","17.85169219970703"
"674","18.73114585876465","18.73114585876465","18.73114585876465"
"675","18.885025024414062","18.885025024414062","18.885025024414062"
"676","18.123743057250977","18.123743057250977","18.123743057250977"
"677","18.37769889831543","18.37769889831543","18.37769889831543"
"678","17.72138786315918","17.72138786315918","17.72138786315918"
"679","19.718141555786133","19.718141555786133","19.718141555786133"
"680","19.062904357910156","19.062904357910156","19.062904357910156"
"681","17.674556732177734","17.674556732177734","17.674556732177734"
"682","18.44432258605957","18.44432258605957","18.44432258605957"
"683","17.571170806884766","17.571170806884766","17.571170806884766"
"684","17.555662155151367","17.555662155151367","17.555662155151367"
"685","18.24250030517578","18.24250030517578","18.24250030517578"
"686","18.34282684326172","18.34282684326172","18.34282684326172"
"687","18.696544647216797","18.696544647216797","18.696544647216797"
"688","17.72028923034668","17.72028923034668","17.72028923034668"
"689","18.438045501708984","18.438045501708984","18.438045501708984"
"690","19.02608871459961","19.02608871459961","19.02608871459961"
"691","18.389543533325195","18.389543533325195","18.389543533325195"
"692","17.584487915039062","17.584487915039062","17.584487915039062"
"693","17.980710983276367","17.980710983276367","17.980710983276367"
"694","18.242109298706055","18.242109298706055","18.242109298706055"
"695","17.591073989868164","17.591073989868164","17.591073989868164"
"696","19.018095016479492","19.018095016479492","19.018095016479492"
"697","18.460277557373047","18.460277557373047","18.460277557373047"
"698","19.629714965820312","19.629714965820312","19.629714965820312"
"699","19.03840446472168","19.03840446472168","19.03840446472168"
"700","17.89728355407715","17.89728355407715","17.89728355407715"
"701","18.553022384643555","18.553022384643555","18.553022384643555"
"702","18.985776901245117","18.985776901245117","18.985776901245117"
"703","17.87738800048828","17.87738800048828","17.87738800048828"
"704","17.650794982910156","17.650794982910156","17.650794982910156"
"705","18.530975341796875","18.530975341796875","18.530975341796875"
"706","18.756099700927734","18.756099700927734","18.756099700927734"
"707","18.367990493774414","18.367990493774414","18.367990493774414"
"708","18.538789749145508","18.538789749145508","18.538789749145508"
"709","18.560218811035156","18.560218811035156","18.560218811035156"
"710","18.73996925354004","18.73996925354004","18.73996925354004"
"711","18.33499526977539","18.33499526977539","18.33499526977539"
"712","18.128267288208008","18.128267288208008","18.128267288208008"
"713","18.22832489013672","18.22832489013672","18.22832489013672"
"714","18.83455467224121","18.83455467224121","18.83455467224121"
"715","18.49018096923828","18.49018096923828","18.49018096923828"
"716","18.625070571899414","18.625070571899414","18.625070571899414"
"717","18.17779541015625","18.17779541015625","18.17779541015625"
"718","18.169052124023438","18.169052124023438","18.169052124023438"
"719","18.586597442626953","18.586597442626953","18.586597442626953"
"720","18.94667625427246","18.94667625427246","18.94667625427246"
"721","18.36592674255371","18.36592674255371","18.36592674255371"
"722","18.65552520751953","18.65552520751953","18.65552520751953"
"723","18.518024444580078","18.518024444580078","18.518024444580078"
"724","19.282737731933594","19.282737731933594","19.282737731933594"
"725","18.0600528717041","18.0600528717041","18.0600528717041"
"726","19.08343505859375","19.08343505859375","19.08343505859375"
"727","18.023365020751953","18.023365020751953","18.023365020751953"
"728","18.132272720336914","18.132272720336914","18.132272720336914"
"729","18.407817840576172","18.407817840576172","18.407817840576172"
"730","18.00057029724121","18.00057029724121","18.00057029724121"
"731","18.391874313354492","18.391874313354492","18.391874313354492"
"732","17.47766876220703","17.47766876220703","17.47766876220703"
"733","18.54366683959961","18.54366683959961","18.54366683959961"
"734","18.055309295654297","18.055309295654297","18.055309295654297"
"735","18.491220474243164","18.491220474243164","18.491220474243164"
"736","18.562541961669922","18.562541961669922","18.562541961669922"
"737","18.11424446105957","18.11424446105957","18.11424446105957"
"738","18.434953689575195","18.434953689575195","18.434953689575195"
"739","18.466630935668945","18.466630935668945","18.466630935668945"
"740","17.897869110107422","17.897869110107422","17.897869110107422"
"741","18.539487838745117","18.539487838745117","18.539487838745117"
"742","17.577560424804688","17.577560424804688","17.577560424804688"
"743","17.89864158630371","17.89864158630371","17.89864158630371"
"744","18.979515075683594","18.979515075683594","18.979515075683594"
"745","17.68726348876953","17.68726348876953","17.68726348876953"
"746","18.992313385009766","18.992313385009766","18.992313385009766"
"747","18.31908416748047","18.31908416748047","18.31908416748047"
"748","19.164579391479492","19.164579391479492","19.164579391479492"
"749","18.655620574951172","18.655620574951172","18.655620574951172"
"750","17.543474197387695","17.543474197387695","17.543474197387695"
"751","18.412734985351562","18.412734985351562","18.412734985351562"
"752","18.88681411743164","18.88681411743164","18.88681411743164"
"753","17.633811950683594","17.633811950683594","17.633811950683594"
"754","17.873247146606445","17.873247146606445","17.873247146606445"
"755","18.57282066345215","18.57282066345215","18.57282066345215"
"756","18.159433364868164","18.159433364868164","18.159433364868164"
"757","18.700075149536133","18.700075149536133","18.700075149536133"
"758","18.270009994506836","18.270009994506836","18.270009994506836"
"759","17.850969314575195","17.850969314575195","17.850969314575195"
"760","18.30641746520996","18.30641746520996","18.30641746520996"
"761","18.883344650268555","18.883344650268555","18.883344650268555"
"762","19.174455642700195","19.174455642700195","19.174455642700195"
"763","17.691328048706055","17.691328048706055","17.691328048706055"
"764","18.572513580322266","18.572513580322266","18.572513580322266"
"765","18.979490280151367","18.979490280151367","18.979490280151367"
"766","18.807552337646484","18.807552337646484","18.807552337646484"
"767","18.13108253479004","18.13108253479004","18.13108253479004"
"768","17.67258644104004","17.67258644104004","17.67258644104004"
"769","18.481704711914062","18.481704711914062","18.481704711914062"
"770","18.711990356445312","18.711990356445312","18.711990356445312"
"771","18.40907859802246","18.40907859802246","18.40907859802246"
"772","18.48268699645996","18.48268699645996","18.48268699645996"
"773","18.07366371154785","18.07366371154785","18.07366371154785"
"774","18.53146743774414","18.53146743774414","18.53146743774414"
"775","18.16986656188965","18.16986656188965","18.16986656188965"
"776","18.45597267150879","18.45597267150879","18.45597267150879"
"777","17.845796585083008","17.845796585083008","17.845796585083008"
"778","18.171024322509766","18.171024322509766","18.171024322509766"
"779","18.034433364868164","18.034433364868164","18.034433364868164"
"780","18.886728286743164","18.886728286743164","18.886728286743164"
"781","19.232328414916992","19.232328414916992","19.232328414916992"
"782","18.192827224731445","18.192827224731445","18.192827224731445"
"783","17.031402587890625","17.031402587890625","17.031402587890625"
"784","18.478559494018555","18.478559494018555","18.478559494018555"
"785","18.44486427307129","18.44486427307129","18.44486427307129"
"786","18.47943687438965","18.47943687438965","18.47943687438965"
"787","17.863338470458984","17.863338470458984","17.863338470458984"
"788","18.009607315063477","18.009607315063477","18.009607315063477"
"789","17.982301712036133","17.982301712036133","17.982301712036133"
"790","18.694549560546875","18.694549560546875","18.694549560546875"
"791","17.802230834960938","17.802230834960938","17.802230834960938"
"792","18.180477142333984","18.180477142333984","18.180477142333984"
"793","18.2908992767334","18.2908992767334","18.2908992767334"
"794","18.797529220581055","18.797529220581055","18.797529220581055"
"795","17.50082778930664","17.50082778930664","17.50082778930664"
"796","18.239303588867188","18.239303588867188","18.239303588867188"
"797","18.04552459716797","18.04552459716797","18.04552459716797"
"798","18.285850524902344","18.285850524902344","18.285850524902344"
"799","19.038694381713867","19.038694381713867","19.038694381713867"
"800","18.47091293334961","18.47091293334961","18.47091293334961"
"801","18.578283309936523","18.578283309936523","18.578283309936523"
"802","17.946250915527344","17.946250915527344","17.946250915527344"
"803","17.825702667236328","17.825702667236328","17.825702667236328"
"804","18.083541870117188","18.083541870117188","18.083541870117188"
"805","17.719364166259766","17.719364166259766","17.719364166259766"
"806","17.89838409423828","17.89838409423828","17.89838409423828"
"807","17.722593307495117","17.722593307495117","17.722593307495117"
"808","18.670127868652344","18.670127868652344","18.670127868652344"
"809","18.91863250732422","18.91863250732422","18.91863250732422"
"810","17.919864654541016","17.919864654541016","17.919864654541016"
"811","18.088123321533203","18.088123321533203","18.088123321533203"
"812","19.18281364440918","19.18281364440918","19.18281364440918"
"813","17.939823150634766","17.939823150634766","17.939823150634766"
"814","18.25634765625","18.25634765625","18.25634765625"
"815","17.79784393310547","17.79784393310547","17.79784393310547"
"816","17.766557693481445","17.766557693481445","17.766557693481445"
"817","18.426916122436523","18.426916122436523","18.426916122436523"
"818","18.364259719848633","18.364259719848633","18.364259719848633"
"819","18.373950958251953","18.373950958251953","18.373950958251953"
"820","18.75740623474121","18.75740623474121","18.75740623474121"
"821","18.527345657348633","18.527345657348633","18.527345657348633"
"822","17.462766647338867","17.462766647338867","17.462766647338867"
"823","18.160886764526367","18.160886764526367","18.160886764526367"
"824","18.99437713623047","18.99437713623047","18.99437713623047"
"825","18.732250213623047","18.732250213623047","18.732250213623047"
"826","19.51313018798828","19.51313018798828","19.51313018798828"
"827","19.192646026611328","19.192646026611328","19.192646026611328"
"828","17.887195587158203","17.887195587158203","17.887195587158203"
"829","17.705135345458984","17.705135345458984","17.705135345458984"
"830","18.158546447753906","18.158546447753906","18.158546447753906"
"831","18.27044105529785","18.27044105529785","18.27044105529785"
"832","18.402292251586914","18.402292251586914","18.402292251586914"
"833","18.448089599609375","18.448089599609375","18.448089599609375"
"834","17.85257911682129","17.85257911682129","17.85257911682129"
"835","18.501049041748047","18.501049041748047","18.501049041748047"
"836","18.378602981567383","18.378602981567383","18.378602981567383"
"837","18.79412269592285","18.79412269592285","18.79412269592285"
"838","17.764650344848633","17.764650344848633","17.764650344848633"
"839","18.305139541625977","18.305139541625977","18.305139541625977"
"840","17.925457000732422","17.925457000732422","17.925457000732422"
"841","18.733518600463867","18.733518600463867","18.733518600463867"
"842","18.3731746673584","18.3731746673584","18.3731746673584"
"843","17.95815658569336","17.95815658569336","17.95815658569336"
"844","18.57741355895996","18.57741355895996","18.57741355895996"
"845","18.994216918945312","18.994216918945312","18.994216918945312"
"846","17.702829360961914","17.702829360961914","17.702829360961914"
"847","18.722721099853516","18.722721099853516","18.722721099853516"
"848","18.85187339782715","18.85187339782715","18.85187339782715"
"849","17.95818519592285","17.95818519592285","17.95818519592285"
"850","17.391754150390625","17.391754150390625","17.391754150390625"
"851","18.37378692626953","18.37378692626953","18.37378692626953"
"852","18.97315216064453","18.97315216064453","18.97315216064453"
"853","18.37428855895996","18.37428855895996","18.37428855895996"
"854","17.285188674926758","17.285188674926758","17.285188674926758"
"855","17.866928100585938","17.866928100585938","17.866928100585938"
"856","18.195531845092773","18.195531845092773","18.195531845092773"
"857","17.71322250366211","17.71322250366211","17.71322250366211"
"858","18.5709285736084","18.5709285736084","18.5709285736084"
"859","17.801862716674805","17.801862716674805","17.801862716674805"
"860","17.602680206298828","17.602680206298828","17.602680206298828"
"861","17.404268264770508","17.404268264770508","17.404268264770508"
"862","18.5216121673584","18.5216121673584","18.5216121673584"
"863","18.09920310974121","18.09920310974121","18.09920310974121"
"864","18.30000877380371","18.30000877380371","18.30000877380371"
"865","19.952829360961914","19.952829360961914","19.952829360961914"
"866","19.44550895690918","19.44550895690918","19.44550895690918"
"867","18.175922393798828","18.175922393798828","18.175922393798828"
"868","18.10067367553711","18.10067367553711","18.10067367553711"
"869","17.915712356567383","17.915712356567383","17.915712356567383"
"870","17.66580581665039","17.66580581665039","17.66580581665039"
"871","18.217836380004883","18.217836380004883","18.217836380004883"
"872","18.318439483642578","18.318439483642578","18.318439483642578"
"873","17.8490047454834","17.8490047454834","17.8490047454834"
"874","18.08438491821289","18.08438491821289","18.08438491821289"
"875","18.250226974487305","18.250226974487305","18.250226974487305"
"876","18.203819274902344","18.203819274902344","18.203819274902344"
"877","18.266164779663086","18.266164779663086","18.266164779663086"
"878","19.045827865600586","19.045827865600586","19.045827865600586"
"879","17.548974990844727","17.548974990844727","17.548974990844727"
"880","18.687097549438477","18.687097549438477","18.687097549438477"
"881","17.827392578125","17.827392578125","17.827392578125"
"882","18.940444946289062","18.940444946289062","18.940444946289062"
"883","19.000661849975586","19.000661849975586","19.000661849975586"
"884","18.329442977905273","18.329442977905273","18.329442977905273"
"885","18.766042709350586","18.766042709350586","18.766042709350586"
"886","18.202829360961914","18.202829360961914","18.202829360961914"
"887","18.51529312133789","18.51529312133789","18.51529312133789"
"888","18.042640686035156","18.042640686035156","18.042640686035156"
"889","18.26556968688965","18.26556968688965","18.26556968688965"
"890","18.63570213317871","18.63570213317871","18.63570213317871"
"891","18.58755111694336","18.58755111694336","18.58755111694336"
"892","18.467317581176758","18.467317581176758","18.467317581176758"
"893","17.753398895263672","17.753398895263672","17.753398895263672"
"894","18.58623695373535","18.58623695373535","18.58623695373535"
"895","18.68837547302246","18.68837547302246","18.68837547302246"
"896","17.99363899230957","17.99363899230957","17.99363899230957"
"897","18.056163787841797","18.056163787841797","18.056163787841797"
"898","18.243080139160156","18.243080139160156","18.243080139160156"
"899","18.5633544921875","18.5633544921875","18.5633544921875"
"900","18.60164451599121","18.60164451599121","18.60164451599121"
"901","18.213287353515625","18.213287353515625","18.213287353515625"
"902","18.509416580200195","18.509416580200195","18.509416580200195"
"903","19.176027297973633","19.176027297973633","19.176027297973633"
"904","18.528594970703125","18.528594970703125","18.528594970703125"
"905","18.183263778686523","18.183263778686523","18.183263778686523"
"906","17.888463973999023","17.888463973999023","17.888463973999023"
"907","18.379133224487305","18.379133224487305","18.379133224487305"
"908","17.83791732788086","17.83791732788086","17.83791732788086"
"909","18.63763427734375","18.63763427734375","18.63763427734375"
"910","17.974592208862305","17.974592208862305","17.974592208862305"
"911","18.761751174926758","18.761751174926758","18.761751174926758"
"912","17.462312698364258","17.462312698364258","17.462312698364258"
"913","18.321321487426758","18.321321487426758","18.321321487426758"
"914","18.291656494140625","18.291656494140625","18.291656494140625"
"915","18.08768081665039","18.08768081665039","18.08768081665039"
"916","18.18394660949707","18.18394660949707","18.18394660949707"
"917","18.280067443847656","18.280067443847656","18.280067443847656"
"918","18.13037872314453","18.13037872314453","18.13037872314453"
"919","18.314464569091797","18.314464569091797","18.314464569091797"
"920","18.29680633544922","18.29680633544922","18.29680633544922"
"921","18.5844669342041","18.5844669342041","18.5844669342041"
"922","17.586835861206055","17.586835861206055","17.586835861206055"
"923","18.104820251464844","18.104820251464844","18.104820251464844"
"924","18.034873962402344","18.034873962402344","18.034873962402344"
"925","18.493709564208984","18.493709564208984","18.493709564208984"
"926","18.806713104248047","18.806713104248047","18.806713104248047"
"927","18.705514907836914","18.705514907836914","18.705514907836914"
"928","18.15086555480957","18.15086555480957","18.15086555480957"
"929","18.288328170776367","18.288328170776367","18.288328170776367"
"930","17.952945709228516","17.952945709228516","17.952945709228516"
"931","18.29975700378418","18.29975700378418","18.29975700378418"
"932","18.15822982788086","18.15822982788086","18.15822982788086"
"933","18.308015823364258","18.308015823364258","18.308015823364258"
"934","17.68407440185547","17.68407440185547","17.68407440185547"
"935","17.602872848510742","17.602872848510742","17.602872848510742"
"936","18.04825210571289","18.04825210571289","18.04825210571289"
"937","18.6789608001709","18.6789608001709","18.6789608001709"
"938","17.9851016998291","17.9851016998291","17.9851016998291"
"939","18.14986228942871","18.14986228942871","18.14986228942871"
"940","18.078655242919922","18.078655242919922","18.078655242919922"
"941","18.36290168762207","18.36290168762207","18.36290168762207"
"942","17.993663787841797","17.993663787841797","17.993663787841797"
"943","17.873552322387695","17.873552322387695","17.873552322387695"
"944","18.195863723754883","18.195863723754883","18.195863723754883"
"945","18.550945281982422","18.550945281982422","18.550945281982422"
"946","17.5028018951416","17.5028018951416","17.5028018951416"
"947","19.073333740234375","19.073333740234375","19.073333740234375"
"948","17.793865203857422","17.793865203857422","17.793865203857422"
"949","18.55254364013672","18.55254364013672","18.55254364013672"
"950","18.06029510498047","18.06029510498047","18.06029510498047"
"951","19.19114112854004","19.19114112854004","19.19114112854004"
"952","18.450523376464844","18.450523376464844","18.450523376464844"
"953","18.31427001953125","18.31427001953125","18.31427001953125"
"954","18.0252742767334","18.0252742767334","18.0252742767334"
"955","18.034442901611328","18.034442901611328","18.034442901611328"
"956","18.402828216552734","18.402828216552734","18.402828216552734"
"957","17.751174926757812","17.751174926757812","17.751174926757812"
"958","18.39872932434082","18.39872932434082","18.39872932434082"
"959","18.270048141479492","18.270048141479492","18.270048141479492"
"960","17.715457916259766","17.715457916259766","17.715457916259766"
"961","18.336153030395508","18.336153030395508","18.336153030395508"
"962","18.838315963745117","18.838315963745117","18.838315963745117"
"963","18.689373016357422","18.689373016357422","18.689373016357422"
"964","18.210905075073242","18.210905075073242","18.210905075073242"
"965","17.57082748413086","17.57082748413086","17.57082748413086"
"966","19.04068374633789","19.04068374633789","19.04068374633789"
"967","17.75985336303711","17.75985336303711","17.75985336303711"
"968","19.115942001342773","19.115942001342773","19.115942001342773"
"969","18.552059173583984","18.552059173583984","18.552059173583984"
"970","18.66022491455078","18.66022491455078","18.66022491455078"
"971","17.88258171081543","17.88258171081543","17.88258171081543"
"972","18.99483299255371","18.99483299255371","18.99483299255371"
"973","17.91248321533203","17.91248321533203","17.91248321533203"
"974","18.411712646484375","18.411712646484375","18.411712646484375"
"975","18.20575714111328","18.20575714111328","18.20575714111328"
"976","17.9714298248291","17.9714298248291","17.9714298248291"
"977","18.662578582763672","18.662578582763672","18.662578582763672"
"978","17.489370346069336","17.489370346069336","17.489370346069336"
"979","17.625930786132812","17.625930786132812","17.625930786132812"
"980","17.75275230407715","17.75275230407715","17.75275230407715"
"981","18.389297485351562","18.389297485351562","18.389297485351562"
"982","18.267004013061523","18.267004013061523","18.267004013061523"
"983","18.038429260253906","18.038429260253906","18.038429260253906"
"984","18.182531356811523","18.182531356811523","18.182531356811523"
"985","19.09382438659668","19.09382438659668","19.09382438659668"
"986","18.6657657623291","18.6657657623291","18.6657657623291"
"987","17.841779708862305","17.841779708862305","17.841779708862305"
"988","18.433059692382812","18.433059692382812","18.433059692382812"
"989","18.06673812866211","18.06673812866211","18.06673812866211"
"990","18.412010192871094","18.412010192871094","18.412010192871094"
"991","18.011884689331055","18.011884689331055","18.011884689331055"
"992","18.83514404296875","18.83514404296875","18.83514404296875"
"993","19.065114974975586","19.065114974975586","19.065114974975586"
"994","19.06284523010254","19.06284523010254","19.06284523010254"
"995","17.533884048461914","17.533884048461914","17.533884048461914"
"996","18.6583309173584","18.6583309173584","18.6583309173584"
"997","18.30864906311035","18.30864906311035","18.30864906311035"
"998","17.13785171508789","17.13785171508789","17.13785171508789"
"999","18.101058959960938","18.101058959960938","18.101058959960938"
"1000","17.793045043945312","17.793045043945312","17.793045043945312"
"1001","17.986618041992188","17.986618041992188","17.986618041992188"
"1002","17.53795623779297","17.53795623779297","17.53795623779297"
"1003","18.495670318603516","18.495670318603516","18.495670318603516"
"1004","18.016698837280273","18.016698837280273","18.016698837280273"
"1005","18.29600715637207","18.29600715637207","18.29600715637207"
"1006","18.589628219604492","18.589628219604492","18.589628219604492"
"1007","18.700359344482422","18.700359344482422","18.700359344482422"
"1008","18.52740478515625","18.52740478515625","18.52740478515625"
"1009","18.58908462524414","18.58908462524414","18.58908462524414"
"1010","18.450687408447266","18.450687408447266","18.450687408447266"
"1011","18.098365783691406","18.098365783691406","18.098365783691406"
"1012","18.38027000427246","18.38027000427246","18.38027000427246"
"1013","18.317338943481445","18.317338943481445","18.317338943481445"
"1014","17.96440887451172","17.96440887451172","17.96440887451172"
"1015","18.785419464111328","18.785419464111328","18.785419464111328"
"1016","18.314170837402344","18.314170837402344","18.314170837402344"
"1017","18.14447784423828","18.14447784423828","18.14447784423828"
"1018","17.809953689575195","17.809953689575195","17.809953689575195"
"1019","18.652433395385742","18.652433395385742","18.652433395385742"
"1020","19.2218017578125","19.2218017578125","19.2218017578125"
"1021","17.960933685302734","17.960933685302734","17.960933685302734"
"1022","18.05942153930664","18.05942153930664","18.05942153930664"
"1023","18.513612747192383","18.513612747192383","18.513612747192383"
"1024","18.39291763305664","18.39291763305664","18.39291763305664"
"1025","19.12954330444336","19.12954330444336","19.12954330444336"
"1026","19.084003448486328","19.084003448486328","19.084003448486328"
"1027","17.941661834716797","17.941661834716797","17.941661834716797"
"1028","18.221115112304688","18.221115112304688","18.221115112304688"
"1029","18.67473030090332","18.67473030090332","18.67473030090332"
"1030","17.968128204345703","17.968128204345703","17.968128204345703"
"1031","18.399717330932617","18.399717330932617","18.399717330932617"
"1032","18.413965225219727","18.413965225219727","18.413965225219727"
"1033","18.436466217041016","18.436466217041016","18.436466217041016"
"1034","18.955249786376953","18.955249786376953","18.955249786376953"
"1035","17.957874298095703","17.957874298095703","17.957874298095703"
"1036","17.93027687072754","17.93027687072754","17.93027687072754"
"1037","18.723907470703125","18.723907470703125","18.723907470703125"
"1038","18.23798942565918","18.23798942565918","18.23798942565918"
"1039","18.50123405456543","18.50123405456543","18.50123405456543"
"1040","19.57484245300293","19.57484245300293","19.57484245300293"
"1041","17.711402893066406","17.711402893066406","17.711402893066406"
"1042","18.259902954101562","18.259902954101562","18.259902954101562"
"1043","18.44725227355957","18.44725227355957","18.44725227355957"
"1044","18.16560173034668","18.16560173034668","18.16560173034668"
"1045","18.089481353759766","18.089481353759766","18.089481353759766"
"1046","19.75542640686035","19.75542640686035","19.75542640686035"
"1047","18.381471633911133","18.381471633911133","18.381471633911133"
"1048","17.870281219482422","17.870281219482422","17.870281219482422"
"1049","18.384798049926758","18.384798049926758","18.384798049926758"
"1050","17.855178833007812","17.855178833007812","17.855178833007812"
"1051","18.614803314208984","18.614803314208984","18.614803314208984"
"1052","18.027416229248047","18.027416229248047","18.027416229248047"
"1053","17.616697311401367","17.616697311401367","17.616697311401367"
"1054","17.41653060913086","17.41653060913086","17.41653060913086"
"1055","18.472759246826172","18.472759246826172","18.472759246826172"
"1056","17.884239196777344","17.884239196777344","17.884239196777344"
"1057","18.57821273803711","18.57821273803711","18.57821273803711"
"1058","18.521482467651367","18.521482467651367","18.521482467651367"
"1059","17.846874237060547","17.846874237060547","17.846874237060547"
"1060","18.65477180480957","18.65477180480957","18.65477180480957"
"1061","17.88957977294922","17.88957977294922","17.88957977294922"
"1062","19.000402450561523","19.000402450561523","19.000402450561523"
"1063","18.005332946777344","18.005332946777344","18.005332946777344"
"1064","18.272842407226562","18.272842407226562","18.272842407226562"
"1065","17.794057846069336","17.794057846069336","17.794057846069336"
"1066","17.336149215698242","17.336149215698242","17.336149215698242"
"1067","18.7031192779541","18.7031192779541","18.7031192779541"
"1068","18.256120681762695","18.256120681762695","18.256120681762695"
"1069","17.80463981628418","17.80463981628418","17.80463981628418"
"1070","18.086687088012695","18.086687088012695","18.086687088012695"
"1071","17.861095428466797","17.861095428466797","17.861095428466797"
"1072","17.948970794677734","17.948970794677734","17.948970794677734"
"1073","17.950908660888672","17.950908660888672","17.950908660888672"
"1074","17.955108642578125","17.955108642578125","17.955108642578125"
"1075","18.350975036621094","18.350975036621094","18.350975036621094"
"1076","18.11029052734375","18.11029052734375","18.11029052734375"
"1077","18.49665069580078","18.49665069580078","18.49665069580078"
"1078","18.24934196472168","18.24934196472168","18.24934196472168"
"1079","17.917339324951172","17.917339324951172","17.917339324951172"
"1080","18.417478561401367","18.417478561401367","18.417478561401367"
"1081","18.317127227783203","18.317127227783203","18.317127227783203"
"1082","18.388952255249023","18.388952255249023","18.388952255249023"
"1083","18.170568466186523","18.170568466186523","18.170568466186523"
"1084","18.212255477905273","18.212255477905273","18.212255477905273"
"1085","17.54410171508789","17.54410171508789","17.54410171508789"
"1086","18.60292625427246","18.60292625427246","18.60292625427246"
"1087","19.56109619140625","19.56109619140625","19.56109619140625"
"1088","17.575185775756836","17.575185775756836","17.575185775756836"
"1089","18.6550350189209","18.6550350189209","18.6550350189209"
"1090","17.68418312072754","17.68418312072754","17.68418312072754"
"1091","19.37398910522461","19.37398910522461","19.37398910522461"
"1092","18.299074172973633","18.299074172973633","18.299074172973633"
"1093","18.82819175720215","18.82819175720215","18.82819175720215"
"1094","18.48518180847168","18.48518180847168","18.48518180847168"
"1095","18.47362518310547","18.47362518310547","18.47362518310547"
"1096","18.476367950439453","18.476367950439453","18.476367950439453"
"1097","17.570356369018555","17.570356369018555","17.570356369018555"
"1098","17.33946418762207","17.33946418762207","17.33946418762207"
"1099","18.046588897705078","18.046588897705078","18.046588897705078"
"1100","18.214649200439453","18.214649200439453","18.214649200439453"
"1101","18.565614700317383","18.565614700317383","18.565614700317383"
"1102","18.258472442626953","18.258472442626953","18.258472442626953"
"1103","17.648927688598633","17.648927688598633","17.648927688598633"
"1104","18.04981231689453","18.04981231689453","18.04981231689453"
"1105","18.59378433227539","18.59378433227539","18.59378433227539"
"1106","18.58786964416504","18.58786964416504","18.58786964416504"
"1107","18.4931697845459","18.4931697845459","18.4931697845459"
"1108","19.19007110595703","19.19007110595703","19.19007110595703"
"1109","18.06290626525879","18.06290626525879","18.06290626525879"
"1110","18.262182235717773","18.262182235717773","18.262182235717773"
"1111","17.70431137084961","17.70431137084961","17.70431137084961"
"1112","17.406152725219727","17.406152725219727","17.406152725219727"
"1113","18.975496292114258","18.975496292114258","18.975496292114258"
"1114","17.87390899658203","17.87390899658203","17.87390899658203"
"1115","17.938467025756836","17.938467025756836","17.938467025756836"
"1116","18.343015670776367","18.343015670776367","18.343015670776367"
"1117","17.67206382751465","17.67206382751465","17.67206382751465"
"1118","18.016786575317383","18.016786575317383","18.016786575317383"
"1119","17.689353942871094","17.689353942871094","17.689353942871094"
"1120","18.673236846923828","18.673236846923828","18.673236846923828"
"1121","17.75094985961914","17.75094985961914","17.75094985961914"
"1122","17.34467887878418","17.34467887878418","17.34467887878418"
"1123","19.285863876342773","19.285863876342773","19.285863876342773"
"1124","19.256837844848633","19.256837844848633","19.256837844848633"
"1125","18.69883155822754","18.69883155822754","18.69883155822754"
"1126","17.572181701660156","17.572181701660156","17.572181701660156"
"1127","18.036476135253906","18.036476135253906","18.036476135253906"
"1128","18.30216407775879","18.30216407775879","18.30216407775879"
"1129","17.817594528198242","17.817594528198242","17.817594528198242"
"1130","17.715452194213867","17.715452194213867","17.715452194213867"
"1131","18.18623924255371","18.18623924255371","18.18623924255371"
"1132","18.325830459594727","18.325830459594727","18.325830459594727"
"1133","18.32636260986328","18.32636260986328","18.32636260986328"
"1134","18.679555892944336","18.679555892944336","18.679555892944336"
"1135","18.165407180786133","18.165407180786133","18.165407180786133"
"1136","18.26906967163086","18.26906967163086","18.26906967163086"
"1137","18.430561065673828","18.430561065673828","18.430561065673828"
"1138","17.73984146118164","17.73984146118164","17.73984146118164"
"1139","18.295583724975586","18.295583724975586","18.295583724975586"
"1140","17.978443145751953","17.978443145751953","17.978443145751953"
"1141","18.142356872558594","18.142356872558594","18.142356872558594"
"1142","18.201290130615234","18.201290130615234","18.201290130615234"
"1143","18.489818572998047","18.489818572998047","18.489818572998047"
"1144","18.2480525970459","18.2480525970459","18.2480525970459"
"1145","18.350933074951172","18.350933074951172","18.350933074951172"
"1146","17.887269973754883","17.887269973754883","17.887269973754883"
"1147","18.05845832824707","18.05845832824707","18.05845832824707"
"1148","17.205772399902344","17.205772399902344","17.205772399902344"
"1149","18.176050186157227","18.176050186157227","18.176050186157227"
"1150","19.125974655151367","19.125974655151367","19.125974655151367"
"1151","17.95060157775879","17.95060157775879","17.95060157775879"
"1152","18.599769592285156","18.599769592285156","18.599769592285156"
"1153","18.304624557495117","18.304624557495117","18.304624557495117"
"1154","17.796106338500977","17.796106338500977","17.796106338500977"
"1155","17.492408752441406","17.492408752441406","17.492408752441406"
"1156","17.597415924072266","17.597415924072266","17.597415924072266"
"1157","17.257404327392578","17.257404327392578","17.257404327392578"
"1158","18.32249641418457","18.32249641418457","18.32249641418457"
"1159","17.73300552368164","17.73300552368164","17.73300552368164"
"1160","18.443950653076172","18.443950653076172","18.443950653076172"
"1161","20.175222396850586","20.175222396850586","20.175222396850586"
"1162","17.782331466674805","17.782331466674805","17.782331466674805"
"1163","18.420974731445312","18.420974731445312","18.420974731445312"
"1164","18.01633644104004","18.01633644104004","18.01633644104004"
"1165","17.53189468383789","17.53189468383789","17.53189468383789"
"1166","19.35964584350586","19.35964584350586","19.35964584350586"
"1167","18.75542640686035","18.75542640686035","18.75542640686035"
"1168","17.943836212158203","17.943836212158203","17.943836212158203"
"1169","18.28807830810547","18.28807830810547","18.28807830810547"
"1170","18.09244155883789","18.09244155883789","18.09244155883789"
"1171","18.369956970214844","18.369956970214844","18.369956970214844"
"1172","17.765607833862305","17.765607833862305","17.765607833862305"
"1173","18.2388858795166","18.2388858795166","18.2388858795166"
"1174","18.414623260498047","18.414623260498047","18.414623260498047"
"1175","18.019222259521484","18.019222259521484","18.019222259521484"
"1176","17.920812606811523","17.920812606811523","17.920812606811523"
"1177","19.61986541748047","19.61986541748047","19.61986541748047"
"1178","18.01390838623047","18.01390838623047","18.01390838623047"
"1179","18.044986724853516","18.044986724853516","18.044986724853516"
"1180","18.03763771057129","18.03763771057129","18.03763771057129"
"1181","17.6765193939209","17.6765193939209","17.6765193939209"
"1182","17.679393768310547","17.679393768310547","17.679393768310547"
"1183","18.406288146972656","18.406288146972656","18.406288146972656"
"1184","18.18195343017578","18.18195343017578","18.18195343017578"
"1185","18.42994499206543","18.42994499206543","18.42994499206543"
"1186","17.322561264038086","17.322561264038086","17.322561264038086"
"1187","17.98220443725586","17.98220443725586","17.98220443725586"
"1188","18.164653778076172","18.164653778076172","18.164653778076172"
"1189","18.795740127563477","18.795740127563477","18.795740127563477"
"1190","18.25523567199707","18.25523567199707","18.25523567199707"
"1191","18.002933502197266","18.002933502197266","18.002933502197266"
"1192","18.372621536254883","18.372621536254883","18.372621536254883"
"1193","17.96939468383789","17.96939468383789","17.96939468383789"
"1194","18.61003303527832","18.61003303527832","18.61003303527832"
"1195","18.849891662597656","18.849891662597656","18.849891662597656"
"1196","17.621597290039062","17.621597290039062","17.621597290039062"
"1197","17.672086715698242","17.672086715698242","17.672086715698242"
"1198","18.531221389770508","18.531221389770508","18.531221389770508"
"1199","18.301326751708984","18.301326751708984","18.301326751708984"
"1200","18.26797866821289","18.26797866821289","18.26797866821289"
"1201","18.05874252319336","18.05874252319336","18.05874252319336"
"1202","18.251785278320312","18.251785278320312","18.251785278320312"
"1203","18.127408981323242","18.127408981323242","18.127408981323242"
"1204","18.620281219482422","18.620281219482422","18.620281219482422"
"1205","18.97135353088379","18.97135353088379","18.97135353088379"
"1206","17.8345947265625","17.8345947265625","17.8345947265625"
"1207","17.688142776489258","17.688142776489258","17.688142776489258"
"1208","18.113990783691406","18.113990783691406","18.113990783691406"
"1209","19.01340103149414","19.01340103149414","19.01340103149414"
"1210","17.968521118164062","17.968521118164062","17.968521118164062"
"1211","18.658483505249023","18.658483505249023","18.658483505249023"
"1212","18.245380401611328","18.245380401611328","18.245380401611328"
"1213","17.900680541992188","17.900680541992188","17.900680541992188"
"1214","18.248167037963867","18.248167037963867","18.248167037963867"
"1215","18.163000106811523","18.163000106811523","18.163000106811523"
"1216","17.42560577392578","17.42560577392578","17.42560577392578"
"1217","18.306833267211914","18.306833267211914","18.306833267211914"
"1218","18.381507873535156","18.381507873535156","18.381507873535156"
"1219","18.694839477539062","18.694839477539062","18.694839477539062"
"1220","17.62209129333496","17.62209129333496","17.62209129333496"
"1221","17.770658493041992","17.770658493041992","17.770658493041992"
"1222","18.330114364624023","18.330114364624023","18.330114364624023"
"1223","18.00503921508789","18.00503921508789","18.00503921508789"
"1224","18.381589889526367","18.381589889526367","18.381589889526367"
"1225","18.19586944580078","18.19586944580078","18.19586944580078"
"1226","17.94597816467285","17.94597816467285","17.94597816467285"
"1227","17.6333065032959","17.6333065032959","17.6333065032959"
"1228","17.890134811401367","17.890134811401367","17.890134811401367"
"1229","17.9456844329834","17.9456844329834","17.9456844329834"
"1230","18.59090232849121","18.59090232849121","18.59090232849121"
"1231","18.204347610473633","18.204347610473633","18.204347610473633"
"1232","18.429336547851562","18.429336547851562","18.429336547851562"
"1233","18.22528839111328","18.22528839111328","18.22528839111328"
"1234","18.313337326049805","18.313337326049805","18.313337326049805"
"1235","18.858057022094727","18.858057022094727","18.858057022094727"
"1236","19.082273483276367","19.082273483276367","19.082273483276367"
"1237","17.89562225341797","17.89562225341797","17.89562225341797"
"1238","18.87183380126953","18.87183380126953","18.87183380126953"
"1239","17.991710662841797","17.991710662841797","17.991710662841797"
"1240","18.110929489135742","18.110929489135742","18.110929489135742"
"1241","17.613197326660156","17.613197326660156","17.613197326660156"
"1242","18.676151275634766","18.676151275634766","18.676151275634766"
"1243","18.207199096679688","18.207199096679688","18.207199096679688"
"1244","18.090641021728516","18.090641021728516","18.090641021728516"
"1245","17.925840377807617","17.925840377807617","17.925840377807617"
"1246","18.52166175842285","18.52166175842285","18.52166175842285"
"1247","17.595712661743164","17.595712661743164","17.595712661743164"
"1248","19.445165634155273","19.445165634155273","19.445165634155273"
"1249","17.87513542175293","17.87513542175293","17.87513542175293"
"1250","18.449207305908203","18.449207305908203","18.449207305908203"
"1251","17.60778045654297","17.60778045654297","17.60778045654297"
"1252","19.01415252685547","19.01415252685547","19.01415252685547"
"1253","17.88144302368164","17.88144302368164","17.88144302368164"