"Step","female-silero - loss/g/kl","female-silero - loss/g/kl__MIN","female-silero - loss/g/kl__MAX"
"0","4.263628959655762","4.263628959655762","4.263628959655762"
"1","2.4025728702545166","2.4025728702545166","2.4025728702545166"
"2","2.479046583175659","2.479046583175659","2.479046583175659"
"3","2.849433660507202","2.849433660507202","2.849433660507202"
"4","2.677431106567383","2.677431106567383","2.677431106567383"
"5","2.0759878158569336","2.0759878158569336","2.0759878158569336"
"6","2.510925054550171","2.510925054550171","2.510925054550171"
"7","2.344539165496826","2.344539165496826","2.344539165496826"
"8","2.416450262069702","2.416450262069702","2.416450262069702"
"9","2.02158260345459","2.02158260345459","2.02158260345459"
"10","2.3632965087890625","2.3632965087890625","2.3632965087890625"
"11","2.343655586242676","2.343655586242676","2.343655586242676"
"12","2.539630889892578","2.539630889892578","2.539630889892578"
"13","1.799414873123169","1.799414873123169","1.799414873123169"
"14","2.7957727909088135","2.7957727909088135","2.7957727909088135"
"15","2.5001401901245117","2.5001401901245117","2.5001401901245117"
"16","2.536634683609009","2.536634683609009","2.536634683609009"
"17","2.6990573406219482","2.6990573406219482","2.6990573406219482"
"18","2.4808971881866455","2.4808971881866455","2.4808971881866455"
"19","2.464534282684326","2.464534282684326","2.464534282684326"
"20","2.215780019760132","2.215780019760132","2.215780019760132"
"21","2.5829174518585205","2.5829174518585205","2.5829174518585205"
"22","2.425523042678833","2.425523042678833","2.425523042678833"
"23","2.722780227661133","2.722780227661133","2.722780227661133"
"24","2.534471273422241","2.534471273422241","2.534471273422241"
"25","2.2007839679718018","2.2007839679718018","2.2007839679718018"
"26","2.515986204147339","2.515986204147339","2.515986204147339"
"27","2.5359251499176025","2.5359251499176025","2.5359251499176025"
"28","2.6539418697357178","2.6539418697357178","2.6539418697357178"
"29","2.521066427230835","2.521066427230835","2.521066427230835"
"30","2.507603883743286","2.507603883743286","2.507603883743286"
"31","2.0923707485198975","2.0923707485198975","2.0923707485198975"
"32","2.379582166671753","2.379582166671753","2.379582166671753"
"33","2.6606709957122803","2.6606709957122803","2.6606709957122803"
"34","2.326124429702759","2.326124429702759","2.326124429702759"
"35","2.4082112312316895","2.4082112312316895","2.4082112312316895"
"36","2.655599355697632","2.655599355697632","2.655599355697632"
"37","2.4173810482025146","2.4173810482025146","2.4173810482025146"
"38","2.1527256965637207","2.1527256965637207","2.1527256965637207"
"39","2.047955274581909","2.047955274581909","2.047955274581909"
"40","2.2771570682525635","2.2771570682525635","2.2771570682525635"
"41","2.638615369796753","2.638615369796753","2.638615369796753"
"42","2.458796739578247","2.458796739578247","2.458796739578247"
"43","2.6189932823181152","2.6189932823181152","2.6189932823181152"
"44","2.332000970840454","2.332000970840454","2.332000970840454"
"45","2.1768100261688232","2.1768100261688232","2.1768100261688232"
"46","2.5958259105682373","2.5958259105682373","2.5958259105682373"
"47","2.585927963256836","2.585927963256836","2.585927963256836"
"48","2.6429786682128906","2.6429786682128906","2.6429786682128906"
"49","2.554384469985962","2.554384469985962","2.554384469985962"
"50","2.315404176712036","2.315404176712036","2.315404176712036"
"51","2.569697380065918","2.569697380065918","2.569697380065918"
"52","2.0130982398986816","2.0130982398986816","2.0130982398986816"
"53","2.516291379928589","2.516291379928589","2.516291379928589"
"54","2.347377061843872","2.347377061843872","2.347377061843872"
"55","2.5187764167785645","2.5187764167785645","2.5187764167785645"
"56","2.2750258445739746","2.2750258445739746","2.2750258445739746"
"57","2.612058162689209","2.612058162689209","2.612058162689209"
"58","2.057622194290161","2.057622194290161","2.057622194290161"
"59","2.509204864501953","2.509204864501953","2.509204864501953"
"60","2.235522508621216","2.235522508621216","2.235522508621216"
"61","2.959609031677246","2.959609031677246","2.959609031677246"
"62","2.3903799057006836","2.3903799057006836","2.3903799057006836"
"63","2.085679054260254","2.085679054260254","2.085679054260254"
"64","2.7911150455474854","2.7911150455474854","2.7911150455474854"
"65","1.565605640411377","1.565605640411377","1.565605640411377"
"66","2.69416880607605","2.69416880607605","2.69416880607605"
"67","2.2879090309143066","2.2879090309143066","2.2879090309143066"
"68","2.6410090923309326","2.6410090923309326","2.6410090923309326"
"69","2.628223419189453","2.628223419189453","2.628223419189453"
"70","2.0108914375305176","2.0108914375305176","2.0108914375305176"
"71","2.5969860553741455","2.5969860553741455","2.5969860553741455"
"72","2.102800130844116","2.102800130844116","2.102800130844116"
"73","2.4145493507385254","2.4145493507385254","2.4145493507385254"
"74","2.6290738582611084","2.6290738582611084","2.6290738582611084"
"75","2.456653594970703","2.456653594970703","2.456653594970703"
"76","2.7181529998779297","2.7181529998779297","2.7181529998779297"
"77","2.301370143890381","2.301370143890381","2.301370143890381"
"78","2.3436665534973145","2.3436665534973145","2.3436665534973145"
"79","2.448803663253784","2.448803663253784","2.448803663253784"
"80","2.5280604362487793","2.5280604362487793","2.5280604362487793"
"81","2.4953689575195312","2.4953689575195312","2.4953689575195312"
"82","2.321946859359741","2.321946859359741","2.321946859359741"
"83","2.2995996475219727","2.2995996475219727","2.2995996475219727"
"84","2.2381927967071533","2.2381927967071533","2.2381927967071533"
"85","2.5489532947540283","2.5489532947540283","2.5489532947540283"
"86","2.7003800868988037","2.7003800868988037","2.7003800868988037"
"87","2.151127576828003","2.151127576828003","2.151127576828003"
"88","2.5798652172088623","2.5798652172088623","2.5798652172088623"
"89","2.360095977783203","2.360095977783203","2.360095977783203"
"90","2.8584842681884766","2.8584842681884766","2.8584842681884766"
"91","1.9407330751419067","1.9407330751419067","1.9407330751419067"
"92","2.738759994506836","2.738759994506836","2.738759994506836"
"93","2.400261163711548","2.400261163711548","2.400261163711548"
"94","2.6250197887420654","2.6250197887420654","2.6250197887420654"
"95","2.2166881561279297","2.2166881561279297","2.2166881561279297"
"96","2.3749120235443115","2.3749120235443115","2.3749120235443115"
"97","2.3781840801239014","2.3781840801239014","2.3781840801239014"
"98","2.6215555667877197","2.6215555667877197","2.6215555667877197"
"99","2.580552339553833","2.580552339553833","2.580552339553833"
"100","2.1933248043060303","2.1933248043060303","2.1933248043060303"
"101","2.4133241176605225","2.4133241176605225","2.4133241176605225"
"102","2.5800507068634033","2.5800507068634033","2.5800507068634033"
"103","2.611145496368408","2.611145496368408","2.611145496368408"
"104","2.053758144378662","2.053758144378662","2.053758144378662"
"105","2.4430408477783203","2.4430408477783203","2.4430408477783203"
"106","2.2582013607025146","2.2582013607025146","2.2582013607025146"
"107","2.2776148319244385","2.2776148319244385","2.2776148319244385"
"108","2.5096659660339355","2.5096659660339355","2.5096659660339355"
"109","2.2559452056884766","2.2559452056884766","2.2559452056884766"
"110","2.397704601287842","2.397704601287842","2.397704601287842"
"111","2.4538538455963135","2.4538538455963135","2.4538538455963135"
"112","2.088939666748047","2.088939666748047","2.088939666748047"
"113","2.494105339050293","2.494105339050293","2.494105339050293"
"114","2.1424615383148193","2.1424615383148193","2.1424615383148193"
"115","2.2644946575164795","2.2644946575164795","2.2644946575164795"
"116","2.6457645893096924","2.6457645893096924","2.6457645893096924"
"117","1.9924767017364502","1.9924767017364502","1.9924767017364502"
"118","2.403191566467285","2.403191566467285","2.403191566467285"
"119","2.059128999710083","2.059128999710083","2.059128999710083"
"120","2.2777085304260254","2.2777085304260254","2.2777085304260254"
"121","2.6054980754852295","2.6054980754852295","2.6054980754852295"
"122","1.919430136680603","1.919430136680603","1.919430136680603"
"123","2.089228868484497","2.089228868484497","2.089228868484497"
"124","2.1860222816467285","2.1860222816467285","2.1860222816467285"
"125","2.827472448348999","2.827472448348999","2.827472448348999"
"126","2.701184034347534","2.701184034347534","2.701184034347534"
"127","2.420466184616089","2.420466184616089","2.420466184616089"
"128","2.7834701538085938","2.7834701538085938","2.7834701538085938"
"129","2.820971727371216","2.820971727371216","2.820971727371216"
"130","2.88244891166687","2.88244891166687","2.88244891166687"
"131","1.7826838493347168","1.7826838493347168","1.7826838493347168"
"132","2.4453608989715576","2.4453608989715576","2.4453608989715576"
"133","2.440730094909668","2.440730094909668","2.440730094909668"
"134","2.3673055171966553","2.3673055171966553","2.3673055171966553"
"135","2.946206569671631","2.946206569671631","2.946206569671631"
"136","1.7495487928390503","1.7495487928390503","1.7495487928390503"
"137","2.157649517059326","2.157649517059326","2.157649517059326"
"138","2.963564872741699","2.963564872741699","2.963564872741699"
"139","2.0836894512176514","2.0836894512176514","2.0836894512176514"
"140","2.389007568359375","2.389007568359375","2.389007568359375"
"141","2.274104118347168","2.274104118347168","2.274104118347168"
"142","2.5730855464935303","2.5730855464935303","2.5730855464935303"
"143","2.5944268703460693","2.5944268703460693","2.5944268703460693"
"144","2.129761219024658","2.129761219024658","2.129761219024658"
"145","2.6169605255126953","2.6169605255126953","2.6169605255126953"
"146","2.2883260250091553","2.2883260250091553","2.2883260250091553"
"147","1.8977124691009521","1.8977124691009521","1.8977124691009521"
"148","2.2942683696746826","2.2942683696746826","2.2942683696746826"
"149","1.958010196685791","1.958010196685791","1.958010196685791"
"150","2.3772130012512207","2.3772130012512207","2.3772130012512207"
"151","2.3592147827148438","2.3592147827148438","2.3592147827148438"
"152","2.396494150161743","2.396494150161743","2.396494150161743"
"153","2.860830068588257","2.860830068588257","2.860830068588257"
"154","1.9814993143081665","1.9814993143081665","1.9814993143081665"
"155","2.0608396530151367","2.0608396530151367","2.0608396530151367"
"156","2.604279041290283","2.604279041290283","2.604279041290283"
"157","2.230304002761841","2.230304002761841","2.230304002761841"
"158","2.4554221630096436","2.4554221630096436","2.4554221630096436"
"159","2.2865617275238037","2.2865617275238037","2.2865617275238037"
"160","2.368180990219116","2.368180990219116","2.368180990219116"
"161","2.088076591491699","2.088076591491699","2.088076591491699"
"162","2.6833481788635254","2.6833481788635254","2.6833481788635254"
"163","2.3686482906341553","2.3686482906341553","2.3686482906341553"
"164","2.414719343185425","2.414719343185425","2.414719343185425"
"165","2.5816383361816406","2.5816383361816406","2.5816383361816406"
"166","1.862600326538086","1.862600326538086","1.862600326538086"
"167","2.2438855171203613","2.2438855171203613","2.2438855171203613"
"168","2.8228867053985596","2.8228867053985596","2.8228867053985596"
"169","2.4781601428985596","2.4781601428985596","2.4781601428985596"
"170","2.27730393409729","2.27730393409729","2.27730393409729"
"171","2.4409520626068115","2.4409520626068115","2.4409520626068115"
"172","2.4324748516082764","2.4324748516082764","2.4324748516082764"
"173","2.319709300994873","2.319709300994873","2.319709300994873"
"174","2.4505438804626465","2.4505438804626465","2.4505438804626465"
"175","2.2920703887939453","2.2920703887939453","2.2920703887939453"
"176","2.985714912414551","2.985714912414551","2.985714912414551"
"177","2.5137569904327393","2.5137569904327393","2.5137569904327393"
"178","2.8965904712677","2.8965904712677","2.8965904712677"
"179","2.764578342437744","2.764578342437744","2.764578342437744"
"180","2.5742056369781494","2.5742056369781494","2.5742056369781494"
"181","2.3811516761779785","2.3811516761779785","2.3811516761779785"
"182","2.1547160148620605","2.1547160148620605","2.1547160148620605"
"183","2.6899423599243164","2.6899423599243164","2.6899423599243164"
"184","2.27685546875","2.27685546875","2.27685546875"
"185","2.7302377223968506","2.7302377223968506","2.7302377223968506"
"186","2.14908766746521","2.14908766746521","2.14908766746521"
"187","2.5077991485595703","2.5077991485595703","2.5077991485595703"
"188","2.0826358795166016","2.0826358795166016","2.0826358795166016"
"189","2.4689481258392334","2.4689481258392334","2.4689481258392334"
"190","2.2913289070129395","2.2913289070129395","2.2913289070129395"
"191","2.374702215194702","2.374702215194702","2.374702215194702"
"192","2.0622501373291016","2.0622501373291016","2.0622501373291016"
"193","2.4305245876312256","2.4305245876312256","2.4305245876312256"
"194","2.515035390853882","2.515035390853882","2.515035390853882"
"195","2.308408737182617","2.308408737182617","2.308408737182617"
"196","2.565246343612671","2.565246343612671","2.565246343612671"
"197","2.412914276123047","2.412914276123047","2.412914276123047"
"198","1.9001520872116089","1.9001520872116089","1.9001520872116089"
"199","2.58152437210083","2.58152437210083","2.58152437210083"
"200","2.3451170921325684","2.3451170921325684","2.3451170921325684"
"201","2.527376413345337","2.527376413345337","2.527376413345337"
"202","2.2230851650238037","2.2230851650238037","2.2230851650238037"
"203","2.2649950981140137","2.2649950981140137","2.2649950981140137"
"204","2.3100807666778564","2.3100807666778564","2.3100807666778564"
"205","2.4421675205230713","2.4421675205230713","2.4421675205230713"
"206","2.64432430267334","2.64432430267334","2.64432430267334"
"207","2.351583242416382","2.351583242416382","2.351583242416382"
"208","2.113820791244507","2.113820791244507","2.113820791244507"
"209","2.416318655014038","2.416318655014038","2.416318655014038"
"210","2.8935582637786865","2.8935582637786865","2.8935582637786865"
"211","2.4029014110565186","2.4029014110565186","2.4029014110565186"
"212","2.064279317855835","2.064279317855835","2.064279317855835"
"213","2.7270853519439697","2.7270853519439697","2.7270853519439697"
"214","2.021446704864502","2.021446704864502","2.021446704864502"
"215","2.504300355911255","2.504300355911255","2.504300355911255"
"216","2.3587305545806885","2.3587305545806885","2.3587305545806885"
"217","2.3216562271118164","2.3216562271118164","2.3216562271118164"
"218","2.2761614322662354","2.2761614322662354","2.2761614322662354"
"219","2.3725101947784424","2.3725101947784424","2.3725101947784424"
"220","2.26289701461792","2.26289701461792","2.26289701461792"
"221","2.4279019832611084","2.4279019832611084","2.4279019832611084"
"222","1.9762572050094604","1.9762572050094604","1.9762572050094604"
"223","2.6687498092651367","2.6687498092651367","2.6687498092651367"
"224","2.474546194076538","2.474546194076538","2.474546194076538"
"225","2.4381346702575684","2.4381346702575684","2.4381346702575684"
"226","2.4736931324005127","2.4736931324005127","2.4736931324005127"
"227","2.286719560623169","2.286719560623169","2.286719560623169"
"228","2.3869271278381348","2.3869271278381348","2.3869271278381348"
"229","2.406438112258911","2.406438112258911","2.406438112258911"
"230","2.3247299194335938","2.3247299194335938","2.3247299194335938"
"231","2.0697238445281982","2.0697238445281982","2.0697238445281982"
"232","2.3832383155822754","2.3832383155822754","2.3832383155822754"
"233","2.528778553009033","2.528778553009033","2.528778553009033"
"234","2.1794941425323486","2.1794941425323486","2.1794941425323486"
"235","2.6219284534454346","2.6219284534454346","2.6219284534454346"
"236","2.19590163230896","2.19590163230896","2.19590163230896"
"237","2.7077882289886475","2.7077882289886475","2.7077882289886475"
"238","2.357064962387085","2.357064962387085","2.357064962387085"
"239","2.3776628971099854","2.3776628971099854","2.3776628971099854"
"240","2.1638731956481934","2.1638731956481934","2.1638731956481934"
"241","2.340884208679199","2.340884208679199","2.340884208679199"
"242","2.393941879272461","2.393941879272461","2.393941879272461"
"243","2.9456286430358887","2.9456286430358887","2.9456286430358887"
"244","2.1038818359375","2.1038818359375","2.1038818359375"
"245","2.557354211807251","2.557354211807251","2.557354211807251"
"246","2.4601263999938965","2.4601263999938965","2.4601263999938965"
"247","2.3821380138397217","2.3821380138397217","2.3821380138397217"
"248","2.605992078781128","2.605992078781128","2.605992078781128"
"249","2.2526583671569824","2.2526583671569824","2.2526583671569824"
"250","2.453524351119995","2.453524351119995","2.453524351119995"
"251","2.1842684745788574","2.1842684745788574","2.1842684745788574"
"252","2.3920516967773438","2.3920516967773438","2.3920516967773438"
"253","2.5119540691375732","2.5119540691375732","2.5119540691375732"
"254","2.212538003921509","2.212538003921509","2.212538003921509"
"255","2.355412244796753","2.355412244796753","2.355412244796753"
"256","2.3210673332214355","2.3210673332214355","2.3210673332214355"
"257","2.608452320098877","2.608452320098877","2.608452320098877"
"258","2.2985525131225586","2.2985525131225586","2.2985525131225586"
"259","2.256906032562256","2.256906032562256","2.256906032562256"
"260","2.647528886795044","2.647528886795044","2.647528886795044"
"261","2.236008405685425","2.236008405685425","2.236008405685425"
"262","2.3963046073913574","2.3963046073913574","2.3963046073913574"
"263","2.1431021690368652","2.1431021690368652","2.1431021690368652"
"264","2.3979697227478027","2.3979697227478027","2.3979697227478027"
"265","2.1289258003234863","2.1289258003234863","2.1289258003234863"
"266","2.247396945953369","2.247396945953369","2.247396945953369"
"267","2.3255701065063477","2.3255701065063477","2.3255701065063477"
"268","2.3662590980529785","2.3662590980529785","2.3662590980529785"
"269","2.4938106536865234","2.4938106536865234","2.4938106536865234"
"270","2.8495192527770996","2.8495192527770996","2.8495192527770996"
"271","1.8421186208724976","1.8421186208724976","1.8421186208724976"
"272","2.3176331520080566","2.3176331520080566","2.3176331520080566"
"273","2.131359338760376","2.131359338760376","2.131359338760376"
"274","2.1392149925231934","2.1392149925231934","2.1392149925231934"
"275","2.3814923763275146","2.3814923763275146","2.3814923763275146"
"276","2.27781343460083","2.27781343460083","2.27781343460083"
"277","2.807152032852173","2.807152032852173","2.807152032852173"
"278","2.555682420730591","2.555682420730591","2.555682420730591"
"279","2.721135377883911","2.721135377883911","2.721135377883911"
"280","2.142598867416382","2.142598867416382","2.142598867416382"
"281","2.9420063495635986","2.9420063495635986","2.9420063495635986"
"282","2.5500245094299316","2.5500245094299316","2.5500245094299316"
"283","2.2797610759735107","2.2797610759735107","2.2797610759735107"
"284","2.4449996948242188","2.4449996948242188","2.4449996948242188"
"285","2.3092617988586426","2.3092617988586426","2.3092617988586426"
"286","2.307088851928711","2.307088851928711","2.307088851928711"
"287","1.9205691814422607","1.9205691814422607","1.9205691814422607"
"288","2.1752560138702393","2.1752560138702393","2.1752560138702393"
"289","2.1460800170898438","2.1460800170898438","2.1460800170898438"
"290","2.7928318977355957","2.7928318977355957","2.7928318977355957"
"291","2.4373202323913574","2.4373202323913574","2.4373202323913574"
"292","2.63889217376709","2.63889217376709","2.63889217376709"
"293","2.3869516849517822","2.3869516849517822","2.3869516849517822"
"294","2.6745855808258057","2.6745855808258057","2.6745855808258057"
"295","1.9938572645187378","1.9938572645187378","1.9938572645187378"
"296","2.5085463523864746","2.5085463523864746","2.5085463523864746"
"297","2.0591306686401367","2.0591306686401367","2.0591306686401367"
"298","2.353492259979248","2.353492259979248","2.353492259979248"
"299","2.325596570968628","2.325596570968628","2.325596570968628"
"300","2.2207343578338623","2.2207343578338623","2.2207343578338623"
"301","2.48083758354187","2.48083758354187","2.48083758354187"
"302","2.301319122314453","2.301319122314453","2.301319122314453"
"303","2.784959554672241","2.784959554672241","2.784959554672241"
"304","2.3436765670776367","2.3436765670776367","2.3436765670776367"
"305","1.975347876548767","1.975347876548767","1.975347876548767"
"306","2.4299752712249756","2.4299752712249756","2.4299752712249756"
"307","2.3584702014923096","2.3584702014923096","2.3584702014923096"
"308","2.357186794281006","2.357186794281006","2.357186794281006"
"309","2.544023275375366","2.544023275375366","2.544023275375366"
"310","2.0571646690368652","2.0571646690368652","2.0571646690368652"
"311","2.493074893951416","2.493074893951416","2.493074893951416"
"312","2.373051404953003","2.373051404953003","2.373051404953003"
"313","2.509801149368286","2.509801149368286","2.509801149368286"
"314","2.3509984016418457","2.3509984016418457","2.3509984016418457"
"315","2.0932750701904297","2.0932750701904297","2.0932750701904297"
"316","2.1525027751922607","2.1525027751922607","2.1525027751922607"
"317","1.754459261894226","1.754459261894226","1.754459261894226"
"318","2.644554853439331","2.644554853439331","2.644554853439331"
"319","2.4000165462493896","2.4000165462493896","2.4000165462493896"
"320","2.340869188308716","2.340869188308716","2.340869188308716"
"321","2.5686533451080322","2.5686533451080322","2.5686533451080322"
"322","2.5499136447906494","2.5499136447906494","2.5499136447906494"
"323","2.4746921062469482","2.4746921062469482","2.4746921062469482"
"324","2.3446426391601562","2.3446426391601562","2.3446426391601562"
"325","1.9958256483078003","1.9958256483078003","1.9958256483078003"
"326","2.6710898876190186","2.6710898876190186","2.6710898876190186"
"327","2.4415626525878906","2.4415626525878906","2.4415626525878906"
"328","2.286405086517334","2.286405086517334","2.286405086517334"
"329","2.1114282608032227","2.1114282608032227","2.1114282608032227"
"330","2.309818983078003","2.309818983078003","2.309818983078003"
"331","2.368971824645996","2.368971824645996","2.368971824645996"
"332","2.3274073600769043","2.3274073600769043","2.3274073600769043"
"333","2.4045188426971436","2.4045188426971436","2.4045188426971436"
"334","2.501760959625244","2.501760959625244","2.501760959625244"
"335","2.1058008670806885","2.1058008670806885","2.1058008670806885"
"336","2.3181192874908447","2.3181192874908447","2.3181192874908447"
"337","2.4533605575561523","2.4533605575561523","2.4533605575561523"
"338","2.4554502964019775","2.4554502964019775","2.4554502964019775"
"339","2.517848253250122","2.517848253250122","2.517848253250122"
"340","2.3979878425598145","2.3979878425598145","2.3979878425598145"
"341","2.9905247688293457","2.9905247688293457","2.9905247688293457"
"342","2.304914951324463","2.304914951324463","2.304914951324463"
"343","2.517179012298584","2.517179012298584","2.517179012298584"
"344","2.314699172973633","2.314699172973633","2.314699172973633"
"345","2.5316386222839355","2.5316386222839355","2.5316386222839355"
"346","2.4554944038391113","2.4554944038391113","2.4554944038391113"
"347","1.9316763877868652","1.9316763877868652","1.9316763877868652"
"348","2.5066444873809814","2.5066444873809814","2.5066444873809814"
"349","2.2957942485809326","2.2957942485809326","2.2957942485809326"
"350","2.3516151905059814","2.3516151905059814","2.3516151905059814"
"351","2.3138763904571533","2.3138763904571533","2.3138763904571533"
"352","2.6870148181915283","2.6870148181915283","2.6870148181915283"
"353","2.642849922180176","2.642849922180176","2.642849922180176"
"354","2.5163168907165527","2.5163168907165527","2.5163168907165527"
"355","2.2945995330810547","2.2945995330810547","2.2945995330810547"
"356","2.472299575805664","2.472299575805664","2.472299575805664"
"357","2.020264148712158","2.020264148712158","2.020264148712158"
"358","2.5282652378082275","2.5282652378082275","2.5282652378082275"
"359","2.622406482696533","2.622406482696533","2.622406482696533"
"360","2.268981456756592","2.268981456756592","2.268981456756592"
"361","2.8962671756744385","2.8962671756744385","2.8962671756744385"
"362","2.0120785236358643","2.0120785236358643","2.0120785236358643"
"363","2.0483105182647705","2.0483105182647705","2.0483105182647705"
"364","2.4684789180755615","2.4684789180755615","2.4684789180755615"
"365","2.113577365875244","2.113577365875244","2.113577365875244"
"366","2.3071353435516357","2.3071353435516357","2.3071353435516357"
"367","2.9169509410858154","2.9169509410858154","2.9169509410858154"
"368","2.4638946056365967","2.4638946056365967","2.4638946056365967"
"369","2.195774793624878","2.195774793624878","2.195774793624878"
"370","2.3612616062164307","2.3612616062164307","2.3612616062164307"
"371","2.4374043941497803","2.4374043941497803","2.4374043941497803"
"372","1.8222357034683228","1.8222357034683228","1.8222357034683228"
"373","2.6243910789489746","2.6243910789489746","2.6243910789489746"
"374","2.3958747386932373","2.3958747386932373","2.3958747386932373"
"375","2.7343220710754395","2.7343220710754395","2.7343220710754395"
"376","2.2977585792541504","2.2977585792541504","2.2977585792541504"
"377","2.5576412677764893","2.5576412677764893","2.5576412677764893"
"378","2.567843198776245","2.567843198776245","2.567843198776245"
"379","2.164031505584717","2.164031505584717","2.164031505584717"
"380","2.5188310146331787","2.5188310146331787","2.5188310146331787"
"381","2.1480677127838135","2.1480677127838135","2.1480677127838135"
"382","2.1390490531921387","2.1390490531921387","2.1390490531921387"
"383","2.3892314434051514","2.3892314434051514","2.3892314434051514"
"384","2.014003276824951","2.014003276824951","2.014003276824951"
"385","2.4088456630706787","2.4088456630706787","2.4088456630706787"
"386","2.525125741958618","2.525125741958618","2.525125741958618"
"387","2.394231081008911","2.394231081008911","2.394231081008911"
"388","2.127300262451172","2.127300262451172","2.127300262451172"
"389","2.7768964767456055","2.7768964767456055","2.7768964767456055"
"390","2.2681379318237305","2.2681379318237305","2.2681379318237305"
"391","2.7713918685913086","2.7713918685913086","2.7713918685913086"
"392","1.952593445777893","1.952593445777893","1.952593445777893"
"393","2.475051164627075","2.475051164627075","2.475051164627075"
"394","1.7660901546478271","1.7660901546478271","1.7660901546478271"
"395","2.2532432079315186","2.2532432079315186","2.2532432079315186"
"396","2.586811065673828","2.586811065673828","2.586811065673828"
"397","2.58524227142334","2.58524227142334","2.58524227142334"
"398","2.5679945945739746","2.5679945945739746","2.5679945945739746"
"399","2.2293100357055664","2.2293100357055664","2.2293100357055664"
"400","1.9683163166046143","1.9683163166046143","1.9683163166046143"
"401","2.5922865867614746","2.5922865867614746","2.5922865867614746"
"402","2.1325111389160156","2.1325111389160156","2.1325111389160156"
"403","1.9732216596603394","1.9732216596603394","1.9732216596603394"
"404","2.4137942790985107","2.4137942790985107","2.4137942790985107"
"405","2.323768138885498","2.323768138885498","2.323768138885498"
"406","2.344630241394043","2.344630241394043","2.344630241394043"
"407","2.7845849990844727","2.7845849990844727","2.7845849990844727"
"408","2.4940836429595947","2.4940836429595947","2.4940836429595947"
"409","2.6709799766540527","2.6709799766540527","2.6709799766540527"
"410","2.408585786819458","2.408585786819458","2.408585786819458"
"411","2.3231093883514404","2.3231093883514404","2.3231093883514404"
"412","1.897334337234497","1.897334337234497","1.897334337234497"
"413","2.497464895248413","2.497464895248413","2.497464895248413"
"414","2.616455316543579","2.616455316543579","2.616455316543579"
"415","2.0865495204925537","2.0865495204925537","2.0865495204925537"
"416","2.4391977787017822","2.4391977787017822","2.4391977787017822"
"417","2.187990665435791","2.187990665435791","2.187990665435791"
"418","2.732821226119995","2.732821226119995","2.732821226119995"
"419","2.31150484085083","2.31150484085083","2.31150484085083"
"420","2.574705123901367","2.574705123901367","2.574705123901367"
"421","2.4751157760620117","2.4751157760620117","2.4751157760620117"
"422","2.656391143798828","2.656391143798828","2.656391143798828"
"423","2.000725507736206","2.000725507736206","2.000725507736206"
"424","2.3455471992492676","2.3455471992492676","2.3455471992492676"
"425","2.551086187362671","2.551086187362671","2.551086187362671"
"426","2.309467315673828","2.309467315673828","2.309467315673828"
"427","2.550387382507324","2.550387382507324","2.550387382507324"
"428","2.4882280826568604","2.4882280826568604","2.4882280826568604"
"429","2.176234006881714","2.176234006881714","2.176234006881714"
"430","2.372257709503174","2.372257709503174","2.372257709503174"
"431","2.2263638973236084","2.2263638973236084","2.2263638973236084"
"432","2.3947415351867676","2.3947415351867676","2.3947415351867676"
"433","2.615903377532959","2.615903377532959","2.615903377532959"
"434","2.3393983840942383","2.3393983840942383","2.3393983840942383"
"435","2.2340469360351562","2.2340469360351562","2.2340469360351562"
"436","2.0036492347717285","2.0036492347717285","2.0036492347717285"
"437","2.2137317657470703","2.2137317657470703","2.2137317657470703"
"438","2.6714694499969482","2.6714694499969482","2.6714694499969482"
"439","2.215698480606079","2.215698480606079","2.215698480606079"
"440","2.3935694694519043","2.3935694694519043","2.3935694694519043"
"441","2.5864012241363525","2.5864012241363525","2.5864012241363525"
"442","2.974153757095337","2.974153757095337","2.974153757095337"
"443","2.1630072593688965","2.1630072593688965","2.1630072593688965"
"444","2.4012503623962402","2.4012503623962402","2.4012503623962402"
"445","2.006406545639038","2.006406545639038","2.006406545639038"
"446","2.4508581161499023","2.4508581161499023","2.4508581161499023"
"447","2.344062089920044","2.344062089920044","2.344062089920044"
"448","2.608182430267334","2.608182430267334","2.608182430267334"
"449","2.692605972290039","2.692605972290039","2.692605972290039"
"450","2.498509645462036","2.498509645462036","2.498509645462036"
"451","2.684739589691162","2.684739589691162","2.684739589691162"
"452","2.042339563369751","2.042339563369751","2.042339563369751"
"453","2.0523276329040527","2.0523276329040527","2.0523276329040527"
"454","2.3717758655548096","2.3717758655548096","2.3717758655548096"
"455","2.5661098957061768","2.5661098957061768","2.5661098957061768"
"456","2.9239554405212402","2.9239554405212402","2.9239554405212402"
"457","2.5833640098571777","2.5833640098571777","2.5833640098571777"
"458","2.537601947784424","2.537601947784424","2.537601947784424"
"459","2.393082618713379","2.393082618713379","2.393082618713379"
"460","2.368856430053711","2.368856430053711","2.368856430053711"
"461","2.1247060298919678","2.1247060298919678","2.1247060298919678"
"462","2.317523717880249","2.317523717880249","2.317523717880249"
"463","2.1287789344787598","2.1287789344787598","2.1287789344787598"
"464","2.4177896976470947","2.4177896976470947","2.4177896976470947"
"465","2.488107204437256","2.488107204437256","2.488107204437256"
"466","2.3789448738098145","2.3789448738098145","2.3789448738098145"
"467","2.5210680961608887","2.5210680961608887","2.5210680961608887"
"468","2.431842803955078","2.431842803955078","2.431842803955078"
"469","2.085434913635254","2.085434913635254","2.085434913635254"
"470","2.7896852493286133","2.7896852493286133","2.7896852493286133"
"471","2.37001895904541","2.37001895904541","2.37001895904541"
"472","2.8489692211151123","2.8489692211151123","2.8489692211151123"
"473","2.0944371223449707","2.0944371223449707","2.0944371223449707"
"474","2.425147294998169","2.425147294998169","2.425147294998169"
"475","2.1674044132232666","2.1674044132232666","2.1674044132232666"
"476","2.1472084522247314","2.1472084522247314","2.1472084522247314"
"477","2.4137001037597656","2.4137001037597656","2.4137001037597656"
"478","2.533001661300659","2.533001661300659","2.533001661300659"
"479","2.3051743507385254","2.3051743507385254","2.3051743507385254"
"480","2.4616150856018066","2.4616150856018066","2.4616150856018066"
"481","2.8729732036590576","2.8729732036590576","2.8729732036590576"
"482","2.282980442047119","2.282980442047119","2.282980442047119"
"483","2.3981029987335205","2.3981029987335205","2.3981029987335205"
"484","2.3163743019104004","2.3163743019104004","2.3163743019104004"
"485","2.420036554336548","2.420036554336548","2.420036554336548"
"486","2.3336801528930664","2.3336801528930664","2.3336801528930664"
"487","2.1050448417663574","2.1050448417663574","2.1050448417663574"
"488","2.127283811569214","2.127283811569214","2.127283811569214"
"489","2.3693552017211914","2.3693552017211914","2.3693552017211914"
"490","1.906030297279358","1.906030297279358","1.906030297279358"
"491","2.458034038543701","2.458034038543701","2.458034038543701"
"492","2.5882809162139893","2.5882809162139893","2.5882809162139893"
"493","2.4104092121124268","2.4104092121124268","2.4104092121124268"
"494","2.3007757663726807","2.3007757663726807","2.3007757663726807"
"495","2.57705020904541","2.57705020904541","2.57705020904541"
"496","2.0146498680114746","2.0146498680114746","2.0146498680114746"
"497","2.171351432800293","2.171351432800293","2.171351432800293"
"498","2.8917996883392334","2.8917996883392334","2.8917996883392334"
"499","2.30332350730896","2.30332350730896","2.30332350730896"
"500","2.3252811431884766","2.3252811431884766","2.3252811431884766"
"501","2.464146852493286","2.464146852493286","2.464146852493286"
"502","2.311262607574463","2.311262607574463","2.311262607574463"
"503","2.4844367504119873","2.4844367504119873","2.4844367504119873"
"504","2.433286190032959","2.433286190032959","2.433286190032959"
"505","3.0655059814453125","3.0655059814453125","3.0655059814453125"
"506","2.1946873664855957","2.1946873664855957","2.1946873664855957"
"507","2.246295213699341","2.246295213699341","2.246295213699341"
"508","2.4641478061676025","2.4641478061676025","2.4641478061676025"
"509","2.229658365249634","2.229658365249634","2.229658365249634"
"510","2.312756061553955","2.312756061553955","2.312756061553955"
"511","2.1405489444732666","2.1405489444732666","2.1405489444732666"
"512","2.9732391834259033","2.9732391834259033","2.9732391834259033"
"513","2.9927427768707275","2.9927427768707275","2.9927427768707275"
"514","2.4421768188476562","2.4421768188476562","2.4421768188476562"
"515","2.131237268447876","2.131237268447876","2.131237268447876"
"516","2.2684576511383057","2.2684576511383057","2.2684576511383057"
"517","2.7515552043914795","2.7515552043914795","2.7515552043914795"
"518","2.505188226699829","2.505188226699829","2.505188226699829"
"519","2.312394142150879","2.312394142150879","2.312394142150879"
"520","2.559619665145874","2.559619665145874","2.559619665145874"
"521","2.376544952392578","2.376544952392578","2.376544952392578"
"522","1.8669034242630005","1.8669034242630005","1.8669034242630005"
"523","2.643646717071533","2.643646717071533","2.643646717071533"
"524","2.4021966457366943","2.4021966457366943","2.4021966457366943"
"525","2.4574201107025146","2.4574201107025146","2.4574201107025146"
"526","1.9559478759765625","1.9559478759765625","1.9559478759765625"
"527","2.0909478664398193","2.0909478664398193","2.0909478664398193"
"528","2.1686408519744873","2.1686408519744873","2.1686408519744873"
"529","2.809082269668579","2.809082269668579","2.809082269668579"
"530","2.5027122497558594","2.5027122497558594","2.5027122497558594"
"531","2.8058784008026123","2.8058784008026123","2.8058784008026123"
"532","2.130532741546631","2.130532741546631","2.130532741546631"
"533","2.0910816192626953","2.0910816192626953","2.0910816192626953"
"534","2.416470766067505","2.416470766067505","2.416470766067505"
"535","2.2735595703125","2.2735595703125","2.2735595703125"
"536","2.7878599166870117","2.7878599166870117","2.7878599166870117"
"537","2.9911961555480957","2.9911961555480957","2.9911961555480957"
"538","2.374248743057251","2.374248743057251","2.374248743057251"
"539","2.50372576713562","2.50372576713562","2.50372576713562"
"540","2.5339765548706055","2.5339765548706055","2.5339765548706055"
"541","2.485769033432007","2.485769033432007","2.485769033432007"
"542","2.6569578647613525","2.6569578647613525","2.6569578647613525"
"543","2.285285472869873","2.285285472869873","2.285285472869873"
"544","2.1257100105285645","2.1257100105285645","2.1257100105285645"
"545","2.199317455291748","2.199317455291748","2.199317455291748"
"546","2.2456769943237305","2.2456769943237305","2.2456769943237305"
"547","2.5737626552581787","2.5737626552581787","2.5737626552581787"
"548","2.371049165725708","2.371049165725708","2.371049165725708"
"549","2.151726484298706","2.151726484298706","2.151726484298706"
"550","2.096633195877075","2.096633195877075","2.096633195877075"
"551","2.9849727153778076","2.9849727153778076","2.9849727153778076"
"552","2.41818904876709","2.41818904876709","2.41818904876709"
"553","2.670896053314209","2.670896053314209","2.670896053314209"
"554","2.3509883880615234","2.3509883880615234","2.3509883880615234"
"555","2.2070045471191406","2.2070045471191406","2.2070045471191406"
"556","2.252910614013672","2.252910614013672","2.252910614013672"
"557","2.285841226577759","2.285841226577759","2.285841226577759"
"558","2.382887125015259","2.382887125015259","2.382887125015259"
"559","2.3430047035217285","2.3430047035217285","2.3430047035217285"
"560","2.016964912414551","2.016964912414551","2.016964912414551"
"561","2.4412460327148438","2.4412460327148438","2.4412460327148438"
"562","2.2122247219085693","2.2122247219085693","2.2122247219085693"
"563","2.326464891433716","2.326464891433716","2.326464891433716"
"564","2.545231580734253","2.545231580734253","2.545231580734253"
"565","2.47570538520813","2.47570538520813","2.47570538520813"
"566","2.799046754837036","2.799046754837036","2.799046754837036"
"567","2.1133432388305664","2.1133432388305664","2.1133432388305664"
"568","2.800485849380493","2.800485849380493","2.800485849380493"
"569","2.078493595123291","2.078493595123291","2.078493595123291"
"570","2.3131251335144043","2.3131251335144043","2.3131251335144043"
"571","2.4453365802764893","2.4453365802764893","2.4453365802764893"
"572","2.3036301136016846","2.3036301136016846","2.3036301136016846"
"573","2.361466884613037","2.361466884613037","2.361466884613037"
"574","2.470381021499634","2.470381021499634","2.470381021499634"
"575","2.587155342102051","2.587155342102051","2.587155342102051"
"576","2.6833133697509766","2.6833133697509766","2.6833133697509766"
"577","2.710639715194702","2.710639715194702","2.710639715194702"
"578","2.731010913848877","2.731010913848877","2.731010913848877"
"579","2.599207878112793","2.599207878112793","2.599207878112793"
"580","2.136810779571533","2.136810779571533","2.136810779571533"
"581","2.061168909072876","2.061168909072876","2.061168909072876"
"582","2.544743776321411","2.544743776321411","2.544743776321411"
"583","2.202265977859497","2.202265977859497","2.202265977859497"
"584","2.2696142196655273","2.2696142196655273","2.2696142196655273"
"585","2.203962564468384","2.203962564468384","2.203962564468384"
"586","2.0045299530029297","2.0045299530029297","2.0045299530029297"
"587","2.2306363582611084","2.2306363582611084","2.2306363582611084"
"588","2.332705020904541","2.332705020904541","2.332705020904541"
"589","2.1562659740448","2.1562659740448","2.1562659740448"
"590","2.3386805057525635","2.3386805057525635","2.3386805057525635"
"591","2.371236562728882","2.371236562728882","2.371236562728882"
"592","2.0533649921417236","2.0533649921417236","2.0533649921417236"
"593","1.8371089696884155","1.8371089696884155","1.8371089696884155"
"594","2.2169501781463623","2.2169501781463623","2.2169501781463623"
"595","2.3072004318237305","2.3072004318237305","2.3072004318237305"
"596","2.3334219455718994","2.3334219455718994","2.3334219455718994"
"597","2.1815571784973145","2.1815571784973145","2.1815571784973145"
"598","2.3702876567840576","2.3702876567840576","2.3702876567840576"
"599","2.3579161167144775","2.3579161167144775","2.3579161167144775"
"600","2.587049722671509","2.587049722671509","2.587049722671509"
"601","2.1579198837280273","2.1579198837280273","2.1579198837280273"
"602","2.2045395374298096","2.2045395374298096","2.2045395374298096"
"603","2.0423381328582764","2.0423381328582764","2.0423381328582764"
"604","2.1100027561187744","2.1100027561187744","2.1100027561187744"
"605","2.355578660964966","2.355578660964966","2.355578660964966"
"606","2.3014652729034424","2.3014652729034424","2.3014652729034424"
"607","1.9274870157241821","1.9274870157241821","1.9274870157241821"
"608","2.2157325744628906","2.2157325744628906","2.2157325744628906"
"609","2.576859474182129","2.576859474182129","2.576859474182129"
"610","2.2974483966827393","2.2974483966827393","2.2974483966827393"
"611","2.031456232070923","2.031456232070923","2.031456232070923"
"612","2.0616352558135986","2.0616352558135986","2.0616352558135986"
"613","2.3293704986572266","2.3293704986572266","2.3293704986572266"
"614","2.095059871673584","2.095059871673584","2.095059871673584"
"615","1.707837462425232","1.707837462425232","1.707837462425232"
"616","2.514915943145752","2.514915943145752","2.514915943145752"
"617","2.416304349899292","2.416304349899292","2.416304349899292"
"618","2.7608134746551514","2.7608134746551514","2.7608134746551514"
"619","2.529130458831787","2.529130458831787","2.529130458831787"
"620","2.3231263160705566","2.3231263160705566","2.3231263160705566"
"621","1.9437023401260376","1.9437023401260376","1.9437023401260376"
"622","2.5932559967041016","2.5932559967041016","2.5932559967041016"
"623","2.5117738246917725","2.5117738246917725","2.5117738246917725"
"624","2.0673584938049316","2.0673584938049316","2.0673584938049316"
"625","2.1310391426086426","2.1310391426086426","2.1310391426086426"
"626","2.2340211868286133","2.2340211868286133","2.2340211868286133"
"627","2.0412986278533936","2.0412986278533936","2.0412986278533936"
"628","2.824134349822998","2.824134349822998","2.824134349822998"
"629","2.606682777404785","2.606682777404785","2.606682777404785"
"630","2.3241991996765137","2.3241991996765137","2.3241991996765137"
"631","2.4546098709106445","2.4546098709106445","2.4546098709106445"
"632","2.912808418273926","2.912808418273926","2.912808418273926"
"633","2.226876735687256","2.226876735687256","2.226876735687256"
"634","2.834476947784424","2.834476947784424","2.834476947784424"
"635","1.9248895645141602","1.9248895645141602","1.9248895645141602"
"636","2.220879554748535","2.220879554748535","2.220879554748535"
"637","2.2665228843688965","2.2665228843688965","2.2665228843688965"
"638","2.4137940406799316","2.4137940406799316","2.4137940406799316"
"639","2.082937717437744","2.082937717437744","2.082937717437744"
"640","2.412024736404419","2.412024736404419","2.412024736404419"
"641","2.126438856124878","2.126438856124878","2.126438856124878"
"642","1.832589864730835","1.832589864730835","1.832589864730835"
"643","2.4031448364257812","2.4031448364257812","2.4031448364257812"
"644","2.441702127456665","2.441702127456665","2.441702127456665"
"645","2.2761828899383545","2.2761828899383545","2.2761828899383545"
"646","2.1987085342407227","2.1987085342407227","2.1987085342407227"
"647","2.3001785278320312","2.3001785278320312","2.3001785278320312"
"648","2.2208847999572754","2.2208847999572754","2.2208847999572754"
"649","2.353929281234741","2.353929281234741","2.353929281234741"
"650","2.4297902584075928","2.4297902584075928","2.4297902584075928"
"651","2.5233123302459717","2.5233123302459717","2.5233123302459717"
"652","2.1970202922821045","2.1970202922821045","2.1970202922821045"
"653","2.6546366214752197","2.6546366214752197","2.6546366214752197"
"654","2.2743945121765137","2.2743945121765137","2.2743945121765137"
"655","2.5743608474731445","2.5743608474731445","2.5743608474731445"
"656","3.0136237144470215","3.0136237144470215","3.0136237144470215"
"657","1.9104187488555908","1.9104187488555908","1.9104187488555908"
"658","2.3282244205474854","2.3282244205474854","2.3282244205474854"
"659","2.692859172821045","2.692859172821045","2.692859172821045"
"660","2.367626905441284","2.367626905441284","2.367626905441284"
"661","2.236187219619751","2.236187219619751","2.236187219619751"
"662","2.4196674823760986","2.4196674823760986","2.4196674823760986"
"663","2.6575493812561035","2.6575493812561035","2.6575493812561035"
"664","1.996810793876648","1.996810793876648","1.996810793876648"
"665","1.8100694417953491","1.8100694417953491","1.8100694417953491"
"666","2.380420684814453","2.380420684814453","2.380420684814453"
"667","2.2098116874694824","2.2098116874694824","2.2098116874694824"
"668","2.118318557739258","2.118318557739258","2.118318557739258"
"669","2.613534927368164","2.613534927368164","2.613534927368164"
"670","1.8590073585510254","1.8590073585510254","1.8590073585510254"
"671","2.3799386024475098","2.3799386024475098","2.3799386024475098"
"672","2.1125004291534424","2.1125004291534424","2.1125004291534424"
"673","2.215724229812622","2.215724229812622","2.215724229812622"
"674","2.349782705307007","2.349782705307007","2.349782705307007"
"675","2.5086445808410645","2.5086445808410645","2.5086445808410645"
"676","2.238002061843872","2.238002061843872","2.238002061843872"
"677","2.633826732635498","2.633826732635498","2.633826732635498"
"678","2.312727689743042","2.312727689743042","2.312727689743042"
"679","2.1393351554870605","2.1393351554870605","2.1393351554870605"
"680","2.205380916595459","2.205380916595459","2.205380916595459"
"681","2.690244197845459","2.690244197845459","2.690244197845459"
"682","2.166332960128784","2.166332960128784","2.166332960128784"
"683","2.543208360671997","2.543208360671997","2.543208360671997"
"684","2.0162267684936523","2.0162267684936523","2.0162267684936523"
"685","2.342005729675293","2.342005729675293","2.342005729675293"
"686","2.2327871322631836","2.2327871322631836","2.2327871322631836"
"687","2.329934597015381","2.329934597015381","2.329934597015381"
"688","2.19482159614563","2.19482159614563","2.19482159614563"
"689","2.151231050491333","2.151231050491333","2.151231050491333"
"690","2.298577070236206","2.298577070236206","2.298577070236206"
"691","2.064211130142212","2.064211130142212","2.064211130142212"
"692","1.894769310951233","1.894769310951233","1.894769310951233"
"693","2.063316583633423","2.063316583633423","2.063316583633423"
"694","2.2964789867401123","2.2964789867401123","2.2964789867401123"
"695","2.320756435394287","2.320756435394287","2.320756435394287"
"696","2.6895875930786133","2.6895875930786133","2.6895875930786133"
"697","1.8203943967819214","1.8203943967819214","1.8203943967819214"
"698","2.7780659198760986","2.7780659198760986","2.7780659198760986"
"699","2.1779191493988037","2.1779191493988037","2.1779191493988037"
"700","1.907690405845642","1.907690405845642","1.907690405845642"
"701","2.0989863872528076","2.0989863872528076","2.0989863872528076"
"702","2.0642471313476562","2.0642471313476562","2.0642471313476562"
"703","2.522322416305542","2.522322416305542","2.522322416305542"
"704","2.0758256912231445","2.0758256912231445","2.0758256912231445"
"705","2.2008371353149414","2.2008371353149414","2.2008371353149414"
"706","2.6732826232910156","2.6732826232910156","2.6732826232910156"
"707","2.373594045639038","2.373594045639038","2.373594045639038"
"708","1.7421077489852905","1.7421077489852905","1.7421077489852905"
"709","2.2949655055999756","2.2949655055999756","2.2949655055999756"
"710","2.1757586002349854","2.1757586002349854","2.1757586002349854"
"711","2.7720940113067627","2.7720940113067627","2.7720940113067627"
"712","2.471097707748413","2.471097707748413","2.471097707748413"
"713","2.1895642280578613","2.1895642280578613","2.1895642280578613"
"714","2.043938398361206","2.043938398361206","2.043938398361206"
"715","1.7887331247329712","1.7887331247329712","1.7887331247329712"
"716","2.4555466175079346","2.4555466175079346","2.4555466175079346"
"717","2.6062982082366943","2.6062982082366943","2.6062982082366943"
"718","2.7095019817352295","2.7095019817352295","2.7095019817352295"
"719","2.040757894515991","2.040757894515991","2.040757894515991"
"720","2.7934532165527344","2.7934532165527344","2.7934532165527344"
"721","2.39017915725708","2.39017915725708","2.39017915725708"
"722","2.7080609798431396","2.7080609798431396","2.7080609798431396"
"723","2.5721466541290283","2.5721466541290283","2.5721466541290283"
"724","2.309976577758789","2.309976577758789","2.309976577758789"
"725","1.8044102191925049","1.8044102191925049","1.8044102191925049"
"726","2.5316503047943115","2.5316503047943115","2.5316503047943115"
"727","2.1572296619415283","2.1572296619415283","2.1572296619415283"
"728","2.45070481300354","2.45070481300354","2.45070481300354"
"729","2.3264694213867188","2.3264694213867188","2.3264694213867188"
"730","2.389484405517578","2.389484405517578","2.389484405517578"
"731","2.2742109298706055","2.2742109298706055","2.2742109298706055"
"732","2.2583508491516113","2.2583508491516113","2.2583508491516113"
"733","2.5264892578125","2.5264892578125","2.5264892578125"
"734","2.3150813579559326","2.3150813579559326","2.3150813579559326"
"735","2.492448091506958","2.492448091506958","2.492448091506958"
"736","2.635950803756714","2.635950803756714","2.635950803756714"
"737","2.7215664386749268","2.7215664386749268","2.7215664386749268"
"738","2.239208936691284","2.239208936691284","2.239208936691284"
"739","2.2845022678375244","2.2845022678375244","2.2845022678375244"
"740","2.325401544570923","2.325401544570923","2.325401544570923"
"741","2.327310800552368","2.327310800552368","2.327310800552368"
"742","2.515455961227417","2.515455961227417","2.515455961227417"
"743","2.560230255126953","2.560230255126953","2.560230255126953"
"744","2.1377112865448","2.1377112865448","2.1377112865448"
"745","2.076920986175537","2.076920986175537","2.076920986175537"
"746","2.437883138656616","2.437883138656616","2.437883138656616"
"747","2.1295104026794434","2.1295104026794434","2.1295104026794434"
"748","2.502969264984131","2.502969264984131","2.502969264984131"
"749","3.0601906776428223","3.0601906776428223","3.0601906776428223"
"750","2.4508938789367676","2.4508938789367676","2.4508938789367676"
"751","2.3622846603393555","2.3622846603393555","2.3622846603393555"
"752","2.339459180831909","2.339459180831909","2.339459180831909"
"753","2.2013349533081055","2.2013349533081055","2.2013349533081055"
"754","2.4046852588653564","2.4046852588653564","2.4046852588653564"
"755","2.6969571113586426","2.6969571113586426","2.6969571113586426"
"756","2.1748745441436768","2.1748745441436768","2.1748745441436768"
"757","2.2880420684814453","2.2880420684814453","2.2880420684814453"
"758","1.8262642621994019","1.8262642621994019","1.8262642621994019"
"759","2.5286426544189453","2.5286426544189453","2.5286426544189453"
"760","2.6340813636779785","2.6340813636779785","2.6340813636779785"
"761","2.2133429050445557","2.2133429050445557","2.2133429050445557"
"762","2.1064791679382324","2.1064791679382324","2.1064791679382324"
"763","2.0481977462768555","2.0481977462768555","2.0481977462768555"
"764","1.5707899332046509","1.5707899332046509","1.5707899332046509"
"765","2.4137349128723145","2.4137349128723145","2.4137349128723145"
"766","2.5154638290405273","2.5154638290405273","2.5154638290405273"
"767","2.5062506198883057","2.5062506198883057","2.5062506198883057"
"768","2.1721746921539307","2.1721746921539307","2.1721746921539307"
"769","2.197732925415039","2.197732925415039","2.197732925415039"
"770","2.4498865604400635","2.4498865604400635","2.4498865604400635"
"771","2.4539754390716553","2.4539754390716553","2.4539754390716553"
"772","2.4056787490844727","2.4056787490844727","2.4056787490844727"
"773","2.232131242752075","2.232131242752075","2.232131242752075"
"774","2.561274528503418","2.561274528503418","2.561274528503418"
"775","2.50093936920166","2.50093936920166","2.50093936920166"
"776","2.16576886177063","2.16576886177063","2.16576886177063"
"777","2.3207597732543945","2.3207597732543945","2.3207597732543945"
"778","2.4728939533233643","2.4728939533233643","2.4728939533233643"
"779","2.14534854888916","2.14534854888916","2.14534854888916"
"780","2.369103193283081","2.369103193283081","2.369103193283081"
"781","1.9417444467544556","1.9417444467544556","1.9417444467544556"
"782","2.296369791030884","2.296369791030884","2.296369791030884"
"783","2.278406858444214","2.278406858444214","2.278406858444214"
"784","2.281426191329956","2.281426191329956","2.281426191329956"
"785","1.9604310989379883","1.9604310989379883","1.9604310989379883"
"786","2.089486598968506","2.089486598968506","2.089486598968506"
"787","2.5339818000793457","2.5339818000793457","2.5339818000793457"
"788","2.1654608249664307","2.1654608249664307","2.1654608249664307"
"789","2.5263288021087646","2.5263288021087646","2.5263288021087646"
"790","2.2866387367248535","2.2866387367248535","2.2866387367248535"
"791","2.2969565391540527","2.2969565391540527","2.2969565391540527"
"792","2.6127874851226807","2.6127874851226807","2.6127874851226807"
"793","2.5301148891448975","2.5301148891448975","2.5301148891448975"
"794","2.642979860305786","2.642979860305786","2.642979860305786"
"795","2.799098253250122","2.799098253250122","2.799098253250122"
"796","2.1941537857055664","2.1941537857055664","2.1941537857055664"
"797","2.4362235069274902","2.4362235069274902","2.4362235069274902"
"798","2.1901674270629883","2.1901674270629883","2.1901674270629883"
"799","2.4832496643066406","2.4832496643066406","2.4832496643066406"
"800","2.3836069107055664","2.3836069107055664","2.3836069107055664"
"801","2.1442017555236816","2.1442017555236816","2.1442017555236816"
"802","2.1656787395477295","2.1656787395477295","2.1656787395477295"
"803","2.6108384132385254","2.6108384132385254","2.6108384132385254"
"804","2.10465407371521","2.10465407371521","2.10465407371521"
"805","2.566551446914673","2.566551446914673","2.566551446914673"
"806","2.01590633392334","2.01590633392334","2.01590633392334"
"807","2.737165689468384","2.737165689468384","2.737165689468384"
"808","2.425535202026367","2.425535202026367","2.425535202026367"
"809","2.221916913986206","2.221916913986206","2.221916913986206"
"810","2.626812219619751","2.626812219619751","2.626812219619751"
"811","2.0805981159210205","2.0805981159210205","2.0805981159210205"
"812","2.9664576053619385","2.9664576053619385","2.9664576053619385"
"813","1.985492467880249","1.985492467880249","1.985492467880249"
"814","2.320422410964966","2.320422410964966","2.320422410964966"
"815","2.02681040763855","2.02681040763855","2.02681040763855"
"816","2.0325686931610107","2.0325686931610107","2.0325686931610107"
"817","2.2714931964874268","2.2714931964874268","2.2714931964874268"
"818","2.124053716659546","2.124053716659546","2.124053716659546"
"819","2.2076098918914795","2.2076098918914795","2.2076098918914795"
"820","2.501554489135742","2.501554489135742","2.501554489135742"
"821","2.26251482963562","2.26251482963562","2.26251482963562"
"822","2.0684473514556885","2.0684473514556885","2.0684473514556885"
"823","2.2669517993927","2.2669517993927","2.2669517993927"
"824","2.2242939472198486","2.2242939472198486","2.2242939472198486"
"825","2.319751024246216","2.319751024246216","2.319751024246216"
"826","1.9546098709106445","1.9546098709106445","1.9546098709106445"
"827","2.1827473640441895","2.1827473640441895","2.1827473640441895"
"828","2.2306888103485107","2.2306888103485107","2.2306888103485107"
"829","2.0806071758270264","2.0806071758270264","2.0806071758270264"
"830","2.276066780090332","2.276066780090332","2.276066780090332"
"831","2.7465198040008545","2.7465198040008545","2.7465198040008545"
"832","2.356839418411255","2.356839418411255","2.356839418411255"
"833","2.260578155517578","2.260578155517578","2.260578155517578"
"834","2.1547811031341553","2.1547811031341553","2.1547811031341553"
"835","2.5325756072998047","2.5325756072998047","2.5325756072998047"
"836","2.580684185028076","2.580684185028076","2.580684185028076"
"837","2.3153412342071533","2.3153412342071533","2.3153412342071533"
"838","2.2829973697662354","2.2829973697662354","2.2829973697662354"
"839","2.1592254638671875","2.1592254638671875","2.1592254638671875"
"840","2.1524438858032227","2.1524438858032227","2.1524438858032227"
"841","1.9911552667617798","1.9911552667617798","1.9911552667617798"
"842","2.4441120624542236","2.4441120624542236","2.4441120624542236"
"843","2.5148348808288574","2.5148348808288574","2.5148348808288574"
"844","2.4230382442474365","2.4230382442474365","2.4230382442474365"
"845","1.9629054069519043","1.9629054069519043","1.9629054069519043"
"846","2.1934926509857178","2.1934926509857178","2.1934926509857178"
"847","2.328930377960205","2.328930377960205","2.328930377960205"
"848","2.5195069313049316","2.5195069313049316","2.5195069313049316"
"849","2.2516119480133057","2.2516119480133057","2.2516119480133057"
"850","2.2105820178985596","2.2105820178985596","2.2105820178985596"
"851","2.843592643737793","2.843592643737793","2.843592643737793"
"852","2.4194045066833496","2.4194045066833496","2.4194045066833496"
"853","2.2835562229156494","2.2835562229156494","2.2835562229156494"
"854","2.30826473236084","2.30826473236084","2.30826473236084"
"855","1.8612524271011353","1.8612524271011353","1.8612524271011353"
"856","2.226616859436035","2.226616859436035","2.226616859436035"
"857","2.4492831230163574","2.4492831230163574","2.4492831230163574"
"858","2.458984851837158","2.458984851837158","2.458984851837158"
"859","2.0617778301239014","2.0617778301239014","2.0617778301239014"
"860","1.9432200193405151","1.9432200193405151","1.9432200193405151"
"861","2.148552656173706","2.148552656173706","2.148552656173706"
"862","2.2902133464813232","2.2902133464813232","2.2902133464813232"
"863","2.0776891708374023","2.0776891708374023","2.0776891708374023"
"864","2.1430742740631104","2.1430742740631104","2.1430742740631104"
"865","2.425535202026367","2.425535202026367","2.425535202026367"
"866","2.616403818130493","2.616403818130493","2.616403818130493"
"867","2.1714789867401123","2.1714789867401123","2.1714789867401123"
"868","2.400146007537842","2.400146007537842","2.400146007537842"
"869","2.456587076187134","2.456587076187134","2.456587076187134"
"870","2.2142932415008545","2.2142932415008545","2.2142932415008545"
"871","2.212794303894043","2.212794303894043","2.212794303894043"
"872","2.4962215423583984","2.4962215423583984","2.4962215423583984"
"873","2.1106367111206055","2.1106367111206055","2.1106367111206055"
"874","2.4502625465393066","2.4502625465393066","2.4502625465393066"
"875","2.2557437419891357","2.2557437419891357","2.2557437419891357"
"876","2.311274290084839","2.311274290084839","2.311274290084839"
"877","2.563061475753784","2.563061475753784","2.563061475753784"
"878","2.1601696014404297","2.1601696014404297","2.1601696014404297"
"879","2.240891218185425","2.240891218185425","2.240891218185425"
"880","2.659444808959961","2.659444808959961","2.659444808959961"
"881","2.108386754989624","2.108386754989624","2.108386754989624"
"882","2.747425079345703","2.747425079345703","2.747425079345703"
"883","2.268437385559082","2.268437385559082","2.268437385559082"
"884","2.475965976715088","2.475965976715088","2.475965976715088"
"885","2.3465490341186523","2.3465490341186523","2.3465490341186523"
"886","2.369673252105713","2.369673252105713","2.369673252105713"
"887","2.3478002548217773","2.3478002548217773","2.3478002548217773"
"888","2.3123421669006348","2.3123421669006348","2.3123421669006348"
"889","2.099170207977295","2.099170207977295","2.099170207977295"
"890","2.44940185546875","2.44940185546875","2.44940185546875"
"891","2.5082015991210938","2.5082015991210938","2.5082015991210938"
"892","2.958921432495117","2.958921432495117","2.958921432495117"
"893","1.9582382440567017","1.9582382440567017","1.9582382440567017"
"894","2.615096092224121","2.615096092224121","2.615096092224121"
"895","2.6667470932006836","2.6667470932006836","2.6667470932006836"
"896","2.1867592334747314","2.1867592334747314","2.1867592334747314"
"897","2.4927635192871094","2.4927635192871094","2.4927635192871094"
"898","2.0566928386688232","2.0566928386688232","2.0566928386688232"
"899","2.0734522342681885","2.0734522342681885","2.0734522342681885"
"900","2.4078071117401123","2.4078071117401123","2.4078071117401123"
"901","2.4995710849761963","2.4995710849761963","2.4995710849761963"
"902","2.38288950920105","2.38288950920105","2.38288950920105"
"903","1.8517124652862549","1.8517124652862549","1.8517124652862549"
"904","2.315742015838623","2.315742015838623","2.315742015838623"
"905","2.2240796089172363","2.2240796089172363","2.2240796089172363"
"906","2.557392120361328","2.557392120361328","2.557392120361328"
"907","2.2844905853271484","2.2844905853271484","2.2844905853271484"
"908","2.3405134677886963","2.3405134677886963","2.3405134677886963"
"909","2.3774328231811523","2.3774328231811523","2.3774328231811523"
"910","2.3126440048217773","2.3126440048217773","2.3126440048217773"
"911","2.34757399559021","2.34757399559021","2.34757399559021"
"912","2.34798264503479","2.34798264503479","2.34798264503479"
"913","2.205942153930664","2.205942153930664","2.205942153930664"
"914","2.243415355682373","2.243415355682373","2.243415355682373"
"915","1.871497631072998","1.871497631072998","1.871497631072998"
"916","2.6245760917663574","2.6245760917663574","2.6245760917663574"
"917","2.319575786590576","2.319575786590576","2.319575786590576"
"918","2.1689162254333496","2.1689162254333496","2.1689162254333496"
"919","2.154561758041382","2.154561758041382","2.154561758041382"
"920","2.451442003250122","2.451442003250122","2.451442003250122"
"921","2.3799543380737305","2.3799543380737305","2.3799543380737305"
"922","2.136148691177368","2.136148691177368","2.136148691177368"
"923","2.230335235595703","2.230335235595703","2.230335235595703"
"924","2.2870779037475586","2.2870779037475586","2.2870779037475586"
"925","2.45243763923645","2.45243763923645","2.45243763923645"
"926","2.583493232727051","2.583493232727051","2.583493232727051"
"927","2.7062737941741943","2.7062737941741943","2.7062737941741943"
"928","2.3098862171173096","2.3098862171173096","2.3098862171173096"
"929","2.5028300285339355","2.5028300285339355","2.5028300285339355"
"930","2.6559274196624756","2.6559274196624756","2.6559274196624756"
"931","2.3455328941345215","2.3455328941345215","2.3455328941345215"
"932","2.1166727542877197","2.1166727542877197","2.1166727542877197"
"933","2.2744317054748535","2.2744317054748535","2.2744317054748535"
"934","2.449402332305908","2.449402332305908","2.449402332305908"
"935","2.458414077758789","2.458414077758789","2.458414077758789"
"936","2.5655879974365234","2.5655879974365234","2.5655879974365234"
"937","2.0536179542541504","2.0536179542541504","2.0536179542541504"
"938","1.9562827348709106","1.9562827348709106","1.9562827348709106"
"939","2.438317060470581","2.438317060470581","2.438317060470581"
"940","2.5875208377838135","2.5875208377838135","2.5875208377838135"
"941","2.5632481575012207","2.5632481575012207","2.5632481575012207"
"942","2.1525075435638428","2.1525075435638428","2.1525075435638428"
"943","2.3660037517547607","2.3660037517547607","2.3660037517547607"
"944","2.7193374633789062","2.7193374633789062","2.7193374633789062"
"945","2.281658411026001","2.281658411026001","2.281658411026001"
"946","1.878921389579773","1.878921389579773","1.878921389579773"
"947","2.4419007301330566","2.4419007301330566","2.4419007301330566"
"948","2.3928141593933105","2.3928141593933105","2.3928141593933105"
"949","2.418382406234741","2.418382406234741","2.418382406234741"
"950","2.1436429023742676","2.1436429023742676","2.1436429023742676"
"951","2.430194616317749","2.430194616317749","2.430194616317749"
"952","1.970057725906372","1.970057725906372","1.970057725906372"
"953","2.196704149246216","2.196704149246216","2.196704149246216"
"954","2.1889419555664062","2.1889419555664062","2.1889419555664062"
"955","2.457486629486084","2.457486629486084","2.457486629486084"
"956","1.886033296585083","1.886033296585083","1.886033296585083"
"957","2.1716420650482178","2.1716420650482178","2.1716420650482178"
"958","2.3368656635284424","2.3368656635284424","2.3368656635284424"
"959","2.7618181705474854","2.7618181705474854","2.7618181705474854"
"960","2.123176097869873","2.123176097869873","2.123176097869873"
"961","2.621649742126465","2.621649742126465","2.621649742126465"
"962","2.2970263957977295","2.2970263957977295","2.2970263957977295"
"963","2.471083164215088","2.471083164215088","2.471083164215088"
"964","2.482973337173462","2.482973337173462","2.482973337173462"
"965","2.2860360145568848","2.2860360145568848","2.2860360145568848"
"966","2.253575086593628","2.253575086593628","2.253575086593628"
"967","2.1851601600646973","2.1851601600646973","2.1851601600646973"
"968","2.66607403755188","2.66607403755188","2.66607403755188"
"969","2.5314555168151855","2.5314555168151855","2.5314555168151855"
"970","2.78608775138855","2.78608775138855","2.78608775138855"
"971","2.584757089614868","2.584757089614868","2.584757089614868"
"972","2.807746410369873","2.807746410369873","2.807746410369873"
"973","2.380284547805786","2.380284547805786","2.380284547805786"
"974","2.529968023300171","2.529968023300171","2.529968023300171"
"975","2.2769343852996826","2.2769343852996826","2.2769343852996826"
"976","2.4802634716033936","2.4802634716033936","2.4802634716033936"
"977","2.181245803833008","2.181245803833008","2.181245803833008"
"978","2.3225553035736084","2.3225553035736084","2.3225553035736084"
"979","2.039848804473877","2.039848804473877","2.039848804473877"
"980","2.2690975666046143","2.2690975666046143","2.2690975666046143"
"981","2.4697928428649902","2.4697928428649902","2.4697928428649902"
"982","2.128741502761841","2.128741502761841","2.128741502761841"
"983","2.2816386222839355","2.2816386222839355","2.2816386222839355"
"984","2.37178635597229","2.37178635597229","2.37178635597229"
"985","2.770986795425415","2.770986795425415","2.770986795425415"
"986","2.3627567291259766","2.3627567291259766","2.3627567291259766"
"987","2.4120278358459473","2.4120278358459473","2.4120278358459473"
"988","2.326571226119995","2.326571226119995","2.326571226119995"
"989","2.3195135593414307","2.3195135593414307","2.3195135593414307"
"990","2.339792013168335","2.339792013168335","2.339792013168335"
"991","2.2688510417938232","2.2688510417938232","2.2688510417938232"
"992","2.6924853324890137","2.6924853324890137","2.6924853324890137"
"993","2.385892629623413","2.385892629623413","2.385892629623413"
"994","1.9727288484573364","1.9727288484573364","1.9727288484573364"
"995","2.7289154529571533","2.7289154529571533","2.7289154529571533"
"996","2.7031121253967285","2.7031121253967285","2.7031121253967285"
"997","2.101656675338745","2.101656675338745","2.101656675338745"
"998","2.264694929122925","2.264694929122925","2.264694929122925"
"999","2.362563371658325","2.362563371658325","2.362563371658325"
"1000","2.1245152950286865","2.1245152950286865","2.1245152950286865"
"1001","2.5079398155212402","2.5079398155212402","2.5079398155212402"
"1002","2.296335458755493","2.296335458755493","2.296335458755493"
"1003","1.826577067375183","1.826577067375183","1.826577067375183"
"1004","2.179730176925659","2.179730176925659","2.179730176925659"
"1005","2.2964632511138916","2.2964632511138916","2.2964632511138916"
"1006","2.968290328979492","2.968290328979492","2.968290328979492"
"1007","2.647962808609009","2.647962808609009","2.647962808609009"
"1008","2.227536916732788","2.227536916732788","2.227536916732788"
"1009","2.3440051078796387","2.3440051078796387","2.3440051078796387"
"1010","1.8730922937393188","1.8730922937393188","1.8730922937393188"
"1011","2.0265681743621826","2.0265681743621826","2.0265681743621826"
"1012","2.624006986618042","2.624006986618042","2.624006986618042"
"1013","2.2716567516326904","2.2716567516326904","2.2716567516326904"
"1014","2.274150848388672","2.274150848388672","2.274150848388672"
"1015","2.0296595096588135","2.0296595096588135","2.0296595096588135"
"1016","2.547865152359009","2.547865152359009","2.547865152359009"
"1017","2.605532646179199","2.605532646179199","2.605532646179199"
"1018","2.401991605758667","2.401991605758667","2.401991605758667"
"1019","2.566256284713745","2.566256284713745","2.566256284713745"
"1020","2.5414931774139404","2.5414931774139404","2.5414931774139404"
"1021","2.22859263420105","2.22859263420105","2.22859263420105"
"1022","2.280787944793701","2.280787944793701","2.280787944793701"
"1023","2.3738820552825928","2.3738820552825928","2.3738820552825928"
"1024","2.460402250289917","2.460402250289917","2.460402250289917"
"1025","2.0378644466400146","2.0378644466400146","2.0378644466400146"
"1026","2.2807724475860596","2.2807724475860596","2.2807724475860596"
"1027","2.4941487312316895","2.4941487312316895","2.4941487312316895"
"1028","2.2789466381073","2.2789466381073","2.2789466381073"
"1029","2.6030592918395996","2.6030592918395996","2.6030592918395996"
"1030","2.377636194229126","2.377636194229126","2.377636194229126"
"1031","2.376736640930176","2.376736640930176","2.376736640930176"
"1032","2.252014398574829","2.252014398574829","2.252014398574829"
"1033","2.1643073558807373","2.1643073558807373","2.1643073558807373"
"1034","2.403336763381958","2.403336763381958","2.403336763381958"
"1035","2.7082085609436035","2.7082085609436035","2.7082085609436035"
"1036","2.695889711380005","2.695889711380005","2.695889711380005"
"1037","2.8037471771240234","2.8037471771240234","2.8037471771240234"
"1038","2.1766533851623535","2.1766533851623535","2.1766533851623535"
"1039","2.112480878829956","2.112480878829956","2.112480878829956"
"1040","2.526118755340576","2.526118755340576","2.526118755340576"
"1041","2.341367244720459","2.341367244720459","2.341367244720459"
"1042","2.4602103233337402","2.4602103233337402","2.4602103233337402"
"1043","2.4953649044036865","2.4953649044036865","2.4953649044036865"
"1044","2.0396058559417725","2.0396058559417725","2.0396058559417725"
"1045","2.53218674659729","2.53218674659729","2.53218674659729"
"1046","2.0916635990142822","2.0916635990142822","2.0916635990142822"
"1047","2.516268014907837","2.516268014907837","2.516268014907837"
"1048","2.479668140411377","2.479668140411377","2.479668140411377"
"1049","2.7608094215393066","2.7608094215393066","2.7608094215393066"
"1050","2.221158027648926","2.221158027648926","2.221158027648926"
"1051","2.4071006774902344","2.4071006774902344","2.4071006774902344"
"1052","2.6221256256103516","2.6221256256103516","2.6221256256103516"
"1053","2.1150622367858887","2.1150622367858887","2.1150622367858887"
"1054","2.177874803543091","2.177874803543091","2.177874803543091"
"1055","2.438047409057617","2.438047409057617","2.438047409057617"
"1056","1.9579834938049316","1.9579834938049316","1.9579834938049316"
"1057","2.660604238510132","2.660604238510132","2.660604238510132"
"1058","2.2006072998046875","2.2006072998046875","2.2006072998046875"
"1059","2.2930901050567627","2.2930901050567627","2.2930901050567627"
"1060","2.2801856994628906","2.2801856994628906","2.2801856994628906"
"1061","2.1661839485168457","2.1661839485168457","2.1661839485168457"
"1062","2.2667388916015625","2.2667388916015625","2.2667388916015625"
"1063","2.3797359466552734","2.3797359466552734","2.3797359466552734"
"1064","2.5252187252044678","2.5252187252044678","2.5252187252044678"
"1065","2.5241196155548096","2.5241196155548096","2.5241196155548096"
"1066","2.329785108566284","2.329785108566284","2.329785108566284"
"1067","2.2340567111968994","2.2340567111968994","2.2340567111968994"
"1068","2.5069525241851807","2.5069525241851807","2.5069525241851807"
"1069","2.3741047382354736","2.3741047382354736","2.3741047382354736"
"1070","2.207850933074951","2.207850933074951","2.207850933074951"
"1071","2.4781739711761475","2.4781739711761475","2.4781739711761475"
"1072","2.5136218070983887","2.5136218070983887","2.5136218070983887"
"1073","2.221883773803711","2.221883773803711","2.221883773803711"
"1074","2.6034960746765137","2.6034960746765137","2.6034960746765137"
"1075","2.271658182144165","2.271658182144165","2.271658182144165"
"1076","2.140347480773926","2.140347480773926","2.140347480773926"
"1077","2.261889696121216","2.261889696121216","2.261889696121216"
"1078","2.2735912799835205","2.2735912799835205","2.2735912799835205"
"1079","2.0317070484161377","2.0317070484161377","2.0317070484161377"
"1080","2.223803997039795","2.223803997039795","2.223803997039795"
"1081","2.521552085876465","2.521552085876465","2.521552085876465"
"1082","2.6952176094055176","2.6952176094055176","2.6952176094055176"
"1083","2.3356897830963135","2.3356897830963135","2.3356897830963135"
"1084","2.095353126525879","2.095353126525879","2.095353126525879"
"1085","1.736721396446228","1.736721396446228","1.736721396446228"
"1086","2.327406883239746","2.327406883239746","2.327406883239746"
"1087","2.174837589263916","2.174837589263916","2.174837589263916"
"1088","2.0066187381744385","2.0066187381744385","2.0066187381744385"
"1089","2.2955775260925293","2.2955775260925293","2.2955775260925293"
"1090","2.2052128314971924","2.2052128314971924","2.2052128314971924"
"1091","2.25534725189209","2.25534725189209","2.25534725189209"
"1092","2.328502893447876","2.328502893447876","2.328502893447876"
"1093","2.0305824279785156","2.0305824279785156","2.0305824279785156"
"1094","2.860999822616577","2.860999822616577","2.860999822616577"
"1095","2.523524284362793","2.523524284362793","2.523524284362793"
"1096","2.30906081199646","2.30906081199646","2.30906081199646"
"1097","2.3203961849212646","2.3203961849212646","2.3203961849212646"
"1098","2.395770311355591","2.395770311355591","2.395770311355591"
"1099","2.2807137966156006","2.2807137966156006","2.2807137966156006"
"1100","2.314924478530884","2.314924478530884","2.314924478530884"
"1101","2.5215296745300293","2.5215296745300293","2.5215296745300293"
"1102","2.876767158508301","2.876767158508301","2.876767158508301"
"1103","2.3213284015655518","2.3213284015655518","2.3213284015655518"
"1104","2.016960859298706","2.016960859298706","2.016960859298706"
"1105","2.7351975440979004","2.7351975440979004","2.7351975440979004"
"1106","2.079280138015747","2.079280138015747","2.079280138015747"
"1107","2.5432491302490234","2.5432491302490234","2.5432491302490234"
"1108","1.964656949043274","1.964656949043274","1.964656949043274"
"1109","1.9596041440963745","1.9596041440963745","1.9596041440963745"
"1110","1.9911773204803467","1.9911773204803467","1.9911773204803467"
"1111","2.324551820755005","2.324551820755005","2.324551820755005"
"1112","2.49601149559021","2.49601149559021","2.49601149559021"
"1113","2.226836681365967","2.226836681365967","2.226836681365967"
"1114","2.0974276065826416","2.0974276065826416","2.0974276065826416"
"1115","2.6029114723205566","2.6029114723205566","2.6029114723205566"
"1116","2.38175630569458","2.38175630569458","2.38175630569458"
"1117","2.3499131202697754","2.3499131202697754","2.3499131202697754"
"1118","2.8778297901153564","2.8778297901153564","2.8778297901153564"
"1119","2.482717275619507","2.482717275619507","2.482717275619507"
"1120","2.2362616062164307","2.2362616062164307","2.2362616062164307"
"1121","2.452042818069458","2.452042818069458","2.452042818069458"
"1122","2.381124258041382","2.381124258041382","2.381124258041382"
"1123","2.7474875450134277","2.7474875450134277","2.7474875450134277"
"1124","2.578796148300171","2.578796148300171","2.578796148300171"
"1125","2.798267364501953","2.798267364501953","2.798267364501953"
"1126","2.434933662414551","2.434933662414551","2.434933662414551"
"1127","2.527402877807617","2.527402877807617","2.527402877807617"
"1128","2.315669536590576","2.315669536590576","2.315669536590576"
"1129","2.371654748916626","2.371654748916626","2.371654748916626"
"1130","2.497295379638672","2.497295379638672","2.497295379638672"
"1131","2.331228494644165","2.331228494644165","2.331228494644165"
"1132","2.059255361557007","2.059255361557007","2.059255361557007"
"1133","2.625497341156006","2.625497341156006","2.625497341156006"
"1134","2.2691915035247803","2.2691915035247803","2.2691915035247803"
"1135","2.4664900302886963","2.4664900302886963","2.4664900302886963"
"1136","2.364849090576172","2.364849090576172","2.364849090576172"
"1137","2.393925666809082","2.393925666809082","2.393925666809082"
"1138","2.254840612411499","2.254840612411499","2.254840612411499"
"1139","2.0866026878356934","2.0866026878356934","2.0866026878356934"
"1140","2.176767349243164","2.176767349243164","2.176767349243164"
"1141","2.400851249694824","2.400851249694824","2.400851249694824"
"1142","2.136575937271118","2.136575937271118","2.136575937271118"
"1143","2.4537999629974365","2.4537999629974365","2.4537999629974365"
"1144","2.6228017807006836","2.6228017807006836","2.6228017807006836"
"1145","1.851927638053894","1.851927638053894","1.851927638053894"
"1146","2.1520514488220215","2.1520514488220215","2.1520514488220215"
"1147","2.5378527641296387","2.5378527641296387","2.5378527641296387"
"1148","2.497673988342285","2.497673988342285","2.497673988342285"
"1149","2.3035683631896973","2.3035683631896973","2.3035683631896973"
"1150","2.357372760772705","2.357372760772705","2.357372760772705"
"1151","2.1200246810913086","2.1200246810913086","2.1200246810913086"
"1152","2.5169754028320312","2.5169754028320312","2.5169754028320312"
"1153","2.3639893531799316","2.3639893531799316","2.3639893531799316"
"1154","2.2233879566192627","2.2233879566192627","2.2233879566192627"
"1155","2.2779059410095215","2.2779059410095215","2.2779059410095215"
"1156","2.14998459815979","2.14998459815979","2.14998459815979"
"1157","2.2077832221984863","2.2077832221984863","2.2077832221984863"
"1158","2.7065346240997314","2.7065346240997314","2.7065346240997314"
"1159","2.4466230869293213","2.4466230869293213","2.4466230869293213"
"1160","2.2884323596954346","2.2884323596954346","2.2884323596954346"
"1161","2.462080478668213","2.462080478668213","2.462080478668213"
"1162","2.604438066482544","2.604438066482544","2.604438066482544"
"1163","2.707066535949707","2.707066535949707","2.707066535949707"
"1164","2.139954090118408","2.139954090118408","2.139954090118408"
"1165","2.540733575820923","2.540733575820923","2.540733575820923"
"1166","1.908949375152588","1.908949375152588","1.908949375152588"
"1167","2.609585762023926","2.609585762023926","2.609585762023926"
"1168","2.4892659187316895","2.4892659187316895","2.4892659187316895"
"1169","2.204345226287842","2.204345226287842","2.204345226287842"
"1170","2.2305755615234375","2.2305755615234375","2.2305755615234375"
"1171","2.283231735229492","2.283231735229492","2.283231735229492"
"1172","2.183812379837036","2.183812379837036","2.183812379837036"
"1173","2.230860948562622","2.230860948562622","2.230860948562622"
"1174","1.9942333698272705","1.9942333698272705","1.9942333698272705"
"1175","2.085123062133789","2.085123062133789","2.085123062133789"
"1176","2.084639549255371","2.084639549255371","2.084639549255371"
"1177","2.5235586166381836","2.5235586166381836","2.5235586166381836"
"1178","1.7954151630401611","1.7954151630401611","1.7954151630401611"
"1179","2.5512430667877197","2.5512430667877197","2.5512430667877197"
"1180","2.5993242263793945","2.5993242263793945","2.5993242263793945"
"1181","2.3488171100616455","2.3488171100616455","2.3488171100616455"
"1182","1.4413764476776123","1.4413764476776123","1.4413764476776123"
"1183","2.023491621017456","2.023491621017456","2.023491621017456"
"1184","2.338107109069824","2.338107109069824","2.338107109069824"
"1185","2.8230831623077393","2.8230831623077393","2.8230831623077393"
"1186","2.2722747325897217","2.2722747325897217","2.2722747325897217"
"1187","2.7756896018981934","2.7756896018981934","2.7756896018981934"
"1188","2.4774060249328613","2.4774060249328613","2.4774060249328613"
"1189","2.7629849910736084","2.7629849910736084","2.7629849910736084"
"1190","1.9229531288146973","1.9229531288146973","1.9229531288146973"
"1191","2.3081610202789307","2.3081610202789307","2.3081610202789307"
"1192","2.3999924659729004","2.3999924659729004","2.3999924659729004"
"1193","2.381798505783081","2.381798505783081","2.381798505783081"
"1194","2.3584184646606445","2.3584184646606445","2.3584184646606445"
"1195","2.232104778289795","2.232104778289795","2.232104778289795"
"1196","2.345625162124634","2.345625162124634","2.345625162124634"
"1197","2.3352646827697754","2.3352646827697754","2.3352646827697754"
"1198","2.0194802284240723","2.0194802284240723","2.0194802284240723"
"1199","2.2530677318573","2.2530677318573","2.2530677318573"
"1200","1.9247276782989502","1.9247276782989502","1.9247276782989502"
"1201","2.5318756103515625","2.5318756103515625","2.5318756103515625"
"1202","2.1588242053985596","2.1588242053985596","2.1588242053985596"
"1203","1.9377835988998413","1.9377835988998413","1.9377835988998413"
"1204","2.4971723556518555","2.4971723556518555","2.4971723556518555"
"1205","2.2059929370880127","2.2059929370880127","2.2059929370880127"
"1206","2.6842410564422607","2.6842410564422607","2.6842410564422607"
"1207","2.295074224472046","2.295074224472046","2.295074224472046"
"1208","2.0521953105926514","2.0521953105926514","2.0521953105926514"
"1209","2.151859998703003","2.151859998703003","2.151859998703003"
"1210","2.641939878463745","2.641939878463745","2.641939878463745"
"1211","2.1351511478424072","2.1351511478424072","2.1351511478424072"
"1212","2.3504533767700195","2.3504533767700195","2.3504533767700195"
"1213","2.471344470977783","2.471344470977783","2.471344470977783"
"1214","2.7428863048553467","2.7428863048553467","2.7428863048553467"
"1215","2.271320343017578","2.271320343017578","2.271320343017578"
"1216","2.0029289722442627","2.0029289722442627","2.0029289722442627"
"1217","2.3632566928863525","2.3632566928863525","2.3632566928863525"
"1218","2.3553974628448486","2.3553974628448486","2.3553974628448486"
"1219","2.597559690475464","2.597559690475464","2.597559690475464"
"1220","2.24594783782959","2.24594783782959","2.24594783782959"
"1221","3.124255895614624","3.124255895614624","3.124255895614624"
"1222","2.2700271606445312","2.2700271606445312","2.2700271606445312"
"1223","2.6293604373931885","2.6293604373931885","2.6293604373931885"
"1224","2.301276206970215","2.301276206970215","2.301276206970215"
"1225","2.3190629482269287","2.3190629482269287","2.3190629482269287"
"1226","2.340386152267456","2.340386152267456","2.340386152267456"
"1227","2.289182424545288","2.289182424545288","2.289182424545288"
"1228","2.3314526081085205","2.3314526081085205","2.3314526081085205"
"1229","2.102433443069458","2.102433443069458","2.102433443069458"
"1230","2.44498348236084","2.44498348236084","2.44498348236084"
"1231","2.261929512023926","2.261929512023926","2.261929512023926"
"1232","2.2009944915771484","2.2009944915771484","2.2009944915771484"
"1233","2.51600980758667","2.51600980758667","2.51600980758667"
"1234","2.2316079139709473","2.2316079139709473","2.2316079139709473"
"1235","2.308305025100708","2.308305025100708","2.308305025100708"
"1236","2.2135050296783447","2.2135050296783447","2.2135050296783447"
"1237","2.5723252296447754","2.5723252296447754","2.5723252296447754"
"1238","2.6431667804718018","2.6431667804718018","2.6431667804718018"
"1239","2.547147750854492","2.547147750854492","2.547147750854492"
"1240","2.26361083984375","2.26361083984375","2.26361083984375"
"1241","2.2553553581237793","2.2553553581237793","2.2553553581237793"
"1242","2.4781711101531982","2.4781711101531982","2.4781711101531982"
"1243","2.735410213470459","2.735410213470459","2.735410213470459"
"1244","2.3053112030029297","2.3053112030029297","2.3053112030029297"
"1245","2.3648734092712402","2.3648734092712402","2.3648734092712402"
"1246","2.7990291118621826","2.7990291118621826","2.7990291118621826"
"1247","2.057687282562256","2.057687282562256","2.057687282562256"
"1248","2.362851619720459","2.362851619720459","2.362851619720459"
"1249","1.993455410003662","1.993455410003662","1.993455410003662"
"1250","2.2321977615356445","2.2321977615356445","2.2321977615356445"
"1251","1.7972321510314941","1.7972321510314941","1.7972321510314941"
"1252","2.3476457595825195","2.3476457595825195","2.3476457595825195"
"1253","2.2355217933654785","2.2355217933654785","2.2355217933654785"