"Step","female-silero - loss/g/total","female-silero - loss/g/total__MIN","female-silero - loss/g/total__MAX"
"0","58.94606018066406","58.94606018066406","58.94606018066406"
"1","42.89387512207031","42.89387512207031","42.89387512207031"
"2","42.40045928955078","42.40045928955078","42.40045928955078"
"3","43.18077850341797","43.18077850341797","43.18077850341797"
"4","40.60995101928711","40.60995101928711","40.60995101928711"
"5","37.24915313720703","37.24915313720703","37.24915313720703"
"6","39.48750305175781","39.48750305175781","39.48750305175781"
"7","39.18115997314453","39.18115997314453","39.18115997314453"
"8","40.21791076660156","40.21791076660156","40.21791076660156"
"9","38.7718391418457","38.7718391418457","38.7718391418457"
"10","37.97208786010742","37.97208786010742","37.97208786010742"
"11","39.998836517333984","39.998836517333984","39.998836517333984"
"12","37.636566162109375","37.636566162109375","37.636566162109375"
"13","38.662025451660156","38.662025451660156","38.662025451660156"
"14","38.79779815673828","38.79779815673828","38.79779815673828"
"15","37.97140884399414","37.97140884399414","37.97140884399414"
"16","40.79098892211914","40.79098892211914","40.79098892211914"
"17","40.127201080322266","40.127201080322266","40.127201080322266"
"18","37.703529357910156","37.703529357910156","37.703529357910156"
"19","38.1960334777832","38.1960334777832","38.1960334777832"
"20","38.05907440185547","38.05907440185547","38.05907440185547"
"21","38.7598991394043","38.7598991394043","38.7598991394043"
"22","39.043495178222656","39.043495178222656","39.043495178222656"
"23","39.38534927368164","39.38534927368164","39.38534927368164"
"24","37.998104095458984","37.998104095458984","37.998104095458984"
"25","39.539974212646484","39.539974212646484","39.539974212646484"
"26","38.26692199707031","38.26692199707031","38.26692199707031"
"27","38.32141876220703","38.32141876220703","38.32141876220703"
"28","38.405120849609375","38.405120849609375","38.405120849609375"
"29","38.24943161010742","38.24943161010742","38.24943161010742"
"30","40.02336502075195","40.02336502075195","40.02336502075195"
"31","39.50690460205078","39.50690460205078","39.50690460205078"
"32","39.30170440673828","39.30170440673828","39.30170440673828"
"33","38.25238037109375","38.25238037109375","38.25238037109375"
"34","39.58645248413086","39.58645248413086","39.58645248413086"
"35","37.89997863769531","37.89997863769531","37.89997863769531"
"36","36.85725021362305","36.85725021362305","36.85725021362305"
"37","38.92039489746094","38.92039489746094","38.92039489746094"
"38","38.219383239746094","38.219383239746094","38.219383239746094"
"39","38.16903305053711","38.16903305053711","38.16903305053711"
"40","38.740787506103516","38.740787506103516","38.740787506103516"
"41","36.845672607421875","36.845672607421875","36.845672607421875"
"42","36.793540954589844","36.793540954589844","36.793540954589844"
"43","37.71568298339844","37.71568298339844","37.71568298339844"
"44","36.70339584350586","36.70339584350586","36.70339584350586"
"45","38.2746696472168","38.2746696472168","38.2746696472168"
"46","38.96221160888672","38.96221160888672","38.96221160888672"
"47","37.270912170410156","37.270912170410156","37.270912170410156"
"48","36.52393341064453","36.52393341064453","36.52393341064453"
"49","38.038639068603516","38.038639068603516","38.038639068603516"
"50","37.20933532714844","37.20933532714844","37.20933532714844"
"51","37.45710372924805","37.45710372924805","37.45710372924805"
"52","36.26483917236328","36.26483917236328","36.26483917236328"
"53","39.25061798095703","39.25061798095703","39.25061798095703"
"54","39.44504928588867","39.44504928588867","39.44504928588867"
"55","35.652793884277344","35.652793884277344","35.652793884277344"
"56","37.55263137817383","37.55263137817383","37.55263137817383"
"57","38.34718704223633","38.34718704223633","38.34718704223633"
"58","36.08747863769531","36.08747863769531","36.08747863769531"
"59","37.33784103393555","37.33784103393555","37.33784103393555"
"60","37.61992263793945","37.61992263793945","37.61992263793945"
"61","39.93754196166992","39.93754196166992","39.93754196166992"
"62","34.22240447998047","34.22240447998047","34.22240447998047"
"63","36.1386833190918","36.1386833190918","36.1386833190918"
"64","38.22492599487305","38.22492599487305","38.22492599487305"
"65","37.34787368774414","37.34787368774414","37.34787368774414"
"66","38.65959930419922","38.65959930419922","38.65959930419922"
"67","37.338706970214844","37.338706970214844","37.338706970214844"
"68","37.44799041748047","37.44799041748047","37.44799041748047"
"69","37.78789520263672","37.78789520263672","37.78789520263672"
"70","37.0529899597168","37.0529899597168","37.0529899597168"
"71","39.343910217285156","39.343910217285156","39.343910217285156"
"72","36.50666046142578","36.50666046142578","36.50666046142578"
"73","37.77954864501953","37.77954864501953","37.77954864501953"
"74","40.31147766113281","40.31147766113281","40.31147766113281"
"75","38.997581481933594","38.997581481933594","38.997581481933594"
"76","37.821083068847656","37.821083068847656","37.821083068847656"
"77","37.700294494628906","37.700294494628906","37.700294494628906"
"78","37.47157287597656","37.47157287597656","37.47157287597656"
"79","37.4725227355957","37.4725227355957","37.4725227355957"
"80","35.75583267211914","35.75583267211914","35.75583267211914"
"81","38.96512222290039","38.96512222290039","38.96512222290039"
"82","36.52002716064453","36.52002716064453","36.52002716064453"
"83","37.66197204589844","37.66197204589844","37.66197204589844"
"84","37.832794189453125","37.832794189453125","37.832794189453125"
"85","38.312259674072266","38.312259674072266","38.312259674072266"
"86","40.66127014160156","40.66127014160156","40.66127014160156"
"87","36.701045989990234","36.701045989990234","36.701045989990234"
"88","37.69093704223633","37.69093704223633","37.69093704223633"
"89","34.51091766357422","34.51091766357422","34.51091766357422"
"90","38.09135437011719","38.09135437011719","38.09135437011719"
"91","37.266605377197266","37.266605377197266","37.266605377197266"
"92","38.98218536376953","38.98218536376953","38.98218536376953"
"93","37.543155670166016","37.543155670166016","37.543155670166016"
"94","38.06631088256836","38.06631088256836","38.06631088256836"
"95","37.62518310546875","37.62518310546875","37.62518310546875"
"96","39.140838623046875","39.140838623046875","39.140838623046875"
"97","34.92265319824219","34.92265319824219","34.92265319824219"
"98","37.39714813232422","37.39714813232422","37.39714813232422"
"99","35.52128982543945","35.52128982543945","35.52128982543945"
"100","35.762149810791016","35.762149810791016","35.762149810791016"
"101","38.34813690185547","38.34813690185547","38.34813690185547"
"102","38.50762939453125","38.50762939453125","38.50762939453125"
"103","37.76424026489258","37.76424026489258","37.76424026489258"
"104","38.06495666503906","38.06495666503906","38.06495666503906"
"105","37.03018569946289","37.03018569946289","37.03018569946289"
"106","35.61954879760742","35.61954879760742","35.61954879760742"
"107","36.800601959228516","36.800601959228516","36.800601959228516"
"108","38.65574264526367","38.65574264526367","38.65574264526367"
"109","36.823368072509766","36.823368072509766","36.823368072509766"
"110","36.0804443359375","36.0804443359375","36.0804443359375"
"111","39.0019416809082","39.0019416809082","39.0019416809082"
"112","36.86302947998047","36.86302947998047","36.86302947998047"
"113","37.319156646728516","37.319156646728516","37.319156646728516"
"114","37.33641052246094","37.33641052246094","37.33641052246094"
"115","36.3106689453125","36.3106689453125","36.3106689453125"
"116","37.151649475097656","37.151649475097656","37.151649475097656"
"117","35.89533233642578","35.89533233642578","35.89533233642578"
"118","38.153961181640625","38.153961181640625","38.153961181640625"
"119","37.14925765991211","37.14925765991211","37.14925765991211"
"120","38.980316162109375","38.980316162109375","38.980316162109375"
"121","38.41407012939453","38.41407012939453","38.41407012939453"
"122","36.098350524902344","36.098350524902344","36.098350524902344"
"123","36.180477142333984","36.180477142333984","36.180477142333984"
"124","36.213966369628906","36.213966369628906","36.213966369628906"
"125","36.05716323852539","36.05716323852539","36.05716323852539"
"126","39.543731689453125","39.543731689453125","39.543731689453125"
"127","37.929908752441406","37.929908752441406","37.929908752441406"
"128","37.02899932861328","37.02899932861328","37.02899932861328"
"129","38.617218017578125","38.617218017578125","38.617218017578125"
"130","37.02489471435547","37.02489471435547","37.02489471435547"
"131","36.60793685913086","36.60793685913086","36.60793685913086"
"132","38.15687942504883","38.15687942504883","38.15687942504883"
"133","37.43803787231445","37.43803787231445","37.43803787231445"
"134","37.19069290161133","37.19069290161133","37.19069290161133"
"135","39.025787353515625","39.025787353515625","39.025787353515625"
"136","35.747520446777344","35.747520446777344","35.747520446777344"
"137","36.017539978027344","36.017539978027344","36.017539978027344"
"138","37.851436614990234","37.851436614990234","37.851436614990234"
"139","36.38555908203125","36.38555908203125","36.38555908203125"
"140","36.40260314941406","36.40260314941406","36.40260314941406"
"141","36.07157897949219","36.07157897949219","36.07157897949219"
"142","39.999969482421875","39.999969482421875","39.999969482421875"
"143","36.11228561401367","36.11228561401367","36.11228561401367"
"144","35.279232025146484","35.279232025146484","35.279232025146484"
"145","38.13274383544922","38.13274383544922","38.13274383544922"
"146","35.74638748168945","35.74638748168945","35.74638748168945"
"147","36.61190414428711","36.61190414428711","36.61190414428711"
"148","37.888450622558594","37.888450622558594","37.888450622558594"
"149","35.57595443725586","35.57595443725586","35.57595443725586"
"150","37.670440673828125","37.670440673828125","37.670440673828125"
"151","35.96311950683594","35.96311950683594","35.96311950683594"
"152","39.6497917175293","39.6497917175293","39.6497917175293"
"153","39.620418548583984","39.620418548583984","39.620418548583984"
"154","35.29697799682617","35.29697799682617","35.29697799682617"
"155","36.753807067871094","36.753807067871094","36.753807067871094"
"156","37.10839080810547","37.10839080810547","37.10839080810547"
"157","36.357112884521484","36.357112884521484","36.357112884521484"
"158","35.9985466003418","35.9985466003418","35.9985466003418"
"159","38.114990234375","38.114990234375","38.114990234375"
"160","37.32771301269531","37.32771301269531","37.32771301269531"
"161","35.97372817993164","35.97372817993164","35.97372817993164"
"162","39.02372741699219","39.02372741699219","39.02372741699219"
"163","36.83174133300781","36.83174133300781","36.83174133300781"
"164","38.36813735961914","38.36813735961914","38.36813735961914"
"165","37.353118896484375","37.353118896484375","37.353118896484375"
"166","35.11559295654297","35.11559295654297","35.11559295654297"
"167","36.7037353515625","36.7037353515625","36.7037353515625"
"168","35.943809509277344","35.943809509277344","35.943809509277344"
"169","37.12919616699219","37.12919616699219","37.12919616699219"
"170","37.991416931152344","37.991416931152344","37.991416931152344"
"171","36.13127899169922","36.13127899169922","36.13127899169922"
"172","36.97793960571289","36.97793960571289","36.97793960571289"
"173","37.703006744384766","37.703006744384766","37.703006744384766"
"174","36.46248245239258","36.46248245239258","36.46248245239258"
"175","35.8978271484375","35.8978271484375","35.8978271484375"
"176","40.21156311035156","40.21156311035156","40.21156311035156"
"177","38.21141815185547","38.21141815185547","38.21141815185547"
"178","38.388526916503906","38.388526916503906","38.388526916503906"
"179","38.0429573059082","38.0429573059082","38.0429573059082"
"180","36.04451370239258","36.04451370239258","36.04451370239258"
"181","37.887210845947266","37.887210845947266","37.887210845947266"
"182","36.37895965576172","36.37895965576172","36.37895965576172"
"183","36.56072998046875","36.56072998046875","36.56072998046875"
"184","36.54190444946289","36.54190444946289","36.54190444946289"
"185","38.392112731933594","38.392112731933594","38.392112731933594"
"186","38.98990249633789","38.98990249633789","38.98990249633789"
"187","36.83635711669922","36.83635711669922","36.83635711669922"
"188","36.03561782836914","36.03561782836914","36.03561782836914"
"189","37.48637771606445","37.48637771606445","37.48637771606445"
"190","36.8704833984375","36.8704833984375","36.8704833984375"
"191","39.011043548583984","39.011043548583984","39.011043548583984"
"192","36.395660400390625","36.395660400390625","36.395660400390625"
"193","37.40924835205078","37.40924835205078","37.40924835205078"
"194","36.22760772705078","36.22760772705078","36.22760772705078"
"195","36.777854919433594","36.777854919433594","36.777854919433594"
"196","36.86589813232422","36.86589813232422","36.86589813232422"
"197","38.37737274169922","38.37737274169922","38.37737274169922"
"198","36.80991744995117","36.80991744995117","36.80991744995117"
"199","35.247161865234375","35.247161865234375","35.247161865234375"
"200","36.338619232177734","36.338619232177734","36.338619232177734"
"201","37.52997970581055","37.52997970581055","37.52997970581055"
"202","38.131103515625","38.131103515625","38.131103515625"
"203","37.58973693847656","37.58973693847656","37.58973693847656"
"204","35.40156936645508","35.40156936645508","35.40156936645508"
"205","36.98588943481445","36.98588943481445","36.98588943481445"
"206","38.33354568481445","38.33354568481445","38.33354568481445"
"207","36.248924255371094","36.248924255371094","36.248924255371094"
"208","35.26178741455078","35.26178741455078","35.26178741455078"
"209","37.33525085449219","37.33525085449219","37.33525085449219"
"210","38.850860595703125","38.850860595703125","38.850860595703125"
"211","35.237953186035156","35.237953186035156","35.237953186035156"
"212","35.247802734375","35.247802734375","35.247802734375"
"213","39.81954574584961","39.81954574584961","39.81954574584961"
"214","38.08463668823242","38.08463668823242","38.08463668823242"
"215","36.55120849609375","36.55120849609375","36.55120849609375"
"216","37.4498291015625","37.4498291015625","37.4498291015625"
"217","36.41068649291992","36.41068649291992","36.41068649291992"
"218","36.21280288696289","36.21280288696289","36.21280288696289"
"219","36.531455993652344","36.531455993652344","36.531455993652344"
"220","38.01762771606445","38.01762771606445","38.01762771606445"
"221","36.291290283203125","36.291290283203125","36.291290283203125"
"222","35.754432678222656","35.754432678222656","35.754432678222656"
"223","38.03417205810547","38.03417205810547","38.03417205810547"
"224","37.62671661376953","37.62671661376953","37.62671661376953"
"225","35.75605010986328","35.75605010986328","35.75605010986328"
"226","37.30284118652344","37.30284118652344","37.30284118652344"
"227","37.14344024658203","37.14344024658203","37.14344024658203"
"228","36.180198669433594","36.180198669433594","36.180198669433594"
"229","35.36396026611328","35.36396026611328","35.36396026611328"
"230","37.33686065673828","37.33686065673828","37.33686065673828"
"231","36.48236083984375","36.48236083984375","36.48236083984375"
"232","37.424861907958984","37.424861907958984","37.424861907958984"
"233","36.46683120727539","36.46683120727539","36.46683120727539"
"234","37.738433837890625","37.738433837890625","37.738433837890625"
"235","37.654502868652344","37.654502868652344","37.654502868652344"
"236","35.870399475097656","35.870399475097656","35.870399475097656"
"237","37.44083023071289","37.44083023071289","37.44083023071289"
"238","37.96628189086914","37.96628189086914","37.96628189086914"
"239","36.269203186035156","36.269203186035156","36.269203186035156"
"240","40.4486083984375","40.4486083984375","40.4486083984375"
"241","38.88796615600586","38.88796615600586","38.88796615600586"
"242","35.815467834472656","35.815467834472656","35.815467834472656"
"243","39.141178131103516","39.141178131103516","39.141178131103516"
"244","35.82941818237305","35.82941818237305","35.82941818237305"
"245","37.8930549621582","37.8930549621582","37.8930549621582"
"246","38.144554138183594","38.144554138183594","38.144554138183594"
"247","38.21236801147461","38.21236801147461","38.21236801147461"
"248","36.75273513793945","36.75273513793945","36.75273513793945"
"249","37.50176239013672","37.50176239013672","37.50176239013672"
"250","37.88639831542969","37.88639831542969","37.88639831542969"
"251","37.0490608215332","37.0490608215332","37.0490608215332"
"252","36.932891845703125","36.932891845703125","36.932891845703125"
"253","35.57096481323242","35.57096481323242","35.57096481323242"
"254","36.61021423339844","36.61021423339844","36.61021423339844"
"255","36.714141845703125","36.714141845703125","36.714141845703125"
"256","38.0287971496582","38.0287971496582","38.0287971496582"
"257","36.131385803222656","36.131385803222656","36.131385803222656"
"258","37.184730529785156","37.184730529785156","37.184730529785156"
"259","35.92348861694336","35.92348861694336","35.92348861694336"
"260","37.07004165649414","37.07004165649414","37.07004165649414"
"261","36.50938034057617","36.50938034057617","36.50938034057617"
"262","38.41259002685547","38.41259002685547","38.41259002685547"
"263","38.518531799316406","38.518531799316406","38.518531799316406"
"264","36.066219329833984","36.066219329833984","36.066219329833984"
"265","36.593116760253906","36.593116760253906","36.593116760253906"
"266","36.79275131225586","36.79275131225586","36.79275131225586"
"267","37.062644958496094","37.062644958496094","37.062644958496094"
"268","37.636714935302734","37.636714935302734","37.636714935302734"
"269","37.215675354003906","37.215675354003906","37.215675354003906"
"270","39.067378997802734","39.067378997802734","39.067378997802734"
"271","36.388423919677734","36.388423919677734","36.388423919677734"
"272","36.77855682373047","36.77855682373047","36.77855682373047"
"273","35.80373001098633","35.80373001098633","35.80373001098633"
"274","37.05720520019531","37.05720520019531","37.05720520019531"
"275","38.22040557861328","38.22040557861328","38.22040557861328"
"276","37.20542526245117","37.20542526245117","37.20542526245117"
"277","35.88072204589844","35.88072204589844","35.88072204589844"
"278","37.7255744934082","37.7255744934082","37.7255744934082"
"279","37.85477066040039","37.85477066040039","37.85477066040039"
"280","34.222801208496094","34.222801208496094","34.222801208496094"
"281","36.31312561035156","36.31312561035156","36.31312561035156"
"282","37.97974395751953","37.97974395751953","37.97974395751953"
"283","36.68747329711914","36.68747329711914","36.68747329711914"
"284","36.01358413696289","36.01358413696289","36.01358413696289"
"285","37.81032180786133","37.81032180786133","37.81032180786133"
"286","36.46076965332031","36.46076965332031","36.46076965332031"
"287","37.451377868652344","37.451377868652344","37.451377868652344"
"288","36.72479248046875","36.72479248046875","36.72479248046875"
"289","36.4940185546875","36.4940185546875","36.4940185546875"
"290","37.46099090576172","37.46099090576172","37.46099090576172"
"291","37.609291076660156","37.609291076660156","37.609291076660156"
"292","34.82392120361328","34.82392120361328","34.82392120361328"
"293","35.63340759277344","35.63340759277344","35.63340759277344"
"294","39.9057731628418","39.9057731628418","39.9057731628418"
"295","36.10531234741211","36.10531234741211","36.10531234741211"
"296","37.99466323852539","37.99466323852539","37.99466323852539"
"297","35.4675178527832","35.4675178527832","35.4675178527832"
"298","37.72835159301758","37.72835159301758","37.72835159301758"
"299","36.13401794433594","36.13401794433594","36.13401794433594"
"300","37.35342025756836","37.35342025756836","37.35342025756836"
"301","36.107486724853516","36.107486724853516","36.107486724853516"
"302","36.77981948852539","36.77981948852539","36.77981948852539"
"303","36.61851501464844","36.61851501464844","36.61851501464844"
"304","35.19659423828125","35.19659423828125","35.19659423828125"
"305","36.89265823364258","36.89265823364258","36.89265823364258"
"306","37.58759307861328","37.58759307861328","37.58759307861328"
"307","36.24464416503906","36.24464416503906","36.24464416503906"
"308","35.963836669921875","35.963836669921875","35.963836669921875"
"309","37.826171875","37.826171875","37.826171875"
"310","37.409645080566406","37.409645080566406","37.409645080566406"
"311","36.45882797241211","36.45882797241211","36.45882797241211"
"312","35.73383712768555","35.73383712768555","35.73383712768555"
"313","38.1312370300293","38.1312370300293","38.1312370300293"
"314","35.8743896484375","35.8743896484375","35.8743896484375"
"315","36.89942169189453","36.89942169189453","36.89942169189453"
"316","37.421478271484375","37.421478271484375","37.421478271484375"
"317","37.512428283691406","37.512428283691406","37.512428283691406"
"318","36.150516510009766","36.150516510009766","36.150516510009766"
"319","35.58742904663086","35.58742904663086","35.58742904663086"
"320","37.5775032043457","37.5775032043457","37.5775032043457"
"321","36.620994567871094","36.620994567871094","36.620994567871094"
"322","35.93561553955078","35.93561553955078","35.93561553955078"
"323","38.817108154296875","38.817108154296875","38.817108154296875"
"324","38.20450973510742","38.20450973510742","38.20450973510742"
"325","35.872013092041016","35.872013092041016","35.872013092041016"
"326","38.06135559082031","38.06135559082031","38.06135559082031"
"327","36.944374084472656","36.944374084472656","36.944374084472656"
"328","36.81962203979492","36.81962203979492","36.81962203979492"
"329","35.1084098815918","35.1084098815918","35.1084098815918"
"330","38.56212615966797","38.56212615966797","38.56212615966797"
"331","36.11018753051758","36.11018753051758","36.11018753051758"
"332","36.288761138916016","36.288761138916016","36.288761138916016"
"333","37.24937438964844","37.24937438964844","37.24937438964844"
"334","38.9626579284668","38.9626579284668","38.9626579284668"
"335","36.16180419921875","36.16180419921875","36.16180419921875"
"336","36.274906158447266","36.274906158447266","36.274906158447266"
"337","38.2099609375","38.2099609375","38.2099609375"
"338","37.277442932128906","37.277442932128906","37.277442932128906"
"339","37.029109954833984","37.029109954833984","37.029109954833984"
"340","36.59305953979492","36.59305953979492","36.59305953979492"
"341","38.618316650390625","38.618316650390625","38.618316650390625"
"342","38.55472946166992","38.55472946166992","38.55472946166992"
"343","36.96635055541992","36.96635055541992","36.96635055541992"
"344","36.16034698486328","36.16034698486328","36.16034698486328"
"345","38.664512634277344","38.664512634277344","38.664512634277344"
"346","36.493831634521484","36.493831634521484","36.493831634521484"
"347","35.94094467163086","35.94094467163086","35.94094467163086"
"348","36.63035583496094","36.63035583496094","36.63035583496094"
"349","36.9396858215332","36.9396858215332","36.9396858215332"
"350","37.68326187133789","37.68326187133789","37.68326187133789"
"351","36.085655212402344","36.085655212402344","36.085655212402344"
"352","36.476768493652344","36.476768493652344","36.476768493652344"
"353","37.28303909301758","37.28303909301758","37.28303909301758"
"354","38.98108673095703","38.98108673095703","38.98108673095703"
"355","36.581626892089844","36.581626892089844","36.581626892089844"
"356","37.349037170410156","37.349037170410156","37.349037170410156"
"357","37.98278045654297","37.98278045654297","37.98278045654297"
"358","35.64621353149414","35.64621353149414","35.64621353149414"
"359","39.7111701965332","39.7111701965332","39.7111701965332"
"360","36.038570404052734","36.038570404052734","36.038570404052734"
"361","38.0895881652832","38.0895881652832","38.0895881652832"
"362","36.40363693237305","36.40363693237305","36.40363693237305"
"363","35.46836853027344","35.46836853027344","35.46836853027344"
"364","39.072574615478516","39.072574615478516","39.072574615478516"
"365","35.91691589355469","35.91691589355469","35.91691589355469"
"366","36.959381103515625","36.959381103515625","36.959381103515625"
"367","39.19202423095703","39.19202423095703","39.19202423095703"
"368","37.96257781982422","37.96257781982422","37.96257781982422"
"369","39.40021896362305","39.40021896362305","39.40021896362305"
"370","37.84539031982422","37.84539031982422","37.84539031982422"
"371","37.84178924560547","37.84178924560547","37.84178924560547"
"372","35.63780975341797","35.63780975341797","35.63780975341797"
"373","38.18135070800781","38.18135070800781","38.18135070800781"
"374","36.7362060546875","36.7362060546875","36.7362060546875"
"375","37.262516021728516","37.262516021728516","37.262516021728516"
"376","36.22311782836914","36.22311782836914","36.22311782836914"
"377","37.58013916015625","37.58013916015625","37.58013916015625"
"378","38.97278594970703","38.97278594970703","38.97278594970703"
"379","37.53767395019531","37.53767395019531","37.53767395019531"
"380","36.432498931884766","36.432498931884766","36.432498931884766"
"381","35.95075988769531","35.95075988769531","35.95075988769531"
"382","36.41410827636719","36.41410827636719","36.41410827636719"
"383","37.68810272216797","37.68810272216797","37.68810272216797"
"384","38.991886138916016","38.991886138916016","38.991886138916016"
"385","37.038936614990234","37.038936614990234","37.038936614990234"
"386","36.854042053222656","36.854042053222656","36.854042053222656"
"387","36.137203216552734","36.137203216552734","36.137203216552734"
"388","36.74007797241211","36.74007797241211","36.74007797241211"
"389","36.35201644897461","36.35201644897461","36.35201644897461"
"390","36.9995231628418","36.9995231628418","36.9995231628418"
"391","38.099952697753906","38.099952697753906","38.099952697753906"
"392","35.68354415893555","35.68354415893555","35.68354415893555"
"393","37.542564392089844","37.542564392089844","37.542564392089844"
"394","35.672821044921875","35.672821044921875","35.672821044921875"
"395","36.62675094604492","36.62675094604492","36.62675094604492"
"396","39.11948013305664","39.11948013305664","39.11948013305664"
"397","35.55424880981445","35.55424880981445","35.55424880981445"
"398","36.09120178222656","36.09120178222656","36.09120178222656"
"399","38.17816925048828","38.17816925048828","38.17816925048828"
"400","35.85988235473633","35.85988235473633","35.85988235473633"
"401","36.49270248413086","36.49270248413086","36.49270248413086"
"402","37.78675842285156","37.78675842285156","37.78675842285156"
"403","36.05146026611328","36.05146026611328","36.05146026611328"
"404","36.3696174621582","36.3696174621582","36.3696174621582"
"405","35.932838439941406","35.932838439941406","35.932838439941406"
"406","34.95523452758789","34.95523452758789","34.95523452758789"
"407","40.258541107177734","40.258541107177734","40.258541107177734"
"408","33.90678787231445","33.90678787231445","33.90678787231445"
"409","37.621891021728516","37.621891021728516","37.621891021728516"
"410","36.22779083251953","36.22779083251953","36.22779083251953"
"411","35.94770050048828","35.94770050048828","35.94770050048828"
"412","36.37651824951172","36.37651824951172","36.37651824951172"
"413","36.049072265625","36.049072265625","36.049072265625"
"414","38.643096923828125","38.643096923828125","38.643096923828125"
"415","34.648170471191406","34.648170471191406","34.648170471191406"
"416","36.24147415161133","36.24147415161133","36.24147415161133"
"417","38.140419006347656","38.140419006347656","38.140419006347656"
"418","36.73546600341797","36.73546600341797","36.73546600341797"
"419","36.80375289916992","36.80375289916992","36.80375289916992"
"420","37.95545196533203","37.95545196533203","37.95545196533203"
"421","34.82914733886719","34.82914733886719","34.82914733886719"
"422","35.714378356933594","35.714378356933594","35.714378356933594"
"423","35.28094482421875","35.28094482421875","35.28094482421875"
"424","35.51710510253906","35.51710510253906","35.51710510253906"
"425","36.05316925048828","36.05316925048828","36.05316925048828"
"426","35.436004638671875","35.436004638671875","35.436004638671875"
"427","38.82653045654297","38.82653045654297","38.82653045654297"
"428","36.533714294433594","36.533714294433594","36.533714294433594"
"429","34.59640121459961","34.59640121459961","34.59640121459961"
"430","35.69131851196289","35.69131851196289","35.69131851196289"
"431","35.14093780517578","35.14093780517578","35.14093780517578"
"432","35.56580352783203","35.56580352783203","35.56580352783203"
"433","35.833763122558594","35.833763122558594","35.833763122558594"
"434","36.40810775756836","36.40810775756836","36.40810775756836"
"435","37.847320556640625","37.847320556640625","37.847320556640625"
"436","38.73612976074219","38.73612976074219","38.73612976074219"
"437","37.011592864990234","37.011592864990234","37.011592864990234"
"438","37.97666931152344","37.97666931152344","37.97666931152344"
"439","38.380008697509766","38.380008697509766","38.380008697509766"
"440","36.87097930908203","36.87097930908203","36.87097930908203"
"441","36.52994918823242","36.52994918823242","36.52994918823242"
"442","38.5680046081543","38.5680046081543","38.5680046081543"
"443","37.477943420410156","37.477943420410156","37.477943420410156"
"444","35.98657989501953","35.98657989501953","35.98657989501953"
"445","39.314754486083984","39.314754486083984","39.314754486083984"
"446","37.035255432128906","37.035255432128906","37.035255432128906"
"447","36.835105895996094","36.835105895996094","36.835105895996094"
"448","36.79084014892578","36.79084014892578","36.79084014892578"
"449","39.67148971557617","39.67148971557617","39.67148971557617"
"450","36.879154205322266","36.879154205322266","36.879154205322266"
"451","37.516021728515625","37.516021728515625","37.516021728515625"
"452","34.553199768066406","34.553199768066406","34.553199768066406"
"453","34.960792541503906","34.960792541503906","34.960792541503906"
"454","37.08208465576172","37.08208465576172","37.08208465576172"
"455","40.225074768066406","40.225074768066406","40.225074768066406"
"456","37.60877227783203","37.60877227783203","37.60877227783203"
"457","36.573787689208984","36.573787689208984","36.573787689208984"
"458","35.96788024902344","35.96788024902344","35.96788024902344"
"459","37.104278564453125","37.104278564453125","37.104278564453125"
"460","36.67129898071289","36.67129898071289","36.67129898071289"
"461","36.570430755615234","36.570430755615234","36.570430755615234"
"462","36.56941223144531","36.56941223144531","36.56941223144531"
"463","36.639434814453125","36.639434814453125","36.639434814453125"
"464","36.67524337768555","36.67524337768555","36.67524337768555"
"465","37.17011642456055","37.17011642456055","37.17011642456055"
"466","37.0067138671875","37.0067138671875","37.0067138671875"
"467","36.510440826416016","36.510440826416016","36.510440826416016"
"468","36.87164306640625","36.87164306640625","36.87164306640625"
"469","34.306373596191406","34.306373596191406","34.306373596191406"
"470","37.00728988647461","37.00728988647461","37.00728988647461"
"471","36.56171417236328","36.56171417236328","36.56171417236328"
"472","37.69680404663086","37.69680404663086","37.69680404663086"
"473","36.54726791381836","36.54726791381836","36.54726791381836"
"474","38.93663787841797","38.93663787841797","38.93663787841797"
"475","36.754844665527344","36.754844665527344","36.754844665527344"
"476","36.795955657958984","36.795955657958984","36.795955657958984"
"477","36.4947395324707","36.4947395324707","36.4947395324707"
"478","35.75770568847656","35.75770568847656","35.75770568847656"
"479","36.03179168701172","36.03179168701172","36.03179168701172"
"480","36.09327697753906","36.09327697753906","36.09327697753906"
"481","37.54696273803711","37.54696273803711","37.54696273803711"
"482","35.04956817626953","35.04956817626953","35.04956817626953"
"483","36.22398376464844","36.22398376464844","36.22398376464844"
"484","34.93304443359375","34.93304443359375","34.93304443359375"
"485","38.52523422241211","38.52523422241211","38.52523422241211"
"486","39.23149490356445","39.23149490356445","39.23149490356445"
"487","36.64158248901367","36.64158248901367","36.64158248901367"
"488","36.72502136230469","36.72502136230469","36.72502136230469"
"489","35.013362884521484","35.013362884521484","35.013362884521484"
"490","35.93612289428711","35.93612289428711","35.93612289428711"
"491","37.40715789794922","37.40715789794922","37.40715789794922"
"492","37.002376556396484","37.002376556396484","37.002376556396484"
"493","37.09910583496094","37.09910583496094","37.09910583496094"
"494","35.59202575683594","35.59202575683594","35.59202575683594"
"495","38.623016357421875","38.623016357421875","38.623016357421875"
"496","35.3759765625","35.3759765625","35.3759765625"
"497","36.128231048583984","36.128231048583984","36.128231048583984"
"498","37.02388000488281","37.02388000488281","37.02388000488281"
"499","37.04245376586914","37.04245376586914","37.04245376586914"
"500","35.9826545715332","35.9826545715332","35.9826545715332"
"501","35.5806999206543","35.5806999206543","35.5806999206543"
"502","35.713966369628906","35.713966369628906","35.713966369628906"
"503","37.20503234863281","37.20503234863281","37.20503234863281"
"504","37.109580993652344","37.109580993652344","37.109580993652344"
"505","38.008968353271484","38.008968353271484","38.008968353271484"
"506","37.21891784667969","37.21891784667969","37.21891784667969"
"507","35.55160140991211","35.55160140991211","35.55160140991211"
"508","36.0094108581543","36.0094108581543","36.0094108581543"
"509","35.60811233520508","35.60811233520508","35.60811233520508"
"510","34.04167175292969","34.04167175292969","34.04167175292969"
"511","35.61157989501953","35.61157989501953","35.61157989501953"
"512","39.337371826171875","39.337371826171875","39.337371826171875"
"513","37.068389892578125","37.068389892578125","37.068389892578125"
"514","36.36572265625","36.36572265625","36.36572265625"
"515","38.28606033325195","38.28606033325195","38.28606033325195"
"516","36.98097610473633","36.98097610473633","36.98097610473633"
"517","37.94933319091797","37.94933319091797","37.94933319091797"
"518","37.968109130859375","37.968109130859375","37.968109130859375"
"519","37.896358489990234","37.896358489990234","37.896358489990234"
"520","36.40169906616211","36.40169906616211","36.40169906616211"
"521","35.86555480957031","35.86555480957031","35.86555480957031"
"522","35.425594329833984","35.425594329833984","35.425594329833984"
"523","39.08869934082031","39.08869934082031","39.08869934082031"
"524","36.82997131347656","36.82997131347656","36.82997131347656"
"525","35.69524383544922","35.69524383544922","35.69524383544922"
"526","37.12919998168945","37.12919998168945","37.12919998168945"
"527","37.27616882324219","37.27616882324219","37.27616882324219"
"528","34.82886505126953","34.82886505126953","34.82886505126953"
"529","37.92562484741211","37.92562484741211","37.92562484741211"
"530","39.4496955871582","39.4496955871582","39.4496955871582"
"531","37.33647918701172","37.33647918701172","37.33647918701172"
"532","37.769412994384766","37.769412994384766","37.769412994384766"
"533","36.58871078491211","36.58871078491211","36.58871078491211"
"534","37.608741760253906","37.608741760253906","37.608741760253906"
"535","34.734317779541016","34.734317779541016","34.734317779541016"
"536","36.41798782348633","36.41798782348633","36.41798782348633"
"537","36.686668395996094","36.686668395996094","36.686668395996094"
"538","35.29330825805664","35.29330825805664","35.29330825805664"
"539","39.0626335144043","39.0626335144043","39.0626335144043"
"540","37.06729507446289","37.06729507446289","37.06729507446289"
"541","35.32801818847656","35.32801818847656","35.32801818847656"
"542","38.064483642578125","38.064483642578125","38.064483642578125"
"543","35.52779769897461","35.52779769897461","35.52779769897461"
"544","38.61640930175781","38.61640930175781","38.61640930175781"
"545","35.55323791503906","35.55323791503906","35.55323791503906"
"546","37.50789260864258","37.50789260864258","37.50789260864258"
"547","37.24178695678711","37.24178695678711","37.24178695678711"
"548","39.04478454589844","39.04478454589844","39.04478454589844"
"549","37.86943054199219","37.86943054199219","37.86943054199219"
"550","38.020050048828125","38.020050048828125","38.020050048828125"
"551","36.693763732910156","36.693763732910156","36.693763732910156"
"552","36.632469177246094","36.632469177246094","36.632469177246094"
"553","36.422264099121094","36.422264099121094","36.422264099121094"
"554","36.90249252319336","36.90249252319336","36.90249252319336"
"555","37.035011291503906","37.035011291503906","37.035011291503906"
"556","36.481536865234375","36.481536865234375","36.481536865234375"
"557","35.86680221557617","35.86680221557617","35.86680221557617"
"558","38.0603141784668","38.0603141784668","38.0603141784668"
"559","37.34526062011719","37.34526062011719","37.34526062011719"
"560","37.225128173828125","37.225128173828125","37.225128173828125"
"561","37.014503479003906","37.014503479003906","37.014503479003906"
"562","37.77388381958008","37.77388381958008","37.77388381958008"
"563","37.834659576416016","37.834659576416016","37.834659576416016"
"564","37.49713897705078","37.49713897705078","37.49713897705078"
"565","37.537193298339844","37.537193298339844","37.537193298339844"
"566","39.541046142578125","39.541046142578125","39.541046142578125"
"567","36.7187385559082","36.7187385559082","36.7187385559082"
"568","38.41273880004883","38.41273880004883","38.41273880004883"
"569","37.303524017333984","37.303524017333984","37.303524017333984"
"570","36.649932861328125","36.649932861328125","36.649932861328125"
"571","37.6894645690918","37.6894645690918","37.6894645690918"
"572","35.97633361816406","35.97633361816406","35.97633361816406"
"573","36.93728256225586","36.93728256225586","36.93728256225586"
"574","36.14345169067383","36.14345169067383","36.14345169067383"
"575","36.08060073852539","36.08060073852539","36.08060073852539"
"576","37.696266174316406","37.696266174316406","37.696266174316406"
"577","39.52702713012695","39.52702713012695","39.52702713012695"
"578","36.72213363647461","36.72213363647461","36.72213363647461"
"579","36.35240173339844","36.35240173339844","36.35240173339844"
"580","36.08837890625","36.08837890625","36.08837890625"
"581","34.073463439941406","34.073463439941406","34.073463439941406"
"582","36.03386306762695","36.03386306762695","36.03386306762695"
"583","36.63948440551758","36.63948440551758","36.63948440551758"
"584","36.61384963989258","36.61384963989258","36.61384963989258"
"585","35.693214416503906","35.693214416503906","35.693214416503906"
"586","34.508487701416016","34.508487701416016","34.508487701416016"
"587","37.08747863769531","37.08747863769531","37.08747863769531"
"588","38.549232482910156","38.549232482910156","38.549232482910156"
"589","37.18012237548828","37.18012237548828","37.18012237548828"
"590","36.54927444458008","36.54927444458008","36.54927444458008"
"591","36.31630325317383","36.31630325317383","36.31630325317383"
"592","36.14107894897461","36.14107894897461","36.14107894897461"
"593","39.14958190917969","39.14958190917969","39.14958190917969"
"594","36.740257263183594","36.740257263183594","36.740257263183594"
"595","36.16340255737305","36.16340255737305","36.16340255737305"
"596","38.216819763183594","38.216819763183594","38.216819763183594"
"597","36.99179458618164","36.99179458618164","36.99179458618164"
"598","37.49103927612305","37.49103927612305","37.49103927612305"
"599","38.16188049316406","38.16188049316406","38.16188049316406"
"600","37.58183670043945","37.58183670043945","37.58183670043945"
"601","35.794376373291016","35.794376373291016","35.794376373291016"
"602","36.6505126953125","36.6505126953125","36.6505126953125"
"603","37.09785461425781","37.09785461425781","37.09785461425781"
"604","35.766944885253906","35.766944885253906","35.766944885253906"
"605","35.11682891845703","35.11682891845703","35.11682891845703"
"606","36.621376037597656","36.621376037597656","36.621376037597656"
"607","37.0215950012207","37.0215950012207","37.0215950012207"
"608","36.96050262451172","36.96050262451172","36.96050262451172"
"609","37.2595329284668","37.2595329284668","37.2595329284668"
"610","37.088829040527344","37.088829040527344","37.088829040527344"
"611","35.03886413574219","35.03886413574219","35.03886413574219"
"612","34.91448974609375","34.91448974609375","34.91448974609375"
"613","37.6062126159668","37.6062126159668","37.6062126159668"
"614","38.471923828125","38.471923828125","38.471923828125"
"615","39.5236701965332","39.5236701965332","39.5236701965332"
"616","37.92136764526367","37.92136764526367","37.92136764526367"
"617","36.228416442871094","36.228416442871094","36.228416442871094"
"618","38.041534423828125","38.041534423828125","38.041534423828125"
"619","37.99571228027344","37.99571228027344","37.99571228027344"
"620","36.84612274169922","36.84612274169922","36.84612274169922"
"621","35.319793701171875","35.319793701171875","35.319793701171875"
"622","38.40507125854492","38.40507125854492","38.40507125854492"
"623","37.82698440551758","37.82698440551758","37.82698440551758"
"624","36.46553421020508","36.46553421020508","36.46553421020508"
"625","35.4433708190918","35.4433708190918","35.4433708190918"
"626","35.24066162109375","35.24066162109375","35.24066162109375"
"627","34.43453598022461","34.43453598022461","34.43453598022461"
"628","38.5103645324707","38.5103645324707","38.5103645324707"
"629","36.20024871826172","36.20024871826172","36.20024871826172"
"630","35.81479263305664","35.81479263305664","35.81479263305664"
"631","37.672935485839844","37.672935485839844","37.672935485839844"
"632","39.17142105102539","39.17142105102539","39.17142105102539"
"633","34.78485870361328","34.78485870361328","34.78485870361328"
"634","38.25092315673828","38.25092315673828","38.25092315673828"
"635","34.63029861450195","34.63029861450195","34.63029861450195"
"636","35.86982345581055","35.86982345581055","35.86982345581055"
"637","36.441162109375","36.441162109375","36.441162109375"
"638","37.32191467285156","37.32191467285156","37.32191467285156"
"639","36.6657829284668","36.6657829284668","36.6657829284668"
"640","37.856773376464844","37.856773376464844","37.856773376464844"
"641","36.81794738769531","36.81794738769531","36.81794738769531"
"642","38.4141845703125","38.4141845703125","38.4141845703125"
"643","38.6270637512207","38.6270637512207","38.6270637512207"
"644","37.969974517822266","37.969974517822266","37.969974517822266"
"645","37.21827697753906","37.21827697753906","37.21827697753906"
"646","35.17323303222656","35.17323303222656","35.17323303222656"
"647","37.46929168701172","37.46929168701172","37.46929168701172"
"648","34.471622467041016","34.471622467041016","34.471622467041016"
"649","37.27655792236328","37.27655792236328","37.27655792236328"
"650","35.93250274658203","35.93250274658203","35.93250274658203"
"651","34.23921203613281","34.23921203613281","34.23921203613281"
"652","36.76081466674805","36.76081466674805","36.76081466674805"
"653","38.27457046508789","38.27457046508789","38.27457046508789"
"654","36.035057067871094","36.035057067871094","36.035057067871094"
"655","35.65684127807617","35.65684127807617","35.65684127807617"
"656","39.84984588623047","39.84984588623047","39.84984588623047"
"657","35.43571853637695","35.43571853637695","35.43571853637695"
"658","37.82956314086914","37.82956314086914","37.82956314086914"
"659","36.97830581665039","36.97830581665039","36.97830581665039"
"660","37.52048873901367","37.52048873901367","37.52048873901367"
"661","35.180145263671875","35.180145263671875","35.180145263671875"
"662","37.15808868408203","37.15808868408203","37.15808868408203"
"663","37.78213119506836","37.78213119506836","37.78213119506836"
"664","34.38679885864258","34.38679885864258","34.38679885864258"
"665","36.28445053100586","36.28445053100586","36.28445053100586"
"666","38.44296646118164","38.44296646118164","38.44296646118164"
"667","36.7744026184082","36.7744026184082","36.7744026184082"
"668","37.076236724853516","37.076236724853516","37.076236724853516"
"669","36.80279541015625","36.80279541015625","36.80279541015625"
"670","36.7668571472168","36.7668571472168","36.7668571472168"
"671","36.870819091796875","36.870819091796875","36.870819091796875"
"672","34.74476623535156","34.74476623535156","34.74476623535156"
"673","36.97657775878906","36.97657775878906","36.97657775878906"
"674","37.0411262512207","37.0411262512207","37.0411262512207"
"675","37.41767883300781","37.41767883300781","37.41767883300781"
"676","36.67774963378906","36.67774963378906","36.67774963378906"
"677","40.00461959838867","40.00461959838867","40.00461959838867"
"678","35.72486114501953","35.72486114501953","35.72486114501953"
"679","38.16856384277344","38.16856384277344","38.16856384277344"
"680","37.83531951904297","37.83531951904297","37.83531951904297"
"681","36.792449951171875","36.792449951171875","36.792449951171875"
"682","35.86381530761719","35.86381530761719","35.86381530761719"
"683","36.063411712646484","36.063411712646484","36.063411712646484"
"684","34.50773620605469","34.50773620605469","34.50773620605469"
"685","35.76618194580078","35.76618194580078","35.76618194580078"
"686","38.16507339477539","38.16507339477539","38.16507339477539"
"687","37.84181594848633","37.84181594848633","37.84181594848633"
"688","36.870426177978516","36.870426177978516","36.870426177978516"
"689","33.990211486816406","33.990211486816406","33.990211486816406"
"690","38.103858947753906","38.103858947753906","38.103858947753906"
"691","37.195640563964844","37.195640563964844","37.195640563964844"
"692","34.02957534790039","34.02957534790039","34.02957534790039"
"693","35.56298065185547","35.56298065185547","35.56298065185547"
"694","35.958900451660156","35.958900451660156","35.958900451660156"
"695","36.93861389160156","36.93861389160156","36.93861389160156"
"696","38.560672760009766","38.560672760009766","38.560672760009766"
"697","35.069183349609375","35.069183349609375","35.069183349609375"
"698","39.07988357543945","39.07988357543945","39.07988357543945"
"699","38.257896423339844","38.257896423339844","38.257896423339844"
"700","36.35751724243164","36.35751724243164","36.35751724243164"
"701","37.009666442871094","37.009666442871094","37.009666442871094"
"702","37.34958267211914","37.34958267211914","37.34958267211914"
"703","37.245723724365234","37.245723724365234","37.245723724365234"
"704","35.084651947021484","35.084651947021484","35.084651947021484"
"705","35.92958450317383","35.92958450317383","35.92958450317383"
"706","37.90814208984375","37.90814208984375","37.90814208984375"
"707","37.309329986572266","37.309329986572266","37.309329986572266"
"708","37.785118103027344","37.785118103027344","37.785118103027344"
"709","37.75429153442383","37.75429153442383","37.75429153442383"
"710","37.10099792480469","37.10099792480469","37.10099792480469"
"711","36.1317253112793","36.1317253112793","36.1317253112793"
"712","37.90110778808594","37.90110778808594","37.90110778808594"
"713","35.40069580078125","35.40069580078125","35.40069580078125"
"714","36.33131790161133","36.33131790161133","36.33131790161133"
"715","36.84791564941406","36.84791564941406","36.84791564941406"
"716","37.277503967285156","37.277503967285156","37.277503967285156"
"717","36.26930618286133","36.26930618286133","36.26930618286133"
"718","36.884666442871094","36.884666442871094","36.884666442871094"
"719","37.53974151611328","37.53974151611328","37.53974151611328"
"720","38.49431228637695","38.49431228637695","38.49431228637695"
"721","35.90730285644531","35.90730285644531","35.90730285644531"
"722","39.05937194824219","39.05937194824219","39.05937194824219"
"723","37.40756607055664","37.40756607055664","37.40756607055664"
"724","38.64767837524414","38.64767837524414","38.64767837524414"
"725","35.333797454833984","35.333797454833984","35.333797454833984"
"726","37.80686569213867","37.80686569213867","37.80686569213867"
"727","35.62422561645508","35.62422561645508","35.62422561645508"
"728","38.2628173828125","38.2628173828125","38.2628173828125"
"729","35.990108489990234","35.990108489990234","35.990108489990234"
"730","35.526058197021484","35.526058197021484","35.526058197021484"
"731","36.98582077026367","36.98582077026367","36.98582077026367"
"732","36.231895446777344","36.231895446777344","36.231895446777344"
"733","36.26008987426758","36.26008987426758","36.26008987426758"
"734","35.6705322265625","35.6705322265625","35.6705322265625"
"735","36.562931060791016","36.562931060791016","36.562931060791016"
"736","37.81639099121094","37.81639099121094","37.81639099121094"
"737","37.643028259277344","37.643028259277344","37.643028259277344"
"738","36.10471725463867","36.10471725463867","36.10471725463867"
"739","37.85224914550781","37.85224914550781","37.85224914550781"
"740","35.316341400146484","35.316341400146484","35.316341400146484"
"741","36.34815216064453","36.34815216064453","36.34815216064453"
"742","35.198604583740234","35.198604583740234","35.198604583740234"
"743","36.624244689941406","36.624244689941406","36.624244689941406"
"744","37.4012565612793","37.4012565612793","37.4012565612793"
"745","35.67435073852539","35.67435073852539","35.67435073852539"
"746","37.755027770996094","37.755027770996094","37.755027770996094"
"747","36.62848663330078","36.62848663330078","36.62848663330078"
"748","36.22648239135742","36.22648239135742","36.22648239135742"
"749","39.440834045410156","39.440834045410156","39.440834045410156"
"750","34.664710998535156","34.664710998535156","34.664710998535156"
"751","35.52851104736328","35.52851104736328","35.52851104736328"
"752","38.45209884643555","38.45209884643555","38.45209884643555"
"753","35.875587463378906","35.875587463378906","35.875587463378906"
"754","35.319671630859375","35.319671630859375","35.319671630859375"
"755","37.24087905883789","37.24087905883789","37.24087905883789"
"756","35.80958938598633","35.80958938598633","35.80958938598633"
"757","36.499942779541016","36.499942779541016","36.499942779541016"
"758","35.73851013183594","35.73851013183594","35.73851013183594"
"759","35.87313461303711","35.87313461303711","35.87313461303711"
"760","37.912391662597656","37.912391662597656","37.912391662597656"
"761","35.754878997802734","35.754878997802734","35.754878997802734"
"762","37.55592727661133","37.55592727661133","37.55592727661133"
"763","34.50035095214844","34.50035095214844","34.50035095214844"
"764","36.04490661621094","36.04490661621094","36.04490661621094"
"765","36.76374053955078","36.76374053955078","36.76374053955078"
"766","37.51696014404297","37.51696014404297","37.51696014404297"
"767","37.97298812866211","37.97298812866211","37.97298812866211"
"768","34.20085144042969","34.20085144042969","34.20085144042969"
"769","35.82899475097656","35.82899475097656","35.82899475097656"
"770","37.26637268066406","37.26637268066406","37.26637268066406"
"771","36.797855377197266","36.797855377197266","36.797855377197266"
"772","37.72940444946289","37.72940444946289","37.72940444946289"
"773","36.90369415283203","36.90369415283203","36.90369415283203"
"774","35.54812240600586","35.54812240600586","35.54812240600586"
"775","36.0160026550293","36.0160026550293","36.0160026550293"
"776","36.60942077636719","36.60942077636719","36.60942077636719"
"777","35.61503601074219","35.61503601074219","35.61503601074219"
"778","36.55398178100586","36.55398178100586","36.55398178100586"
"779","35.672027587890625","35.672027587890625","35.672027587890625"
"780","39.1891975402832","39.1891975402832","39.1891975402832"
"781","37.8526725769043","37.8526725769043","37.8526725769043"
"782","35.41545486450195","35.41545486450195","35.41545486450195"
"783","33.05066680908203","33.05066680908203","33.05066680908203"
"784","36.78313064575195","36.78313064575195","36.78313064575195"
"785","36.77430725097656","36.77430725097656","36.77430725097656"
"786","35.68077087402344","35.68077087402344","35.68077087402344"
"787","36.46070861816406","36.46070861816406","36.46070861816406"
"788","37.342185974121094","37.342185974121094","37.342185974121094"
"789","36.43450164794922","36.43450164794922","36.43450164794922"
"790","37.64598083496094","37.64598083496094","37.64598083496094"
"791","36.40985107421875","36.40985107421875","36.40985107421875"
"792","40.252784729003906","40.252784729003906","40.252784729003906"
"793","36.460750579833984","36.460750579833984","36.460750579833984"
"794","36.9743537902832","36.9743537902832","36.9743537902832"
"795","35.47850036621094","35.47850036621094","35.47850036621094"
"796","37.338600158691406","37.338600158691406","37.338600158691406"
"797","36.70845031738281","36.70845031738281","36.70845031738281"
"798","36.91396713256836","36.91396713256836","36.91396713256836"
"799","36.74560546875","36.74560546875","36.74560546875"
"800","36.45890808105469","36.45890808105469","36.45890808105469"
"801","37.27198028564453","37.27198028564453","37.27198028564453"
"802","36.50178909301758","36.50178909301758","36.50178909301758"
"803","35.00148391723633","35.00148391723633","35.00148391723633"
"804","36.07609558105469","36.07609558105469","36.07609558105469"
"805","34.53840255737305","34.53840255737305","34.53840255737305"
"806","35.33144760131836","35.33144760131836","35.33144760131836"
"807","36.43775939941406","36.43775939941406","36.43775939941406"
"808","38.28548812866211","38.28548812866211","38.28548812866211"
"809","37.806705474853516","37.806705474853516","37.806705474853516"
"810","36.04566955566406","36.04566955566406","36.04566955566406"
"811","36.085365295410156","36.085365295410156","36.085365295410156"
"812","37.564002990722656","37.564002990722656","37.564002990722656"
"813","35.846649169921875","35.846649169921875","35.846649169921875"
"814","37.74382400512695","37.74382400512695","37.74382400512695"
"815","35.26803207397461","35.26803207397461","35.26803207397461"
"816","34.418434143066406","34.418434143066406","34.418434143066406"
"817","37.79767990112305","37.79767990112305","37.79767990112305"
"818","36.12955093383789","36.12955093383789","36.12955093383789"
"819","35.3117561340332","35.3117561340332","35.3117561340332"
"820","37.46043014526367","37.46043014526367","37.46043014526367"
"821","36.38774871826172","36.38774871826172","36.38774871826172"
"822","35.984317779541016","35.984317779541016","35.984317779541016"
"823","36.49958801269531","36.49958801269531","36.49958801269531"
"824","36.58521270751953","36.58521270751953","36.58521270751953"
"825","37.00170135498047","37.00170135498047","37.00170135498047"
"826","38.22518539428711","38.22518539428711","38.22518539428711"
"827","39.643218994140625","39.643218994140625","39.643218994140625"
"828","34.84306335449219","34.84306335449219","34.84306335449219"
"829","36.19731140136719","36.19731140136719","36.19731140136719"
"830","35.944461822509766","35.944461822509766","35.944461822509766"
"831","37.883216857910156","37.883216857910156","37.883216857910156"
"832","36.3739013671875","36.3739013671875","36.3739013671875"
"833","37.3877067565918","37.3877067565918","37.3877067565918"
"834","36.27443313598633","36.27443313598633","36.27443313598633"
"835","36.88835906982422","36.88835906982422","36.88835906982422"
"836","35.96360397338867","35.96360397338867","35.96360397338867"
"837","36.950958251953125","36.950958251953125","36.950958251953125"
"838","36.77497100830078","36.77497100830078","36.77497100830078"
"839","36.921241760253906","36.921241760253906","36.921241760253906"
"840","36.176273345947266","36.176273345947266","36.176273345947266"
"841","36.52063751220703","36.52063751220703","36.52063751220703"
"842","35.69332504272461","35.69332504272461","35.69332504272461"
"843","36.60137176513672","36.60137176513672","36.60137176513672"
"844","36.38548278808594","36.38548278808594","36.38548278808594"
"845","36.20542907714844","36.20542907714844","36.20542907714844"
"846","35.410831451416016","35.410831451416016","35.410831451416016"
"847","36.73794174194336","36.73794174194336","36.73794174194336"
"848","40.255401611328125","40.255401611328125","40.255401611328125"
"849","35.287235260009766","35.287235260009766","35.287235260009766"
"850","34.4276008605957","34.4276008605957","34.4276008605957"
"851","37.9008903503418","37.9008903503418","37.9008903503418"
"852","37.722747802734375","37.722747802734375","37.722747802734375"
"853","36.2263298034668","36.2263298034668","36.2263298034668"
"854","36.43498229980469","36.43498229980469","36.43498229980469"
"855","34.813167572021484","34.813167572021484","34.813167572021484"
"856","36.21366500854492","36.21366500854492","36.21366500854492"
"857","34.50226974487305","34.50226974487305","34.50226974487305"
"858","38.8819580078125","38.8819580078125","38.8819580078125"
"859","36.96647262573242","36.96647262573242","36.96647262573242"
"860","35.24770736694336","35.24770736694336","35.24770736694336"
"861","36.345619201660156","36.345619201660156","36.345619201660156"
"862","36.06764221191406","36.06764221191406","36.06764221191406"
"863","34.79703903198242","34.79703903198242","34.79703903198242"
"864","35.87601852416992","35.87601852416992","35.87601852416992"
"865","39.655521392822266","39.655521392822266","39.655521392822266"
"866","38.368003845214844","38.368003845214844","38.368003845214844"
"867","35.61249923706055","35.61249923706055","35.61249923706055"
"868","37.34093475341797","37.34093475341797","37.34093475341797"
"869","37.05421447753906","37.05421447753906","37.05421447753906"
"870","37.27603530883789","37.27603530883789","37.27603530883789"
"871","36.9434928894043","36.9434928894043","36.9434928894043"
"872","36.59242630004883","36.59242630004883","36.59242630004883"
"873","36.58448028564453","36.58448028564453","36.58448028564453"
"874","36.14636993408203","36.14636993408203","36.14636993408203"
"875","36.79475402832031","36.79475402832031","36.79475402832031"
"876","37.25300979614258","37.25300979614258","37.25300979614258"
"877","36.74091720581055","36.74091720581055","36.74091720581055"
"878","36.40226745605469","36.40226745605469","36.40226745605469"
"879","35.75817108154297","35.75817108154297","35.75817108154297"
"880","37.63847732543945","37.63847732543945","37.63847732543945"
"881","36.31471633911133","36.31471633911133","36.31471633911133"
"882","39.347137451171875","39.347137451171875","39.347137451171875"
"883","39.68000030517578","39.68000030517578","39.68000030517578"
"884","36.88258743286133","36.88258743286133","36.88258743286133"
"885","38.56129455566406","38.56129455566406","38.56129455566406"
"886","35.416194915771484","35.416194915771484","35.416194915771484"
"887","37.47589874267578","37.47589874267578","37.47589874267578"
"888","35.50996780395508","35.50996780395508","35.50996780395508"
"889","36.805416107177734","36.805416107177734","36.805416107177734"
"890","37.168853759765625","37.168853759765625","37.168853759765625"
"891","37.129547119140625","37.129547119140625","37.129547119140625"
"892","38.40555953979492","38.40555953979492","38.40555953979492"
"893","35.03348159790039","35.03348159790039","35.03348159790039"
"894","37.170326232910156","37.170326232910156","37.170326232910156"
"895","37.16583251953125","37.16583251953125","37.16583251953125"
"896","36.23220443725586","36.23220443725586","36.23220443725586"
"897","37.385189056396484","37.385189056396484","37.385189056396484"
"898","35.45699691772461","35.45699691772461","35.45699691772461"
"899","36.706058502197266","36.706058502197266","36.706058502197266"
"900","36.870121002197266","36.870121002197266","36.870121002197266"
"901","37.17757034301758","37.17757034301758","37.17757034301758"
"902","36.59877014160156","36.59877014160156","36.59877014160156"
"903","38.34846878051758","38.34846878051758","38.34846878051758"
"904","36.760108947753906","36.760108947753906","36.760108947753906"
"905","34.551692962646484","34.551692962646484","34.551692962646484"
"906","36.34268569946289","36.34268569946289","36.34268569946289"
"907","36.51932907104492","36.51932907104492","36.51932907104492"
"908","36.92791748046875","36.92791748046875","36.92791748046875"
"909","36.71363830566406","36.71363830566406","36.71363830566406"
"910","36.573028564453125","36.573028564453125","36.573028564453125"
"911","37.73495101928711","37.73495101928711","37.73495101928711"
"912","36.31363296508789","36.31363296508789","36.31363296508789"
"913","36.18491744995117","36.18491744995117","36.18491744995117"
"914","35.66973114013672","35.66973114013672","35.66973114013672"
"915","35.51852798461914","35.51852798461914","35.51852798461914"
"916","37.450199127197266","37.450199127197266","37.450199127197266"
"917","35.88655090332031","35.88655090332031","35.88655090332031"
"918","36.97298049926758","36.97298049926758","36.97298049926758"
"919","36.281219482421875","36.281219482421875","36.281219482421875"
"920","37.033145904541016","37.033145904541016","37.033145904541016"
"921","37.63524627685547","37.63524627685547","37.63524627685547"
"922","36.675724029541016","36.675724029541016","36.675724029541016"
"923","35.40481948852539","35.40481948852539","35.40481948852539"
"924","36.776126861572266","36.776126861572266","36.776126861572266"
"925","37.4884147644043","37.4884147644043","37.4884147644043"
"926","37.70068359375","37.70068359375","37.70068359375"
"927","38.19280242919922","38.19280242919922","38.19280242919922"
"928","35.736427307128906","35.736427307128906","35.736427307128906"
"929","36.01482391357422","36.01482391357422","36.01482391357422"
"930","36.72620391845703","36.72620391845703","36.72620391845703"
"931","35.767635345458984","35.767635345458984","35.767635345458984"
"932","36.279502868652344","36.279502868652344","36.279502868652344"
"933","36.26118850708008","36.26118850708008","36.26118850708008"
"934","35.681922912597656","35.681922912597656","35.681922912597656"
"935","35.96611785888672","35.96611785888672","35.96611785888672"
"936","37.14616394042969","37.14616394042969","37.14616394042969"
"937","36.96463394165039","36.96463394165039","36.96463394165039"
"938","35.351078033447266","35.351078033447266","35.351078033447266"
"939","36.97452163696289","36.97452163696289","36.97452163696289"
"940","36.436161041259766","36.436161041259766","36.436161041259766"
"941","36.80801773071289","36.80801773071289","36.80801773071289"
"942","34.602317810058594","34.602317810058594","34.602317810058594"
"943","37.417388916015625","37.417388916015625","37.417388916015625"
"944","36.44952392578125","36.44952392578125","36.44952392578125"
"945","37.67625045776367","37.67625045776367","37.67625045776367"
"946","37.78865051269531","37.78865051269531","37.78865051269531"
"947","38.38059616088867","38.38059616088867","38.38059616088867"
"948","36.821224212646484","36.821224212646484","36.821224212646484"
"949","38.2142219543457","38.2142219543457","38.2142219543457"
"950","37.33836364746094","37.33836364746094","37.33836364746094"
"951","37.85710906982422","37.85710906982422","37.85710906982422"
"952","36.41490936279297","36.41490936279297","36.41490936279297"
"953","36.806556701660156","36.806556701660156","36.806556701660156"
"954","36.8475341796875","36.8475341796875","36.8475341796875"
"955","36.816680908203125","36.816680908203125","36.816680908203125"
"956","35.880558013916016","35.880558013916016","35.880558013916016"
"957","34.276519775390625","34.276519775390625","34.276519775390625"
"958","35.78392791748047","35.78392791748047","35.78392791748047"
"959","37.640594482421875","37.640594482421875","37.640594482421875"
"960","36.352542877197266","36.352542877197266","36.352542877197266"
"961","36.70297622680664","36.70297622680664","36.70297622680664"
"962","37.088165283203125","37.088165283203125","37.088165283203125"
"963","36.921321868896484","36.921321868896484","36.921321868896484"
"964","36.451942443847656","36.451942443847656","36.451942443847656"
"965","33.92295837402344","33.92295837402344","33.92295837402344"
"966","37.523197174072266","37.523197174072266","37.523197174072266"
"967","36.55693435668945","36.55693435668945","36.55693435668945"
"968","39.51425552368164","39.51425552368164","39.51425552368164"
"969","37.120323181152344","37.120323181152344","37.120323181152344"
"970","36.89571762084961","36.89571762084961","36.89571762084961"
"971","36.731136322021484","36.731136322021484","36.731136322021484"
"972","38.07144546508789","38.07144546508789","38.07144546508789"
"973","36.25657272338867","36.25657272338867","36.25657272338867"
"974","36.34809494018555","36.34809494018555","36.34809494018555"
"975","38.378150939941406","38.378150939941406","38.378150939941406"
"976","36.83705139160156","36.83705139160156","36.83705139160156"
"977","37.419639587402344","37.419639587402344","37.419639587402344"
"978","34.48480987548828","34.48480987548828","34.48480987548828"
"979","33.24747848510742","33.24747848510742","33.24747848510742"
"980","34.68836975097656","34.68836975097656","34.68836975097656"
"981","37.48929977416992","37.48929977416992","37.48929977416992"
"982","37.3571662902832","37.3571662902832","37.3571662902832"
"983","35.42484664916992","35.42484664916992","35.42484664916992"
"984","36.02400207519531","36.02400207519531","36.02400207519531"
"985","38.13239288330078","38.13239288330078","38.13239288330078"
"986","36.24245834350586","36.24245834350586","36.24245834350586"
"987","34.9160270690918","34.9160270690918","34.9160270690918"
"988","36.6571044921875","36.6571044921875","36.6571044921875"
"989","36.37640380859375","36.37640380859375","36.37640380859375"
"990","36.521236419677734","36.521236419677734","36.521236419677734"
"991","36.689327239990234","36.689327239990234","36.689327239990234"
"992","37.34873580932617","37.34873580932617","37.34873580932617"
"993","39.45429229736328","39.45429229736328","39.45429229736328"
"994","38.25080490112305","38.25080490112305","38.25080490112305"
"995","36.80888748168945","36.80888748168945","36.80888748168945"
"996","38.178863525390625","38.178863525390625","38.178863525390625"
"997","36.97659683227539","36.97659683227539","36.97659683227539"
"998","34.73133087158203","34.73133087158203","34.73133087158203"
"999","36.7122802734375","36.7122802734375","36.7122802734375"
"1000","35.4901123046875","35.4901123046875","35.4901123046875"
"1001","36.62236022949219","36.62236022949219","36.62236022949219"
"1002","34.87862014770508","34.87862014770508","34.87862014770508"
"1003","35.619964599609375","35.619964599609375","35.619964599609375"
"1004","34.55287551879883","34.55287551879883","34.55287551879883"
"1005","36.40151596069336","36.40151596069336","36.40151596069336"
"1006","37.432456970214844","37.432456970214844","37.432456970214844"
"1007","37.58855438232422","37.58855438232422","37.58855438232422"
"1008","37.42192840576172","37.42192840576172","37.42192840576172"
"1009","37.03342819213867","37.03342819213867","37.03342819213867"
"1010","35.44470977783203","35.44470977783203","35.44470977783203"
"1011","34.80082321166992","34.80082321166992","34.80082321166992"
"1012","37.140846252441406","37.140846252441406","37.140846252441406"
"1013","36.0269660949707","36.0269660949707","36.0269660949707"
"1014","35.506492614746094","35.506492614746094","35.506492614746094"
"1015","36.317596435546875","36.317596435546875","36.317596435546875"
"1016","36.80613708496094","36.80613708496094","36.80613708496094"
"1017","36.569278717041016","36.569278717041016","36.569278717041016"
"1018","35.15802764892578","35.15802764892578","35.15802764892578"
"1019","38.127159118652344","38.127159118652344","38.127159118652344"
"1020","38.545997619628906","38.545997619628906","38.545997619628906"
"1021","36.08258056640625","36.08258056640625","36.08258056640625"
"1022","37.45581817626953","37.45581817626953","37.45581817626953"
"1023","38.304962158203125","38.304962158203125","38.304962158203125"
"1024","36.7341423034668","36.7341423034668","36.7341423034668"
"1025","35.45859146118164","35.45859146118164","35.45859146118164"
"1026","38.54418182373047","38.54418182373047","38.54418182373047"
"1027","37.10113525390625","37.10113525390625","37.10113525390625"
"1028","36.31013870239258","36.31013870239258","36.31013870239258"
"1029","39.67448043823242","39.67448043823242","39.67448043823242"
"1030","37.65675735473633","37.65675735473633","37.65675735473633"
"1031","36.928070068359375","36.928070068359375","36.928070068359375"
"1032","36.01033020019531","36.01033020019531","36.01033020019531"
"1033","36.68701171875","36.68701171875","36.68701171875"
"1034","38.63069152832031","38.63069152832031","38.63069152832031"
"1035","36.02532196044922","36.02532196044922","36.02532196044922"
"1036","36.003482818603516","36.003482818603516","36.003482818603516"
"1037","37.065406799316406","37.065406799316406","37.065406799316406"
"1038","35.26769256591797","35.26769256591797","35.26769256591797"
"1039","37.42911911010742","37.42911911010742","37.42911911010742"
"1040","38.25916290283203","38.25916290283203","38.25916290283203"
"1041","34.63486099243164","34.63486099243164","34.63486099243164"
"1042","34.857112884521484","34.857112884521484","34.857112884521484"
"1043","37.368560791015625","37.368560791015625","37.368560791015625"
"1044","37.08390426635742","37.08390426635742","37.08390426635742"
"1045","35.115234375","35.115234375","35.115234375"
"1046","37.55570983886719","37.55570983886719","37.55570983886719"
"1047","36.874732971191406","36.874732971191406","36.874732971191406"
"1048","36.81734848022461","36.81734848022461","36.81734848022461"
"1049","38.71036911010742","38.71036911010742","38.71036911010742"
"1050","33.266448974609375","33.266448974609375","33.266448974609375"
"1051","36.791404724121094","36.791404724121094","36.791404724121094"
"1052","37.26398849487305","37.26398849487305","37.26398849487305"
"1053","36.58285140991211","36.58285140991211","36.58285140991211"
"1054","34.60053253173828","34.60053253173828","34.60053253173828"
"1055","36.57866668701172","36.57866668701172","36.57866668701172"
"1056","36.7065544128418","36.7065544128418","36.7065544128418"
"1057","38.104942321777344","38.104942321777344","38.104942321777344"
"1058","36.58149337768555","36.58149337768555","36.58149337768555"
"1059","35.84082794189453","35.84082794189453","35.84082794189453"
"1060","36.694393157958984","36.694393157958984","36.694393157958984"
"1061","36.515846252441406","36.515846252441406","36.515846252441406"
"1062","37.87827682495117","37.87827682495117","37.87827682495117"
"1063","37.33973693847656","37.33973693847656","37.33973693847656"
"1064","35.9634895324707","35.9634895324707","35.9634895324707"
"1065","36.213844299316406","36.213844299316406","36.213844299316406"
"1066","35.407352447509766","35.407352447509766","35.407352447509766"
"1067","37.77820587158203","37.77820587158203","37.77820587158203"
"1068","36.32246780395508","36.32246780395508","36.32246780395508"
"1069","35.859779357910156","35.859779357910156","35.859779357910156"
"1070","36.376800537109375","36.376800537109375","36.376800537109375"
"1071","37.127777099609375","37.127777099609375","37.127777099609375"
"1072","36.53335189819336","36.53335189819336","36.53335189819336"
"1073","37.22810363769531","37.22810363769531","37.22810363769531"
"1074","35.26340103149414","35.26340103149414","35.26340103149414"
"1075","38.72159957885742","38.72159957885742","38.72159957885742"
"1076","36.27705001831055","36.27705001831055","36.27705001831055"
"1077","37.702091217041016","37.702091217041016","37.702091217041016"
"1078","37.48484802246094","37.48484802246094","37.48484802246094"
"1079","35.855648040771484","35.855648040771484","35.855648040771484"
"1080","35.778255462646484","35.778255462646484","35.778255462646484"
"1081","38.698909759521484","38.698909759521484","38.698909759521484"
"1082","37.23637771606445","37.23637771606445","37.23637771606445"
"1083","36.006595611572266","36.006595611572266","36.006595611572266"
"1084","37.846435546875","37.846435546875","37.846435546875"
"1085","35.30632781982422","35.30632781982422","35.30632781982422"
"1086","36.40635681152344","36.40635681152344","36.40635681152344"
"1087","36.43937683105469","36.43937683105469","36.43937683105469"
"1088","36.681190490722656","36.681190490722656","36.681190490722656"
"1089","36.75944900512695","36.75944900512695","36.75944900512695"
"1090","37.83049774169922","37.83049774169922","37.83049774169922"
"1091","37.40575408935547","37.40575408935547","37.40575408935547"
"1092","36.974632263183594","36.974632263183594","36.974632263183594"
"1093","36.19528579711914","36.19528579711914","36.19528579711914"
"1094","37.66710662841797","37.66710662841797","37.66710662841797"
"1095","36.62646484375","36.62646484375","36.62646484375"
"1096","37.459739685058594","37.459739685058594","37.459739685058594"
"1097","36.27067184448242","36.27067184448242","36.27067184448242"
"1098","34.96598434448242","34.96598434448242","34.96598434448242"
"1099","36.99144744873047","36.99144744873047","36.99144744873047"
"1100","36.44080352783203","36.44080352783203","36.44080352783203"
"1101","36.86550521850586","36.86550521850586","36.86550521850586"
"1102","38.0866813659668","38.0866813659668","38.0866813659668"
"1103","34.948829650878906","34.948829650878906","34.948829650878906"
"1104","35.55638122558594","35.55638122558594","35.55638122558594"
"1105","36.955169677734375","36.955169677734375","36.955169677734375"
"1106","36.53326416015625","36.53326416015625","36.53326416015625"
"1107","35.164634704589844","35.164634704589844","35.164634704589844"
"1108","38.804107666015625","38.804107666015625","38.804107666015625"
"1109","34.646148681640625","34.646148681640625","34.646148681640625"
"1110","37.09286117553711","37.09286117553711","37.09286117553711"
"1111","35.25192642211914","35.25192642211914","35.25192642211914"
"1112","34.45145034790039","34.45145034790039","34.45145034790039"
"1113","39.435333251953125","39.435333251953125","39.435333251953125"
"1114","34.350040435791016","34.350040435791016","34.350040435791016"
"1115","36.579803466796875","36.579803466796875","36.579803466796875"
"1116","36.91912078857422","36.91912078857422","36.91912078857422"
"1117","35.99220657348633","35.99220657348633","35.99220657348633"
"1118","35.04857635498047","35.04857635498047","35.04857635498047"
"1119","35.491302490234375","35.491302490234375","35.491302490234375"
"1120","37.47334289550781","37.47334289550781","37.47334289550781"
"1121","34.477561950683594","34.477561950683594","34.477561950683594"
"1122","35.463619232177734","35.463619232177734","35.463619232177734"
"1123","38.833770751953125","38.833770751953125","38.833770751953125"
"1124","38.38547897338867","38.38547897338867","38.38547897338867"
"1125","38.4937744140625","38.4937744140625","38.4937744140625"
"1126","35.72531509399414","35.72531509399414","35.72531509399414"
"1127","35.06779098510742","35.06779098510742","35.06779098510742"
"1128","36.28433609008789","36.28433609008789","36.28433609008789"
"1129","35.1529655456543","35.1529655456543","35.1529655456543"
"1130","36.48060607910156","36.48060607910156","36.48060607910156"
"1131","35.37337875366211","35.37337875366211","35.37337875366211"
"1132","35.94123077392578","35.94123077392578","35.94123077392578"
"1133","38.53664779663086","38.53664779663086","38.53664779663086"
"1134","36.82710266113281","36.82710266113281","36.82710266113281"
"1135","35.43898391723633","35.43898391723633","35.43898391723633"
"1136","35.84385299682617","35.84385299682617","35.84385299682617"
"1137","36.839290618896484","36.839290618896484","36.839290618896484"
"1138","35.516204833984375","35.516204833984375","35.516204833984375"
"1139","36.092220306396484","36.092220306396484","36.092220306396484"
"1140","36.333282470703125","36.333282470703125","36.333282470703125"
"1141","36.609500885009766","36.609500885009766","36.609500885009766"
"1142","36.59004211425781","36.59004211425781","36.59004211425781"
"1143","38.1210823059082","38.1210823059082","38.1210823059082"
"1144","37.72048568725586","37.72048568725586","37.72048568725586"
"1145","39.68811798095703","39.68811798095703","39.68811798095703"
"1146","36.1412239074707","36.1412239074707","36.1412239074707"
"1147","36.311641693115234","36.311641693115234","36.311641693115234"
"1148","34.2682991027832","34.2682991027832","34.2682991027832"
"1149","36.35073471069336","36.35073471069336","36.35073471069336"
"1150","37.80448913574219","37.80448913574219","37.80448913574219"
"1151","36.819847106933594","36.819847106933594","36.819847106933594"
"1152","36.21955871582031","36.21955871582031","36.21955871582031"
"1153","37.32624435424805","37.32624435424805","37.32624435424805"
"1154","36.27832794189453","36.27832794189453","36.27832794189453"
"1155","35.020782470703125","35.020782470703125","35.020782470703125"
"1156","34.864227294921875","34.864227294921875","34.864227294921875"
"1157","35.44383239746094","35.44383239746094","35.44383239746094"
"1158","35.02260208129883","35.02260208129883","35.02260208129883"
"1159","36.80635452270508","36.80635452270508","36.80635452270508"
"1160","37.3604736328125","37.3604736328125","37.3604736328125"
"1161","39.96711730957031","39.96711730957031","39.96711730957031"
"1162","36.776878356933594","36.776878356933594","36.776878356933594"
"1163","35.96977615356445","35.96977615356445","35.96977615356445"
"1164","36.07691955566406","36.07691955566406","36.07691955566406"
"1165","34.4976692199707","34.4976692199707","34.4976692199707"
"1166","37.72501754760742","37.72501754760742","37.72501754760742"
"1167","39.48527145385742","39.48527145385742","39.48527145385742"
"1168","36.488319396972656","36.488319396972656","36.488319396972656"
"1169","36.80134201049805","36.80134201049805","36.80134201049805"
"1170","36.51482009887695","36.51482009887695","36.51482009887695"
"1171","35.04258346557617","35.04258346557617","35.04258346557617"
"1172","33.10609817504883","33.10609817504883","33.10609817504883"
"1173","35.38032913208008","35.38032913208008","35.38032913208008"
"1174","35.925907135009766","35.925907135009766","35.925907135009766"
"1175","35.09685134887695","35.09685134887695","35.09685134887695"
"1176","35.58819580078125","35.58819580078125","35.58819580078125"
"1177","38.35224914550781","38.35224914550781","38.35224914550781"
"1178","35.87879943847656","35.87879943847656","35.87879943847656"
"1179","36.531856536865234","36.531856536865234","36.531856536865234"
"1180","37.0827751159668","37.0827751159668","37.0827751159668"
"1181","35.669822692871094","35.669822692871094","35.669822692871094"
"1182","34.970733642578125","34.970733642578125","34.970733642578125"
"1183","36.90386199951172","36.90386199951172","36.90386199951172"
"1184","36.88185501098633","36.88185501098633","36.88185501098633"
"1185","37.38134765625","37.38134765625","37.38134765625"
"1186","34.81767272949219","34.81767272949219","34.81767272949219"
"1187","37.335506439208984","37.335506439208984","37.335506439208984"
"1188","35.80942916870117","35.80942916870117","35.80942916870117"
"1189","37.07597732543945","37.07597732543945","37.07597732543945"
"1190","35.250213623046875","35.250213623046875","35.250213623046875"
"1191","36.855262756347656","36.855262756347656","36.855262756347656"
"1192","37.29719543457031","37.29719543457031","37.29719543457031"
"1193","36.469451904296875","36.469451904296875","36.469451904296875"
"1194","37.33159255981445","37.33159255981445","37.33159255981445"
"1195","36.0745735168457","36.0745735168457","36.0745735168457"
"1196","34.430057525634766","34.430057525634766","34.430057525634766"
"1197","34.580753326416016","34.580753326416016","34.580753326416016"
"1198","36.5330810546875","36.5330810546875","36.5330810546875"
"1199","36.034645080566406","36.034645080566406","36.034645080566406"
"1200","35.856292724609375","35.856292724609375","35.856292724609375"
"1201","38.72383499145508","38.72383499145508","38.72383499145508"
"1202","34.675392150878906","34.675392150878906","34.675392150878906"
"1203","35.041404724121094","35.041404724121094","35.041404724121094"
"1204","37.68524932861328","37.68524932861328","37.68524932861328"
"1205","37.96552276611328","37.96552276611328","37.96552276611328"
"1206","35.25487518310547","35.25487518310547","35.25487518310547"
"1207","36.08504867553711","36.08504867553711","36.08504867553711"
"1208","35.904048919677734","35.904048919677734","35.904048919677734"
"1209","37.75360107421875","37.75360107421875","37.75360107421875"
"1210","36.19486618041992","36.19486618041992","36.19486618041992"
"1211","37.64801788330078","37.64801788330078","37.64801788330078"
"1212","37.29872512817383","37.29872512817383","37.29872512817383"
"1213","35.42658615112305","35.42658615112305","35.42658615112305"
"1214","37.116233825683594","37.116233825683594","37.116233825683594"
"1215","37.57720184326172","37.57720184326172","37.57720184326172"
"1216","34.3177375793457","34.3177375793457","34.3177375793457"
"1217","37.09957504272461","37.09957504272461","37.09957504272461"
"1218","37.387325286865234","37.387325286865234","37.387325286865234"
"1219","38.610572814941406","38.610572814941406","38.610572814941406"
"1220","34.98509979248047","34.98509979248047","34.98509979248047"
"1221","38.81580352783203","38.81580352783203","38.81580352783203"
"1222","35.92622756958008","35.92622756958008","35.92622756958008"
"1223","37.200103759765625","37.200103759765625","37.200103759765625"
"1224","36.15135955810547","36.15135955810547","36.15135955810547"
"1225","36.042659759521484","36.042659759521484","36.042659759521484"
"1226","38.39987564086914","38.39987564086914","38.39987564086914"
"1227","34.53449249267578","34.53449249267578","34.53449249267578"
"1228","36.10715103149414","36.10715103149414","36.10715103149414"
"1229","35.69731140136719","35.69731140136719","35.69731140136719"
"1230","36.488525390625","36.488525390625","36.488525390625"
"1231","34.5078010559082","34.5078010559082","34.5078010559082"
"1232","37.71144104003906","37.71144104003906","37.71144104003906"
"1233","36.79911804199219","36.79911804199219","36.79911804199219"
"1234","35.48068618774414","35.48068618774414","35.48068618774414"
"1235","39.110809326171875","39.110809326171875","39.110809326171875"
"1236","37.736488342285156","37.736488342285156","37.736488342285156"
"1237","36.83514404296875","36.83514404296875","36.83514404296875"
"1238","39.162750244140625","39.162750244140625","39.162750244140625"
"1239","35.67075729370117","35.67075729370117","35.67075729370117"
"1240","37.579681396484375","37.579681396484375","37.579681396484375"
"1241","34.54707336425781","34.54707336425781","34.54707336425781"
"1242","36.86783981323242","36.86783981323242","36.86783981323242"
"1243","36.221435546875","36.221435546875","36.221435546875"
"1244","36.465415954589844","36.465415954589844","36.465415954589844"
"1245","37.40478515625","37.40478515625","37.40478515625"
"1246","38.18868637084961","38.18868637084961","38.18868637084961"
"1247","35.29943084716797","35.29943084716797","35.29943084716797"
"1248","38.38401794433594","38.38401794433594","38.38401794433594"
"1249","37.00927734375","37.00927734375","37.00927734375"
"1250","38.186683654785156","38.186683654785156","38.186683654785156"
"1251","34.27467346191406","34.27467346191406","34.27467346191406"
"1252","38.25974655151367","38.25974655151367","38.25974655151367"
"1253","35.575462341308594","35.575462341308594","35.575462341308594"