"Step","male_silero - loss/g/fm","male_silero - loss/g/fm__MIN","male_silero - loss/g/fm__MAX"
"0","9.790964126586914","9.790964126586914","9.790964126586914"
"1","10.954940795898438","10.954940795898438","10.954940795898438"
"2","10.468635559082031","10.468635559082031","10.468635559082031"
"3","10.929339408874512","10.929339408874512","10.929339408874512"
"4","10.54884147644043","10.54884147644043","10.54884147644043"
"5","10.47490119934082","10.47490119934082","10.47490119934082"
"6","10.062793731689453","10.062793731689453","10.062793731689453"
"7","11.062559127807617","11.062559127807617","11.062559127807617"
"8","10.251360893249512","10.251360893249512","10.251360893249512"
"9","8.84952449798584","8.84952449798584","8.84952449798584"
"10","7.984296798706055","7.984296798706055","7.984296798706055"
"11","9.843998908996582","9.843998908996582","9.843998908996582"
"12","8.746176719665527","8.746176719665527","8.746176719665527"
"13","9.19155216217041","9.19155216217041","9.19155216217041"
"14","7.708678245544434","7.708678245544434","7.708678245544434"
"15","8.072281837463379","8.072281837463379","8.072281837463379"
"16","7.974186420440674","7.974186420440674","7.974186420440674"
"17","7.415902614593506","7.415902614593506","7.415902614593506"
"18","8.172723770141602","8.172723770141602","8.172723770141602"
"19","8.501771926879883","8.501771926879883","8.501771926879883"
"20","8.251022338867188","8.251022338867188","8.251022338867188"
"21","9.13977336883545","9.13977336883545","9.13977336883545"
"22","9.223822593688965","9.223822593688965","9.223822593688965"
"23","9.377570152282715","9.377570152282715","9.377570152282715"
"24","6.791790962219238","6.791790962219238","6.791790962219238"
"25","8.78720474243164","8.78720474243164","8.78720474243164"
"26","8.593328475952148","8.593328475952148","8.593328475952148"
"27","9.526008605957031","9.526008605957031","9.526008605957031"
"28","7.822746753692627","7.822746753692627","7.822746753692627"
"29","9.28446102142334","9.28446102142334","9.28446102142334"
"30","7.676110744476318","7.676110744476318","7.676110744476318"
"31","8.033608436584473","8.033608436584473","8.033608436584473"
"32","8.03125286102295","8.03125286102295","8.03125286102295"
"33","8.541515350341797","8.541515350341797","8.541515350341797"
"34","7.863245487213135","7.863245487213135","7.863245487213135"
"35","9.214130401611328","9.214130401611328","9.214130401611328"
"36","8.428075790405273","8.428075790405273","8.428075790405273"
"37","8.72667407989502","8.72667407989502","8.72667407989502"
"38","8.899293899536133","8.899293899536133","8.899293899536133"
"39","8.929098129272461","8.929098129272461","8.929098129272461"
"40","7.874500274658203","7.874500274658203","7.874500274658203"
"41","8.632118225097656","8.632118225097656","8.632118225097656"
"42","9.218340873718262","9.218340873718262","9.218340873718262"
"43","9.038433074951172","9.038433074951172","9.038433074951172"
"44","9.005301475524902","9.005301475524902","9.005301475524902"
"45","7.779505729675293","7.779505729675293","7.779505729675293"
"46","9.287142753601074","9.287142753601074","9.287142753601074"
"47","7.528709411621094","7.528709411621094","7.528709411621094"
"48","8.25898551940918","8.25898551940918","8.25898551940918"
"49","7.7565131187438965","7.7565131187438965","7.7565131187438965"
"50","9.042732238769531","9.042732238769531","9.042732238769531"
"51","7.582716941833496","7.582716941833496","7.582716941833496"
"52","7.895448207855225","7.895448207855225","7.895448207855225"
"53","7.597001552581787","7.597001552581787","7.597001552581787"
"54","8.584388732910156","8.584388732910156","8.584388732910156"
"55","8.46076774597168","8.46076774597168","8.46076774597168"
"56","7.564275741577148","7.564275741577148","7.564275741577148"
"57","8.257081031799316","8.257081031799316","8.257081031799316"
"58","8.315662384033203","8.315662384033203","8.315662384033203"
"59","8.56081485748291","8.56081485748291","8.56081485748291"
"60","8.417389869689941","8.417389869689941","8.417389869689941"
"61","6.850188255310059","6.850188255310059","6.850188255310059"
"62","8.265311241149902","8.265311241149902","8.265311241149902"
"63","7.327757835388184","7.327757835388184","7.327757835388184"
"64","8.589893341064453","8.589893341064453","8.589893341064453"
"65","7.17333984375","7.17333984375","7.17333984375"
"66","8.8740816116333","8.8740816116333","8.8740816116333"
"67","8.901521682739258","8.901521682739258","8.901521682739258"
"68","7.1634202003479","7.1634202003479","7.1634202003479"
"69","7.952175140380859","7.952175140380859","7.952175140380859"
"70","8.826682090759277","8.826682090759277","8.826682090759277"
"71","7.468842506408691","7.468842506408691","7.468842506408691"
"72","8.494336128234863","8.494336128234863","8.494336128234863"
"73","7.918957233428955","7.918957233428955","7.918957233428955"
"74","7.062580108642578","7.062580108642578","7.062580108642578"
"75","8.663570404052734","8.663570404052734","8.663570404052734"
"76","7.335207939147949","7.335207939147949","7.335207939147949"
"77","8.435858726501465","8.435858726501465","8.435858726501465"
"78","9.224303245544434","9.224303245544434","9.224303245544434"
"79","8.821638107299805","8.821638107299805","8.821638107299805"
"80","8.677033424377441","8.677033424377441","8.677033424377441"
"81","8.911927223205566","8.911927223205566","8.911927223205566"
"82","8.29365348815918","8.29365348815918","8.29365348815918"
"83","8.066036224365234","8.066036224365234","8.066036224365234"
"84","7.03749942779541","7.03749942779541","7.03749942779541"
"85","8.222199440002441","8.222199440002441","8.222199440002441"
"86","8.14477252960205","8.14477252960205","8.14477252960205"
"87","7.428379058837891","7.428379058837891","7.428379058837891"
"88","8.476734161376953","8.476734161376953","8.476734161376953"
"89","7.5993733406066895","7.5993733406066895","7.5993733406066895"
"90","7.127839088439941","7.127839088439941","7.127839088439941"
"91","8.899285316467285","8.899285316467285","8.899285316467285"
"92","8.509919166564941","8.509919166564941","8.509919166564941"
"93","8.757061958312988","8.757061958312988","8.757061958312988"
"94","7.5872483253479","7.5872483253479","7.5872483253479"
"95","8.229926109313965","8.229926109313965","8.229926109313965"
"96","7.579873085021973","7.579873085021973","7.579873085021973"
"97","7.306167125701904","7.306167125701904","7.306167125701904"
"98","8.190238952636719","8.190238952636719","8.190238952636719"
"99","8.08453369140625","8.08453369140625","8.08453369140625"
"100","8.758718490600586","8.758718490600586","8.758718490600586"
"101","9.865102767944336","9.865102767944336","9.865102767944336"
"102","8.154129981994629","8.154129981994629","8.154129981994629"
"103","9.109431266784668","9.109431266784668","9.109431266784668"
"104","8.402301788330078","8.402301788330078","8.402301788330078"
"105","9.515846252441406","9.515846252441406","9.515846252441406"
"106","8.761541366577148","8.761541366577148","8.761541366577148"
"107","7.472355842590332","7.472355842590332","7.472355842590332"
"108","8.186574935913086","8.186574935913086","8.186574935913086"
"109","8.42944049835205","8.42944049835205","8.42944049835205"
"110","8.538180351257324","8.538180351257324","8.538180351257324"
"111","6.548529624938965","6.548529624938965","6.548529624938965"
"112","7.855135917663574","7.855135917663574","7.855135917663574"
"113","8.055402755737305","8.055402755737305","8.055402755737305"
"114","9.55993366241455","9.55993366241455","9.55993366241455"
"115","7.8328423500061035","7.8328423500061035","7.8328423500061035"
"116","7.0361175537109375","7.0361175537109375","7.0361175537109375"
"117","8.717191696166992","8.717191696166992","8.717191696166992"
"118","9.297401428222656","9.297401428222656","9.297401428222656"
"119","8.815285682678223","8.815285682678223","8.815285682678223"
"120","7.872687339782715","7.872687339782715","7.872687339782715"
"121","8.022725105285645","8.022725105285645","8.022725105285645"
"122","9.526529312133789","9.526529312133789","9.526529312133789"
"123","7.824405193328857","7.824405193328857","7.824405193328857"
"124","8.615216255187988","8.615216255187988","8.615216255187988"
"125","8.217235565185547","8.217235565185547","8.217235565185547"
"126","8.209542274475098","8.209542274475098","8.209542274475098"
"127","9.318926811218262","9.318926811218262","9.318926811218262"
"128","8.232110977172852","8.232110977172852","8.232110977172852"
"129","8.191787719726562","8.191787719726562","8.191787719726562"
"130","7.998819828033447","7.998819828033447","7.998819828033447"
"131","8.918329238891602","8.918329238891602","8.918329238891602"
"132","7.1648993492126465","7.1648993492126465","7.1648993492126465"
"133","7.347106456756592","7.347106456756592","7.347106456756592"
"134","6.637331008911133","6.637331008911133","6.637331008911133"
"135","7.816118240356445","7.816118240356445","7.816118240356445"
"136","8.212983131408691","8.212983131408691","8.212983131408691"
"137","8.6282320022583","8.6282320022583","8.6282320022583"
"138","8.478811264038086","8.478811264038086","8.478811264038086"
"139","8.027097702026367","8.027097702026367","8.027097702026367"
"140","7.693306922912598","7.693306922912598","7.693306922912598"
"141","6.681103706359863","6.681103706359863","6.681103706359863"
"142","8.380558013916016","8.380558013916016","8.380558013916016"
"143","8.556096076965332","8.556096076965332","8.556096076965332"
"144","8.533557891845703","8.533557891845703","8.533557891845703"
"145","8.259063720703125","8.259063720703125","8.259063720703125"
"146","9.1088285446167","9.1088285446167","9.1088285446167"
"147","8.026793479919434","8.026793479919434","8.026793479919434"
"148","8.388627052307129","8.388627052307129","8.388627052307129"
"149","8.257195472717285","8.257195472717285","8.257195472717285"
"150","7.1877593994140625","7.1877593994140625","7.1877593994140625"
"151","8.622274398803711","8.622274398803711","8.622274398803711"
"152","7.535905361175537","7.535905361175537","7.535905361175537"
"153","7.344597816467285","7.344597816467285","7.344597816467285"
"154","8.265481948852539","8.265481948852539","8.265481948852539"
"155","7.690507888793945","7.690507888793945","7.690507888793945"
"156","8.388870239257812","8.388870239257812","8.388870239257812"
"157","8.264430046081543","8.264430046081543","8.264430046081543"
"158","7.61604118347168","7.61604118347168","7.61604118347168"
"159","7.998015880584717","7.998015880584717","7.998015880584717"
"160","8.474306106567383","8.474306106567383","8.474306106567383"
"161","8.539302825927734","8.539302825927734","8.539302825927734"
"162","7.144744396209717","7.144744396209717","7.144744396209717"
"163","6.892842769622803","6.892842769622803","6.892842769622803"
"164","8.098712921142578","8.098712921142578","8.098712921142578"
"165","8.193554878234863","8.193554878234863","8.193554878234863"
"166","8.468372344970703","8.468372344970703","8.468372344970703"
"167","8.597835540771484","8.597835540771484","8.597835540771484"
"168","8.233733177185059","8.233733177185059","8.233733177185059"
"169","7.072546005249023","7.072546005249023","7.072546005249023"
"170","8.033940315246582","8.033940315246582","8.033940315246582"
"171","8.51999568939209","8.51999568939209","8.51999568939209"
"172","6.384354114532471","6.384354114532471","6.384354114532471"
"173","7.281306266784668","7.281306266784668","7.281306266784668"
"174","7.316978931427002","7.316978931427002","7.316978931427002"
"175","9.737815856933594","9.737815856933594","9.737815856933594"
"176","7.707027435302734","7.707027435302734","7.707027435302734"
"177","6.780610084533691","6.780610084533691","6.780610084533691"
"178","8.253851890563965","8.253851890563965","8.253851890563965"
"179","7.430450439453125","7.430450439453125","7.430450439453125"
"180","7.70515775680542","7.70515775680542","7.70515775680542"
"181","7.956360816955566","7.956360816955566","7.956360816955566"
"182","9.029698371887207","9.029698371887207","9.029698371887207"
"183","9.134541511535645","9.134541511535645","9.134541511535645"
"184","7.652918338775635","7.652918338775635","7.652918338775635"
"185","7.8695831298828125","7.8695831298828125","7.8695831298828125"
"186","7.398588180541992","7.398588180541992","7.398588180541992"
"187","8.050882339477539","8.050882339477539","8.050882339477539"
"188","8.14508056640625","8.14508056640625","8.14508056640625"
"189","7.401478290557861","7.401478290557861","7.401478290557861"
"190","8.067853927612305","8.067853927612305","8.067853927612305"
"191","7.041118621826172","7.041118621826172","7.041118621826172"
"192","8.312061309814453","8.312061309814453","8.312061309814453"
"193","7.41697359085083","7.41697359085083","7.41697359085083"
"194","8.351730346679688","8.351730346679688","8.351730346679688"
"195","7.499127388000488","7.499127388000488","7.499127388000488"
"196","7.696166038513184","7.696166038513184","7.696166038513184"
"197","8.37711238861084","8.37711238861084","8.37711238861084"
"198","7.972585201263428","7.972585201263428","7.972585201263428"
"199","8.500619888305664","8.500619888305664","8.500619888305664"
"200","8.926393508911133","8.926393508911133","8.926393508911133"
"201","8.290496826171875","8.290496826171875","8.290496826171875"
"202","8.381690979003906","8.381690979003906","8.381690979003906"
"203","8.004385948181152","8.004385948181152","8.004385948181152"
"204","8.08215618133545","8.08215618133545","8.08215618133545"
"205","8.13173770904541","8.13173770904541","8.13173770904541"
"206","7.9193291664123535","7.9193291664123535","7.9193291664123535"
"207","6.927152633666992","6.927152633666992","6.927152633666992"
"208","8.067238807678223","8.067238807678223","8.067238807678223"
"209","7.965655326843262","7.965655326843262","7.965655326843262"
"210","9.310920715332031","9.310920715332031","9.310920715332031"
"211","8.562250137329102","8.562250137329102","8.562250137329102"
"212","7.6972761154174805","7.6972761154174805","7.6972761154174805"
"213","7.5637688636779785","7.5637688636779785","7.5637688636779785"
"214","8.054819107055664","8.054819107055664","8.054819107055664"
"215","8.559137344360352","8.559137344360352","8.559137344360352"
"216","7.060968399047852","7.060968399047852","7.060968399047852"
"217","8.568074226379395","8.568074226379395","8.568074226379395"
"218","7.211304664611816","7.211304664611816","7.211304664611816"
"219","8.545000076293945","8.545000076293945","8.545000076293945"
"220","8.274577140808105","8.274577140808105","8.274577140808105"
"221","7.796682357788086","7.796682357788086","7.796682357788086"
"222","8.40263843536377","8.40263843536377","8.40263843536377"
"223","7.031528472900391","7.031528472900391","7.031528472900391"
"224","7.632873058319092","7.632873058319092","7.632873058319092"
"225","7.9222822189331055","7.9222822189331055","7.9222822189331055"
"226","8.538553237915039","8.538553237915039","8.538553237915039"
"227","7.817948818206787","7.817948818206787","7.817948818206787"
"228","6.448716163635254","6.448716163635254","6.448716163635254"
"229","7.493175506591797","7.493175506591797","7.493175506591797"
"230","8.316596031188965","8.316596031188965","8.316596031188965"
"231","7.892824649810791","7.892824649810791","7.892824649810791"
"232","8.545458793640137","8.545458793640137","8.545458793640137"
"233","8.252861976623535","8.252861976623535","8.252861976623535"
"234","7.381955623626709","7.381955623626709","7.381955623626709"
"235","8.068353652954102","8.068353652954102","8.068353652954102"
"236","8.176383018493652","8.176383018493652","8.176383018493652"
"237","8.107857704162598","8.107857704162598","8.107857704162598"
"238","7.28916072845459","7.28916072845459","7.28916072845459"
"239","8.759100914001465","8.759100914001465","8.759100914001465"
"240","8.178228378295898","8.178228378295898","8.178228378295898"
"241","8.482894897460938","8.482894897460938","8.482894897460938"
"242","8.073728561401367","8.073728561401367","8.073728561401367"
"243","7.539344787597656","7.539344787597656","7.539344787597656"
"244","8.10350227355957","8.10350227355957","8.10350227355957"
"245","7.237220287322998","7.237220287322998","7.237220287322998"
"246","7.747004508972168","7.747004508972168","7.747004508972168"
"247","7.834492206573486","7.834492206573486","7.834492206573486"
"248","7.8648362159729","7.8648362159729","7.8648362159729"
"249","7.897404193878174","7.897404193878174","7.897404193878174"
"250","7.497493267059326","7.497493267059326","7.497493267059326"
"251","6.652769088745117","6.652769088745117","6.652769088745117"
"252","8.803866386413574","8.803866386413574","8.803866386413574"
"253","8.165464401245117","8.165464401245117","8.165464401245117"
"254","7.336488723754883","7.336488723754883","7.336488723754883"
"255","6.681673526763916","6.681673526763916","6.681673526763916"
"256","6.8053789138793945","6.8053789138793945","6.8053789138793945"
"257","7.960428714752197","7.960428714752197","7.960428714752197"
"258","6.9658203125","6.9658203125","6.9658203125"
"259","8.079625129699707","8.079625129699707","8.079625129699707"
"260","8.313416481018066","8.313416481018066","8.313416481018066"
"261","8.010406494140625","8.010406494140625","8.010406494140625"
"262","7.988090991973877","7.988090991973877","7.988090991973877"
"263","7.854977130889893","7.854977130889893","7.854977130889893"
"264","6.989194869995117","6.989194869995117","6.989194869995117"
"265","8.11003589630127","8.11003589630127","8.11003589630127"
"266","7.6361517906188965","7.6361517906188965","7.6361517906188965"
"267","8.052596092224121","8.052596092224121","8.052596092224121"
"268","8.968605041503906","8.968605041503906","8.968605041503906"
"269","7.7821526527404785","7.7821526527404785","7.7821526527404785"
"270","8.867415428161621","8.867415428161621","8.867415428161621"
"271","8.056066513061523","8.056066513061523","8.056066513061523"
"272","7.712846279144287","7.712846279144287","7.712846279144287"
"273","7.184520721435547","7.184520721435547","7.184520721435547"
"274","8.315715789794922","8.315715789794922","8.315715789794922"
"275","8.312895774841309","8.312895774841309","8.312895774841309"
"276","7.37297248840332","7.37297248840332","7.37297248840332"
"277","8.677298545837402","8.677298545837402","8.677298545837402"
"278","7.422226428985596","7.422226428985596","7.422226428985596"
"279","6.723303318023682","6.723303318023682","6.723303318023682"
"280","8.006912231445312","8.006912231445312","8.006912231445312"
"281","7.693327903747559","7.693327903747559","7.693327903747559"
"282","8.040353775024414","8.040353775024414","8.040353775024414"
"283","7.171151161193848","7.171151161193848","7.171151161193848"
"284","7.8496527671813965","7.8496527671813965","7.8496527671813965"
"285","8.745828628540039","8.745828628540039","8.745828628540039"
"286","7.477269172668457","7.477269172668457","7.477269172668457"
"287","7.184429168701172","7.184429168701172","7.184429168701172"
"288","6.975576877593994","6.975576877593994","6.975576877593994"
"289","7.407059669494629","7.407059669494629","7.407059669494629"
"290","7.466735363006592","7.466735363006592","7.466735363006592"
"291","7.6809916496276855","7.6809916496276855","7.6809916496276855"
"292","8.041860580444336","8.041860580444336","8.041860580444336"
"293","7.837242126464844","7.837242126464844","7.837242126464844"
"294","8.148381233215332","8.148381233215332","8.148381233215332"
"295","8.42271900177002","8.42271900177002","8.42271900177002"
"296","7.599607467651367","7.599607467651367","7.599607467651367"
"297","8.165129661560059","8.165129661560059","8.165129661560059"
"298","7.7897844314575195","7.7897844314575195","7.7897844314575195"
"299","7.844588279724121","7.844588279724121","7.844588279724121"
"300","7.747390270233154","7.747390270233154","7.747390270233154"
"301","7.386221885681152","7.386221885681152","7.386221885681152"
"302","8.495271682739258","8.495271682739258","8.495271682739258"
"303","8.542415618896484","8.542415618896484","8.542415618896484"
"304","9.04737663269043","9.04737663269043","9.04737663269043"
"305","7.871955394744873","7.871955394744873","7.871955394744873"
"306","8.67859172821045","8.67859172821045","8.67859172821045"
"307","6.788519859313965","6.788519859313965","6.788519859313965"
"308","7.577746868133545","7.577746868133545","7.577746868133545"
"309","7.723670959472656","7.723670959472656","7.723670959472656"
"310","6.956845760345459","6.956845760345459","6.956845760345459"
"311","7.115260601043701","7.115260601043701","7.115260601043701"
"312","7.502945899963379","7.502945899963379","7.502945899963379"
"313","7.864139556884766","7.864139556884766","7.864139556884766"
"314","8.557741165161133","8.557741165161133","8.557741165161133"
"315","7.8070549964904785","7.8070549964904785","7.8070549964904785"
"316","7.85750675201416","7.85750675201416","7.85750675201416"
"317","8.280024528503418","8.280024528503418","8.280024528503418"
"318","8.32282829284668","8.32282829284668","8.32282829284668"
"319","8.448478698730469","8.448478698730469","8.448478698730469"
"320","9.012207984924316","9.012207984924316","9.012207984924316"
"321","8.834200859069824","8.834200859069824","8.834200859069824"
"322","7.334537506103516","7.334537506103516","7.334537506103516"
"323","8.108959197998047","8.108959197998047","8.108959197998047"
"324","6.990514278411865","6.990514278411865","6.990514278411865"
"325","7.120794296264648","7.120794296264648","7.120794296264648"
"326","7.431175708770752","7.431175708770752","7.431175708770752"
"327","9.483041763305664","9.483041763305664","9.483041763305664"
"328","8.312027931213379","8.312027931213379","8.312027931213379"
"329","7.89724063873291","7.89724063873291","7.89724063873291"
"330","7.4543914794921875","7.4543914794921875","7.4543914794921875"
"331","7.4373393058776855","7.4373393058776855","7.4373393058776855"
"332","7.548672676086426","7.548672676086426","7.548672676086426"
"333","7.5496039390563965","7.5496039390563965","7.5496039390563965"
"334","8.351470947265625","8.351470947265625","8.351470947265625"
"335","8.366072654724121","8.366072654724121","8.366072654724121"
"336","7.414591312408447","7.414591312408447","7.414591312408447"
"337","8.51675796508789","8.51675796508789","8.51675796508789"
"338","7.0626349449157715","7.0626349449157715","7.0626349449157715"
"339","7.360753536224365","7.360753536224365","7.360753536224365"
"340","7.753739833831787","7.753739833831787","7.753739833831787"
"341","9.357465744018555","9.357465744018555","9.357465744018555"
"342","7.0752787590026855","7.0752787590026855","7.0752787590026855"
"343","8.406573295593262","8.406573295593262","8.406573295593262"
"344","7.156052112579346","7.156052112579346","7.156052112579346"
"345","7.930781364440918","7.930781364440918","7.930781364440918"
"346","8.369622230529785","8.369622230529785","8.369622230529785"
"347","8.234569549560547","8.234569549560547","8.234569549560547"
"348","7.730775833129883","7.730775833129883","7.730775833129883"
"349","8.65918254852295","8.65918254852295","8.65918254852295"
"350","7.855224609375","7.855224609375","7.855224609375"
"351","7.1723833084106445","7.1723833084106445","7.1723833084106445"
"352","8.272662162780762","8.272662162780762","8.272662162780762"
"353","8.00810432434082","8.00810432434082","8.00810432434082"
"354","7.161296367645264","7.161296367645264","7.161296367645264"
"355","8.010268211364746","8.010268211364746","8.010268211364746"
"356","7.7893195152282715","7.7893195152282715","7.7893195152282715"
"357","8.244978904724121","8.244978904724121","8.244978904724121"
"358","8.917518615722656","8.917518615722656","8.917518615722656"
"359","8.000387191772461","8.000387191772461","8.000387191772461"
"360","8.740968704223633","8.740968704223633","8.740968704223633"
"361","7.853168487548828","7.853168487548828","7.853168487548828"
"362","7.715461254119873","7.715461254119873","7.715461254119873"
"363","7.778265476226807","7.778265476226807","7.778265476226807"
"364","7.789581298828125","7.789581298828125","7.789581298828125"
"365","8.007803916931152","8.007803916931152","8.007803916931152"
"366","7.25843620300293","7.25843620300293","7.25843620300293"
"367","6.806619167327881","6.806619167327881","6.806619167327881"
"368","7.329787731170654","7.329787731170654","7.329787731170654"
"369","7.463945388793945","7.463945388793945","7.463945388793945"
"370","8.2191801071167","8.2191801071167","8.2191801071167"
"371","7.417931079864502","7.417931079864502","7.417931079864502"
"372","6.858774185180664","6.858774185180664","6.858774185180664"
"373","6.702111721038818","6.702111721038818","6.702111721038818"
"374","7.380209922790527","7.380209922790527","7.380209922790527"
"375","7.552225112915039","7.552225112915039","7.552225112915039"
"376","7.872170925140381","7.872170925140381","7.872170925140381"
"377","8.23834228515625","8.23834228515625","8.23834228515625"
"378","8.8250150680542","8.8250150680542","8.8250150680542"
"379","7.396408557891846","7.396408557891846","7.396408557891846"
"380","7.844128131866455","7.844128131866455","7.844128131866455"
"381","7.85056734085083","7.85056734085083","7.85056734085083"
"382","8.462018966674805","8.462018966674805","8.462018966674805"
"383","8.029017448425293","8.029017448425293","8.029017448425293"
"384","7.6953840255737305","7.6953840255737305","7.6953840255737305"
"385","8.07174015045166","8.07174015045166","8.07174015045166"
"386","8.411243438720703","8.411243438720703","8.411243438720703"
"387","7.983370780944824","7.983370780944824","7.983370780944824"
"388","6.872208118438721","6.872208118438721","6.872208118438721"
"389","7.228177070617676","7.228177070617676","7.228177070617676"
"390","7.9428205490112305","7.9428205490112305","7.9428205490112305"
"391","8.888553619384766","8.888553619384766","8.888553619384766"
"392","6.724984169006348","6.724984169006348","6.724984169006348"
"393","6.888955116271973","6.888955116271973","6.888955116271973"
"394","8.256772994995117","8.256772994995117","8.256772994995117"
"395","8.042400360107422","8.042400360107422","8.042400360107422"
"396","7.805842876434326","7.805842876434326","7.805842876434326"
"397","6.631506443023682","6.631506443023682","6.631506443023682"
"398","8.529749870300293","8.529749870300293","8.529749870300293"
"399","8.516611099243164","8.516611099243164","8.516611099243164"
"400","8.333605766296387","8.333605766296387","8.333605766296387"
"401","8.079537391662598","8.079537391662598","8.079537391662598"
"402","7.761101722717285","7.761101722717285","7.761101722717285"
"403","7.385806560516357","7.385806560516357","7.385806560516357"
"404","8.556857109069824","8.556857109069824","8.556857109069824"
"405","6.4037885665893555","6.4037885665893555","6.4037885665893555"
"406","8.092656135559082","8.092656135559082","8.092656135559082"
"407","7.279587745666504","7.279587745666504","7.279587745666504"
"408","8.226676940917969","8.226676940917969","8.226676940917969"
"409","8.04987621307373","8.04987621307373","8.04987621307373"
"410","7.422398567199707","7.422398567199707","7.422398567199707"
"411","7.749692916870117","7.749692916870117","7.749692916870117"
"412","7.548901081085205","7.548901081085205","7.548901081085205"
"413","7.763219356536865","7.763219356536865","7.763219356536865"
"414","8.14769458770752","8.14769458770752","8.14769458770752"
"415","7.75438117980957","7.75438117980957","7.75438117980957"
"416","6.790163040161133","6.790163040161133","6.790163040161133"
"417","7.400476455688477","7.400476455688477","7.400476455688477"
"418","5.888322830200195","5.888322830200195","5.888322830200195"
"419","7.350838661193848","7.350838661193848","7.350838661193848"
"420","7.6987810134887695","7.6987810134887695","7.6987810134887695"
"421","8.226577758789062","8.226577758789062","8.226577758789062"
"422","7.844613552093506","7.844613552093506","7.844613552093506"
"423","8.37167739868164","8.37167739868164","8.37167739868164"
"424","7.521632671356201","7.521632671356201","7.521632671356201"
"425","7.591447353363037","7.591447353363037","7.591447353363037"
"426","7.690376281738281","7.690376281738281","7.690376281738281"
"427","7.2512102127075195","7.2512102127075195","7.2512102127075195"
"428","7.730589389801025","7.730589389801025","7.730589389801025"
"429","6.696024417877197","6.696024417877197","6.696024417877197"
"430","6.7472333908081055","6.7472333908081055","6.7472333908081055"
"431","6.683475971221924","6.683475971221924","6.683475971221924"
"432","7.42286491394043","7.42286491394043","7.42286491394043"
"433","7.205397129058838","7.205397129058838","7.205397129058838"
"434","7.735056400299072","7.735056400299072","7.735056400299072"
"435","8.23204231262207","8.23204231262207","8.23204231262207"
"436","7.334157466888428","7.334157466888428","7.334157466888428"
"437","8.026802062988281","8.026802062988281","8.026802062988281"
"438","6.288839817047119","6.288839817047119","6.288839817047119"
"439","7.106348037719727","7.106348037719727","7.106348037719727"
"440","6.684090614318848","6.684090614318848","6.684090614318848"
"441","7.747048377990723","7.747048377990723","7.747048377990723"
"442","8.210843086242676","8.210843086242676","8.210843086242676"
"443","7.754307746887207","7.754307746887207","7.754307746887207"
"444","7.629436492919922","7.629436492919922","7.629436492919922"
"445","8.709220886230469","8.709220886230469","8.709220886230469"
"446","6.377287864685059","6.377287864685059","6.377287864685059"
"447","7.1501922607421875","7.1501922607421875","7.1501922607421875"
"448","7.871267318725586","7.871267318725586","7.871267318725586"
"449","7.630232810974121","7.630232810974121","7.630232810974121"
"450","6.56002140045166","6.56002140045166","6.56002140045166"
"451","7.407988548278809","7.407988548278809","7.407988548278809"
"452","8.66069507598877","8.66069507598877","8.66069507598877"
"453","7.76082181930542","7.76082181930542","7.76082181930542"
"454","7.754835605621338","7.754835605621338","7.754835605621338"
"455","8.818469047546387","8.818469047546387","8.818469047546387"
"456","7.625969886779785","7.625969886779785","7.625969886779785"
"457","7.124937057495117","7.124937057495117","7.124937057495117"
"458","6.868831157684326","6.868831157684326","6.868831157684326"
"459","8.14477825164795","8.14477825164795","8.14477825164795"
"460","7.047469615936279","7.047469615936279","7.047469615936279"
"461","7.401604652404785","7.401604652404785","7.401604652404785"
"462","7.351386547088623","7.351386547088623","7.351386547088623"
"463","8.185931205749512","8.185931205749512","8.185931205749512"
"464","7.552268028259277","7.552268028259277","7.552268028259277"
"465","8.030801773071289","8.030801773071289","8.030801773071289"
"466","7.432265281677246","7.432265281677246","7.432265281677246"
"467","7.045384883880615","7.045384883880615","7.045384883880615"
"468","7.210490703582764","7.210490703582764","7.210490703582764"
"469","7.264027118682861","7.264027118682861","7.264027118682861"
"470","7.824746131896973","7.824746131896973","7.824746131896973"
"471","7.6659650802612305","7.6659650802612305","7.6659650802612305"
"472","7.8800859451293945","7.8800859451293945","7.8800859451293945"
"473","8.090763092041016","8.090763092041016","8.090763092041016"
"474","8.183992385864258","8.183992385864258","8.183992385864258"
"475","7.739768028259277","7.739768028259277","7.739768028259277"
"476","8.065788269042969","8.065788269042969","8.065788269042969"
"477","8.52403736114502","8.52403736114502","8.52403736114502"
"478","8.15338134765625","8.15338134765625","8.15338134765625"
"479","8.671146392822266","8.671146392822266","8.671146392822266"
"480","8.401488304138184","8.401488304138184","8.401488304138184"
"481","7.907169342041016","7.907169342041016","7.907169342041016"
"482","7.826488018035889","7.826488018035889","7.826488018035889"
"483","6.538459300994873","6.538459300994873","6.538459300994873"
"484","8.44178581237793","8.44178581237793","8.44178581237793"
"485","7.628296375274658","7.628296375274658","7.628296375274658"
"486","8.621052742004395","8.621052742004395","8.621052742004395"
"487","7.9215803146362305","7.9215803146362305","7.9215803146362305"
"488","7.946598052978516","7.946598052978516","7.946598052978516"
"489","7.863426685333252","7.863426685333252","7.863426685333252"
"490","7.102210521697998","7.102210521697998","7.102210521697998"
"491","7.304288864135742","7.304288864135742","7.304288864135742"
"492","7.314659118652344","7.314659118652344","7.314659118652344"
"493","6.652135372161865","6.652135372161865","6.652135372161865"
"494","7.8008317947387695","7.8008317947387695","7.8008317947387695"
"495","8.292851448059082","8.292851448059082","8.292851448059082"
"496","7.502131462097168","7.502131462097168","7.502131462097168"
"497","8.176901817321777","8.176901817321777","8.176901817321777"
"498","7.579052448272705","7.579052448272705","7.579052448272705"
"499","6.916953086853027","6.916953086853027","6.916953086853027"
"500","6.669083595275879","6.669083595275879","6.669083595275879"
"501","7.667774200439453","7.667774200439453","7.667774200439453"
"502","7.331707954406738","7.331707954406738","7.331707954406738"
"503","7.68173885345459","7.68173885345459","7.68173885345459"
"504","7.14816951751709","7.14816951751709","7.14816951751709"
"505","6.56470251083374","6.56470251083374","6.56470251083374"
"506","7.666748523712158","7.666748523712158","7.666748523712158"
"507","8.901662826538086","8.901662826538086","8.901662826538086"
"508","7.582799434661865","7.582799434661865","7.582799434661865"
"509","7.696676731109619","7.696676731109619","7.696676731109619"
"510","8.02248477935791","8.02248477935791","8.02248477935791"
"511","8.487357139587402","8.487357139587402","8.487357139587402"
"512","6.861334800720215","6.861334800720215","6.861334800720215"
"513","7.884063243865967","7.884063243865967","7.884063243865967"
"514","7.258045196533203","7.258045196533203","7.258045196533203"
"515","7.974196434020996","7.974196434020996","7.974196434020996"
"516","7.785181999206543","7.785181999206543","7.785181999206543"
"517","8.191793441772461","8.191793441772461","8.191793441772461"
"518","7.044673442840576","7.044673442840576","7.044673442840576"
"519","7.719043731689453","7.719043731689453","7.719043731689453"
"520","8.131709098815918","8.131709098815918","8.131709098815918"
"521","6.988436698913574","6.988436698913574","6.988436698913574"
"522","7.467503070831299","7.467503070831299","7.467503070831299"
"523","8.355621337890625","8.355621337890625","8.355621337890625"
"524","7.152695655822754","7.152695655822754","7.152695655822754"
"525","8.427416801452637","8.427416801452637","8.427416801452637"
"526","6.470371723175049","6.470371723175049","6.470371723175049"
"527","8.377685546875","8.377685546875","8.377685546875"
"528","6.2874674797058105","6.2874674797058105","6.2874674797058105"
"529","8.640449523925781","8.640449523925781","8.640449523925781"
"530","7.846343994140625","7.846343994140625","7.846343994140625"
"531","7.796736240386963","7.796736240386963","7.796736240386963"
"532","7.097993850708008","7.097993850708008","7.097993850708008"
"533","7.0357890129089355","7.0357890129089355","7.0357890129089355"
"534","8.448704719543457","8.448704719543457","8.448704719543457"
"535","7.658003330230713","7.658003330230713","7.658003330230713"
"536","7.46152925491333","7.46152925491333","7.46152925491333"
"537","6.951715469360352","6.951715469360352","6.951715469360352"
"538","7.833518981933594","7.833518981933594","7.833518981933594"
"539","7.107715129852295","7.107715129852295","7.107715129852295"
"540","7.803514003753662","7.803514003753662","7.803514003753662"
"541","7.319797039031982","7.319797039031982","7.319797039031982"
"542","7.194693088531494","7.194693088531494","7.194693088531494"
"543","7.661167621612549","7.661167621612549","7.661167621612549"
"544","8.106493949890137","8.106493949890137","8.106493949890137"
"545","8.535473823547363","8.535473823547363","8.535473823547363"
"546","6.984160900115967","6.984160900115967","6.984160900115967"
"547","7.499782085418701","7.499782085418701","7.499782085418701"
"548","7.0642781257629395","7.0642781257629395","7.0642781257629395"
"549","7.651859283447266","7.651859283447266","7.651859283447266"
"550","6.995555877685547","6.995555877685547","6.995555877685547"
"551","8.329192161560059","8.329192161560059","8.329192161560059"
"552","7.980134963989258","7.980134963989258","7.980134963989258"
"553","8.06897258758545","8.06897258758545","8.06897258758545"
"554","7.767420291900635","7.767420291900635","7.767420291900635"
"555","7.537128448486328","7.537128448486328","7.537128448486328"
"556","6.734682559967041","6.734682559967041","6.734682559967041"
"557","8.223544120788574","8.223544120788574","8.223544120788574"
"558","7.177087783813477","7.177087783813477","7.177087783813477"
"559","7.940794467926025","7.940794467926025","7.940794467926025"
"560","7.172608375549316","7.172608375549316","7.172608375549316"
"561","7.44946813583374","7.44946813583374","7.44946813583374"
"562","7.5647196769714355","7.5647196769714355","7.5647196769714355"
"563","9.456488609313965","9.456488609313965","9.456488609313965"
"564","7.801433563232422","7.801433563232422","7.801433563232422"
"565","7.884977340698242","7.884977340698242","7.884977340698242"
"566","7.768518924713135","7.768518924713135","7.768518924713135"
"567","7.28562068939209","7.28562068939209","7.28562068939209"
"568","7.84574031829834","7.84574031829834","7.84574031829834"
"569","7.9733171463012695","7.9733171463012695","7.9733171463012695"
"570","7.915487766265869","7.915487766265869","7.915487766265869"
"571","7.273055553436279","7.273055553436279","7.273055553436279"
"572","8.006508827209473","8.006508827209473","8.006508827209473"
"573","6.906311511993408","6.906311511993408","6.906311511993408"
"574","8.753382682800293","8.753382682800293","8.753382682800293"
"575","7.529570579528809","7.529570579528809","7.529570579528809"
"576","7.328989028930664","7.328989028930664","7.328989028930664"
"577","7.658422946929932","7.658422946929932","7.658422946929932"
"578","8.08549690246582","8.08549690246582","8.08549690246582"
"579","7.826653003692627","7.826653003692627","7.826653003692627"
"580","8.776036262512207","8.776036262512207","8.776036262512207"
"581","7.639493942260742","7.639493942260742","7.639493942260742"
"582","7.0025410652160645","7.0025410652160645","7.0025410652160645"
"583","9.028502464294434","9.028502464294434","9.028502464294434"
"584","6.304649829864502","6.304649829864502","6.304649829864502"
"585","7.89980936050415","7.89980936050415","7.89980936050415"
"586","6.811936378479004","6.811936378479004","6.811936378479004"
"587","7.710883140563965","7.710883140563965","7.710883140563965"
"588","6.940816402435303","6.940816402435303","6.940816402435303"
"589","8.939868927001953","8.939868927001953","8.939868927001953"
"590","8.557977676391602","8.557977676391602","8.557977676391602"
"591","8.13624382019043","8.13624382019043","8.13624382019043"
"592","7.724985599517822","7.724985599517822","7.724985599517822"
"593","6.994225978851318","6.994225978851318","6.994225978851318"
"594","8.22824764251709","8.22824764251709","8.22824764251709"
"595","8.43543815612793","8.43543815612793","8.43543815612793"
"596","6.838700294494629","6.838700294494629","6.838700294494629"
"597","8.180912017822266","8.180912017822266","8.180912017822266"
"598","7.606593608856201","7.606593608856201","7.606593608856201"
"599","6.820515155792236","6.820515155792236","6.820515155792236"
"600","8.129339218139648","8.129339218139648","8.129339218139648"
"601","7.151003360748291","7.151003360748291","7.151003360748291"
"602","7.990713596343994","7.990713596343994","7.990713596343994"
"603","7.655084609985352","7.655084609985352","7.655084609985352"
"604","9.129987716674805","9.129987716674805","9.129987716674805"
"605","7.112043380737305","7.112043380737305","7.112043380737305"
"606","7.649362564086914","7.649362564086914","7.649362564086914"
"607","7.740849018096924","7.740849018096924","7.740849018096924"
"608","8.0558500289917","8.0558500289917","8.0558500289917"
"609","7.27262544631958","7.27262544631958","7.27262544631958"
"610","7.462530612945557","7.462530612945557","7.462530612945557"
"611","9.459431648254395","9.459431648254395","9.459431648254395"
"612","8.07651424407959","8.07651424407959","8.07651424407959"
"613","7.242403507232666","7.242403507232666","7.242403507232666"
"614","8.549576759338379","8.549576759338379","8.549576759338379"
"615","7.202600955963135","7.202600955963135","7.202600955963135"
"616","7.723625659942627","7.723625659942627","7.723625659942627"
"617","8.260157585144043","8.260157585144043","8.260157585144043"
"618","7.907724380493164","7.907724380493164","7.907724380493164"
"619","7.250391006469727","7.250391006469727","7.250391006469727"
"620","7.772924423217773","7.772924423217773","7.772924423217773"
"621","7.3311333656311035","7.3311333656311035","7.3311333656311035"
"622","8.12087631225586","8.12087631225586","8.12087631225586"
"623","8.146953582763672","8.146953582763672","8.146953582763672"
"624","8.811860084533691","8.811860084533691","8.811860084533691"
"625","8.164810180664062","8.164810180664062","8.164810180664062"
"626","7.678720951080322","7.678720951080322","7.678720951080322"
"627","8.275429725646973","8.275429725646973","8.275429725646973"
"628","7.002930164337158","7.002930164337158","7.002930164337158"
"629","7.840698719024658","7.840698719024658","7.840698719024658"
"630","7.541494846343994","7.541494846343994","7.541494846343994"
"631","7.135616779327393","7.135616779327393","7.135616779327393"
"632","8.152738571166992","8.152738571166992","8.152738571166992"
"633","7.488351821899414","7.488351821899414","7.488351821899414"
"634","7.370927810668945","7.370927810668945","7.370927810668945"
"635","8.616711616516113","8.616711616516113","8.616711616516113"
"636","7.895091533660889","7.895091533660889","7.895091533660889"
"637","8.274176597595215","8.274176597595215","8.274176597595215"
"638","7.571499824523926","7.571499824523926","7.571499824523926"
"639","7.586871147155762","7.586871147155762","7.586871147155762"
"640","7.670553684234619","7.670553684234619","7.670553684234619"
"641","7.818486213684082","7.818486213684082","7.818486213684082"
"642","8.437749862670898","8.437749862670898","8.437749862670898"
"643","7.673824787139893","7.673824787139893","7.673824787139893"
"644","7.315202236175537","7.315202236175537","7.315202236175537"
"645","7.827386379241943","7.827386379241943","7.827386379241943"
"646","8.183350563049316","8.183350563049316","8.183350563049316"
"647","8.535609245300293","8.535609245300293","8.535609245300293"
"648","8.289525985717773","8.289525985717773","8.289525985717773"
"649","7.301186561584473","7.301186561584473","7.301186561584473"
"650","7.924225807189941","7.924225807189941","7.924225807189941"
"651","7.343747138977051","7.343747138977051","7.343747138977051"
"652","7.303339004516602","7.303339004516602","7.303339004516602"
"653","7.969201564788818","7.969201564788818","7.969201564788818"
"654","7.8963093757629395","7.8963093757629395","7.8963093757629395"
"655","9.089460372924805","9.089460372924805","9.089460372924805"
"656","7.577075004577637","7.577075004577637","7.577075004577637"
"657","8.847867965698242","8.847867965698242","8.847867965698242"
"658","8.173802375793457","8.173802375793457","8.173802375793457"
"659","8.001968383789062","8.001968383789062","8.001968383789062"
"660","8.36175537109375","8.36175537109375","8.36175537109375"
"661","7.87935733795166","7.87935733795166","7.87935733795166"
"662","8.402742385864258","8.402742385864258","8.402742385864258"
"663","8.400640487670898","8.400640487670898","8.400640487670898"
"664","8.053362846374512","8.053362846374512","8.053362846374512"
"665","6.689324378967285","6.689324378967285","6.689324378967285"
"666","6.6868815422058105","6.6868815422058105","6.6868815422058105"
"667","8.826519012451172","8.826519012451172","8.826519012451172"
"668","8.103747367858887","8.103747367858887","8.103747367858887"
"669","7.258143424987793","7.258143424987793","7.258143424987793"
"670","6.510125637054443","6.510125637054443","6.510125637054443"
"671","8.636140823364258","8.636140823364258","8.636140823364258"
"672","7.744252681732178","7.744252681732178","7.744252681732178"
"673","7.820028781890869","7.820028781890869","7.820028781890869"
"674","7.165689468383789","7.165689468383789","7.165689468383789"
"675","8.265734672546387","8.265734672546387","8.265734672546387"
"676","9.321697235107422","9.321697235107422","9.321697235107422"
"677","8.26408576965332","8.26408576965332","8.26408576965332"
"678","8.125589370727539","8.125589370727539","8.125589370727539"
"679","7.010523796081543","7.010523796081543","7.010523796081543"
"680","8.187830924987793","8.187830924987793","8.187830924987793"
"681","9.537590026855469","9.537590026855469","9.537590026855469"
"682","7.0646867752075195","7.0646867752075195","7.0646867752075195"
"683","8.038016319274902","8.038016319274902","8.038016319274902"
"684","6.5289387702941895","6.5289387702941895","6.5289387702941895"
"685","8.558076858520508","8.558076858520508","8.558076858520508"
"686","7.6464338302612305","7.6464338302612305","7.6464338302612305"
"687","7.88744592666626","7.88744592666626","7.88744592666626"
"688","6.942568778991699","6.942568778991699","6.942568778991699"
"689","7.25932502746582","7.25932502746582","7.25932502746582"
"690","8.086681365966797","8.086681365966797","8.086681365966797"
"691","8.623774528503418","8.623774528503418","8.623774528503418"
"692","7.7124128341674805","7.7124128341674805","7.7124128341674805"
"693","6.786116600036621","6.786116600036621","6.786116600036621"
"694","7.232797145843506","7.232797145843506","7.232797145843506"
"695","7.524867057800293","7.524867057800293","7.524867057800293"
"696","7.302926063537598","7.302926063537598","7.302926063537598"
"697","8.355907440185547","8.355907440185547","8.355907440185547"
"698","8.405264854431152","8.405264854431152","8.405264854431152"
"699","7.600508689880371","7.600508689880371","7.600508689880371"
"700","7.869132995605469","7.869132995605469","7.869132995605469"
"701","7.5130228996276855","7.5130228996276855","7.5130228996276855"
"702","8.26106071472168","8.26106071472168","8.26106071472168"
"703","8.204399108886719","8.204399108886719","8.204399108886719"
"704","7.595640659332275","7.595640659332275","7.595640659332275"
"705","7.812715530395508","7.812715530395508","7.812715530395508"
"706","7.1956634521484375","7.1956634521484375","7.1956634521484375"
"707","7.173948764801025","7.173948764801025","7.173948764801025"
"708","6.257707595825195","6.257707595825195","6.257707595825195"
"709","6.550086498260498","6.550086498260498","6.550086498260498"
"710","8.656005859375","8.656005859375","8.656005859375"
"711","7.494724273681641","7.494724273681641","7.494724273681641"
"712","9.220736503601074","9.220736503601074","9.220736503601074"
"713","7.168923854827881","7.168923854827881","7.168923854827881"
"714","7.536073684692383","7.536073684692383","7.536073684692383"
"715","7.444769859313965","7.444769859313965","7.444769859313965"
"716","6.957756519317627","6.957756519317627","6.957756519317627"
"717","7.445911884307861","7.445911884307861","7.445911884307861"
"718","7.7177252769470215","7.7177252769470215","7.7177252769470215"
"719","7.704300880432129","7.704300880432129","7.704300880432129"
"720","7.419891357421875","7.419891357421875","7.419891357421875"
"721","7.247217655181885","7.247217655181885","7.247217655181885"
"722","9.007614135742188","9.007614135742188","9.007614135742188"
"723","6.869347095489502","6.869347095489502","6.869347095489502"
"724","6.785463809967041","6.785463809967041","6.785463809967041"
"725","7.5187530517578125","7.5187530517578125","7.5187530517578125"
"726","6.258638381958008","6.258638381958008","6.258638381958008"
"727","6.845046520233154","6.845046520233154","6.845046520233154"
"728","6.950974941253662","6.950974941253662","6.950974941253662"
"729","7.495883941650391","7.495883941650391","7.495883941650391"
"730","7.106011390686035","7.106011390686035","7.106011390686035"
"731","6.974276542663574","6.974276542663574","6.974276542663574"
"732","7.263317108154297","7.263317108154297","7.263317108154297"
"733","8.17764949798584","8.17764949798584","8.17764949798584"
"734","7.9651312828063965","7.9651312828063965","7.9651312828063965"
"735","7.080939292907715","7.080939292907715","7.080939292907715"
"736","8.455486297607422","8.455486297607422","8.455486297607422"
"737","7.929803848266602","7.929803848266602","7.929803848266602"
"738","7.939801216125488","7.939801216125488","7.939801216125488"
"739","8.176374435424805","8.176374435424805","8.176374435424805"
"740","7.40925407409668","7.40925407409668","7.40925407409668"
"741","7.188348770141602","7.188348770141602","7.188348770141602"
"742","7.613283157348633","7.613283157348633","7.613283157348633"
"743","7.607386112213135","7.607386112213135","7.607386112213135"
"744","6.759617328643799","6.759617328643799","6.759617328643799"
"745","7.14903450012207","7.14903450012207","7.14903450012207"
"746","7.787134647369385","7.787134647369385","7.787134647369385"
"747","7.528061389923096","7.528061389923096","7.528061389923096"
"748","8.009757995605469","8.009757995605469","8.009757995605469"
"749","7.374110221862793","7.374110221862793","7.374110221862793"
"750","8.427427291870117","8.427427291870117","8.427427291870117"
"751","7.346258163452148","7.346258163452148","7.346258163452148"
"752","8.735469818115234","8.735469818115234","8.735469818115234"
"753","7.388364791870117","7.388364791870117","7.388364791870117"
"754","9.260821342468262","9.260821342468262","9.260821342468262"
"755","7.163508415222168","7.163508415222168","7.163508415222168"
"756","7.2924723625183105","7.2924723625183105","7.2924723625183105"
"757","7.13703727722168","7.13703727722168","7.13703727722168"
"758","8.50058364868164","8.50058364868164","8.50058364868164"
"759","8.010858535766602","8.010858535766602","8.010858535766602"
"760","7.761032581329346","7.761032581329346","7.761032581329346"
"761","7.306967735290527","7.306967735290527","7.306967735290527"
"762","7.945501327514648","7.945501327514648","7.945501327514648"
"763","7.468639850616455","7.468639850616455","7.468639850616455"
"764","8.64113998413086","8.64113998413086","8.64113998413086"
"765","7.401152610778809","7.401152610778809","7.401152610778809"
"766","7.422367572784424","7.422367572784424","7.422367572784424"
"767","7.504423141479492","7.504423141479492","7.504423141479492"
"768","7.07365083694458","7.07365083694458","7.07365083694458"
"769","7.326387405395508","7.326387405395508","7.326387405395508"
"770","7.664417266845703","7.664417266845703","7.664417266845703"
"771","7.801003932952881","7.801003932952881","7.801003932952881"
"772","7.502623081207275","7.502623081207275","7.502623081207275"
"773","7.601773738861084","7.601773738861084","7.601773738861084"
"774","8.318845748901367","8.318845748901367","8.318845748901367"
"775","7.672265529632568","7.672265529632568","7.672265529632568"
"776","6.311280727386475","6.311280727386475","6.311280727386475"
"777","7.490024566650391","7.490024566650391","7.490024566650391"
"778","7.425395965576172","7.425395965576172","7.425395965576172"
"779","7.727937698364258","7.727937698364258","7.727937698364258"
"780","7.069365501403809","7.069365501403809","7.069365501403809"
"781","8.567436218261719","8.567436218261719","8.567436218261719"
"782","6.701890468597412","6.701890468597412","6.701890468597412"
"783","6.840541839599609","6.840541839599609","6.840541839599609"
"784","7.838788986206055","7.838788986206055","7.838788986206055"
"785","7.375019550323486","7.375019550323486","7.375019550323486"
"786","7.451690673828125","7.451690673828125","7.451690673828125"
"787","7.92368745803833","7.92368745803833","7.92368745803833"
"788","7.346883296966553","7.346883296966553","7.346883296966553"
"789","8.19479751586914","8.19479751586914","8.19479751586914"
"790","8.152836799621582","8.152836799621582","8.152836799621582"
"791","6.688579082489014","6.688579082489014","6.688579082489014"
"792","8.121071815490723","8.121071815490723","8.121071815490723"
"793","8.18258285522461","8.18258285522461","8.18258285522461"
"794","7.648800849914551","7.648800849914551","7.648800849914551"
"795","6.917430400848389","6.917430400848389","6.917430400848389"
"796","7.048274993896484","7.048274993896484","7.048274993896484"
"797","7.958720684051514","7.958720684051514","7.958720684051514"
"798","8.295045852661133","8.295045852661133","8.295045852661133"
"799","7.983194351196289","7.983194351196289","7.983194351196289"
"800","8.057159423828125","8.057159423828125","8.057159423828125"
"801","8.142739295959473","8.142739295959473","8.142739295959473"
"802","8.787765502929688","8.787765502929688","8.787765502929688"
"803","7.453824996948242","7.453824996948242","7.453824996948242"
"804","7.4559173583984375","7.4559173583984375","7.4559173583984375"
"805","7.1986403465271","7.1986403465271","7.1986403465271"
"806","7.660788536071777","7.660788536071777","7.660788536071777"
"807","7.670852184295654","7.670852184295654","7.670852184295654"
"808","7.597275733947754","7.597275733947754","7.597275733947754"
"809","7.257050514221191","7.257050514221191","7.257050514221191"
"810","6.802350044250488","6.802350044250488","6.802350044250488"
"811","8.829846382141113","8.829846382141113","8.829846382141113"
"812","7.9910969734191895","7.9910969734191895","7.9910969734191895"
"813","6.9587297439575195","6.9587297439575195","6.9587297439575195"
"814","8.20419979095459","8.20419979095459","8.20419979095459"
"815","7.342937469482422","7.342937469482422","7.342937469482422"
"816","6.924188613891602","6.924188613891602","6.924188613891602"
"817","8.5096435546875","8.5096435546875","8.5096435546875"
"818","7.1114935874938965","7.1114935874938965","7.1114935874938965"
"819","6.893209457397461","6.893209457397461","6.893209457397461"
"820","7.777894496917725","7.777894496917725","7.777894496917725"
"821","7.532135963439941","7.532135963439941","7.532135963439941"
"822","8.749102592468262","8.749102592468262","8.749102592468262"
"823","8.572723388671875","8.572723388671875","8.572723388671875"
"824","7.476402282714844","7.476402282714844","7.476402282714844"
"825","7.040438652038574","7.040438652038574","7.040438652038574"
"826","8.060343742370605","8.060343742370605","8.060343742370605"
"827","6.137732028961182","6.137732028961182","6.137732028961182"
"828","8.166345596313477","8.166345596313477","8.166345596313477"
"829","7.074341773986816","7.074341773986816","7.074341773986816"
"830","8.410517692565918","8.410517692565918","8.410517692565918"
"831","9.073277473449707","9.073277473449707","9.073277473449707"
"832","8.118049621582031","8.118049621582031","8.118049621582031"
"833","7.032751083374023","7.032751083374023","7.032751083374023"
"834","7.094200611114502","7.094200611114502","7.094200611114502"
"835","8.094700813293457","8.094700813293457","8.094700813293457"
"836","7.270597457885742","7.270597457885742","7.270597457885742"
"837","7.432502746582031","7.432502746582031","7.432502746582031"
"838","9.117231369018555","9.117231369018555","9.117231369018555"
"839","7.890252113342285","7.890252113342285","7.890252113342285"
"840","7.8562421798706055","7.8562421798706055","7.8562421798706055"
"841","6.792985916137695","6.792985916137695","6.792985916137695"
"842","8.002452850341797","8.002452850341797","8.002452850341797"
"843","7.571192264556885","7.571192264556885","7.571192264556885"
"844","7.916423320770264","7.916423320770264","7.916423320770264"
"845","6.631791114807129","6.631791114807129","6.631791114807129"
"846","8.159503936767578","8.159503936767578","8.159503936767578"
"847","7.60380220413208","7.60380220413208","7.60380220413208"
"848","7.25722599029541","7.25722599029541","7.25722599029541"
"849","8.63123607635498","8.63123607635498","8.63123607635498"
"850","7.031185150146484","7.031185150146484","7.031185150146484"
"851","7.456071376800537","7.456071376800537","7.456071376800537"
"852","7.7965168952941895","7.7965168952941895","7.7965168952941895"
"853","6.629461288452148","6.629461288452148","6.629461288452148"
"854","7.856659412384033","7.856659412384033","7.856659412384033"
"855","6.4784393310546875","6.4784393310546875","6.4784393310546875"
"856","8.392871856689453","8.392871856689453","8.392871856689453"
"857","7.690514087677002","7.690514087677002","7.690514087677002"
"858","7.849853992462158","7.849853992462158","7.849853992462158"
"859","7.27764368057251","7.27764368057251","7.27764368057251"
"860","8.997653007507324","8.997653007507324","8.997653007507324"
"861","6.731456279754639","6.731456279754639","6.731456279754639"
"862","7.372197151184082","7.372197151184082","7.372197151184082"
"863","6.96026611328125","6.96026611328125","6.96026611328125"
"864","9.076882362365723","9.076882362365723","9.076882362365723"
"865","7.696977615356445","7.696977615356445","7.696977615356445"
"866","8.684633255004883","8.684633255004883","8.684633255004883"
"867","7.5285749435424805","7.5285749435424805","7.5285749435424805"
"868","7.93039083480835","7.93039083480835","7.93039083480835"
"869","7.372893333435059","7.372893333435059","7.372893333435059"
"870","7.96099853515625","7.96099853515625","7.96099853515625"
"871","7.311668872833252","7.311668872833252","7.311668872833252"
"872","7.48423957824707","7.48423957824707","7.48423957824707"
"873","7.864471435546875","7.864471435546875","7.864471435546875"
"874","8.2045259475708","8.2045259475708","8.2045259475708"
"875","8.09035587310791","8.09035587310791","8.09035587310791"
"876","7.3149261474609375","7.3149261474609375","7.3149261474609375"
"877","8.852458000183105","8.852458000183105","8.852458000183105"
"878","7.4080891609191895","7.4080891609191895","7.4080891609191895"
"879","7.591350555419922","7.591350555419922","7.591350555419922"
"880","6.367443561553955","6.367443561553955","6.367443561553955"
"881","10.1807861328125","10.1807861328125","10.1807861328125"
"882","7.110794544219971","7.110794544219971","7.110794544219971"
"883","8.550294876098633","8.550294876098633","8.550294876098633"
"884","6.770638942718506","6.770638942718506","6.770638942718506"
"885","8.486628532409668","8.486628532409668","8.486628532409668"
"886","8.135407447814941","8.135407447814941","8.135407447814941"
"887","6.825225353240967","6.825225353240967","6.825225353240967"
"888","8.44047737121582","8.44047737121582","8.44047737121582"
"889","7.843378067016602","7.843378067016602","7.843378067016602"
"890","8.024988174438477","8.024988174438477","8.024988174438477"
"891","7.157202243804932","7.157202243804932","7.157202243804932"
"892","8.561738967895508","8.561738967895508","8.561738967895508"
"893","7.312258720397949","7.312258720397949","7.312258720397949"
"894","8.022753715515137","8.022753715515137","8.022753715515137"
"895","7.906615734100342","7.906615734100342","7.906615734100342"
"896","7.409595966339111","7.409595966339111","7.409595966339111"
"897","7.967533588409424","7.967533588409424","7.967533588409424"
"898","6.312697887420654","6.312697887420654","6.312697887420654"
"899","7.610745429992676","7.610745429992676","7.610745429992676"
"900","7.1562957763671875","7.1562957763671875","7.1562957763671875"
"901","8.508787155151367","8.508787155151367","8.508787155151367"
"902","7.427268981933594","7.427268981933594","7.427268981933594"
"903","8.088293075561523","8.088293075561523","8.088293075561523"
"904","7.543834686279297","7.543834686279297","7.543834686279297"
"905","8.152308464050293","8.152308464050293","8.152308464050293"
"906","7.977082252502441","7.977082252502441","7.977082252502441"
"907","6.97990083694458","6.97990083694458","6.97990083694458"
"908","7.120625019073486","7.120625019073486","7.120625019073486"
"909","7.777409553527832","7.777409553527832","7.777409553527832"
"910","8.180123329162598","8.180123329162598","8.180123329162598"
"911","8.308735847473145","8.308735847473145","8.308735847473145"
"912","7.653935432434082","7.653935432434082","7.653935432434082"
"913","7.9957427978515625","7.9957427978515625","7.9957427978515625"
"914","7.60768985748291","7.60768985748291","7.60768985748291"
"915","6.688488006591797","6.688488006591797","6.688488006591797"
"916","8.172937393188477","8.172937393188477","8.172937393188477"
"917","7.555905818939209","7.555905818939209","7.555905818939209"
"918","7.970176696777344","7.970176696777344","7.970176696777344"
"919","7.667600631713867","7.667600631713867","7.667600631713867"
"920","7.001056671142578","7.001056671142578","7.001056671142578"
"921","7.456176280975342","7.456176280975342","7.456176280975342"
"922","8.299325942993164","8.299325942993164","8.299325942993164"
"923","8.073236465454102","8.073236465454102","8.073236465454102"
"924","8.825810432434082","8.825810432434082","8.825810432434082"
"925","7.613908290863037","7.613908290863037","7.613908290863037"
"926","7.683712005615234","7.683712005615234","7.683712005615234"
"927","7.82558012008667","7.82558012008667","7.82558012008667"
"928","8.713973045349121","8.713973045349121","8.713973045349121"
"929","7.445645809173584","7.445645809173584","7.445645809173584"
"930","7.795968055725098","7.795968055725098","7.795968055725098"
"931","8.638628959655762","8.638628959655762","8.638628959655762"
"932","7.916446685791016","7.916446685791016","7.916446685791016"
"933","7.687617301940918","7.687617301940918","7.687617301940918"
"934","8.73093318939209","8.73093318939209","8.73093318939209"
"935","7.8763813972473145","7.8763813972473145","7.8763813972473145"
"936","8.141470909118652","8.141470909118652","8.141470909118652"
"937","7.78719425201416","7.78719425201416","7.78719425201416"
"938","7.459292888641357","7.459292888641357","7.459292888641357"
"939","8.247159957885742","8.247159957885742","8.247159957885742"
"940","8.15187931060791","8.15187931060791","8.15187931060791"
"941","7.076719284057617","7.076719284057617","7.076719284057617"
"942","6.956625461578369","6.956625461578369","6.956625461578369"
"943","6.941335201263428","6.941335201263428","6.941335201263428"
"944","7.490469932556152","7.490469932556152","7.490469932556152"
"945","8.61273193359375","8.61273193359375","8.61273193359375"
"946","7.614814281463623","7.614814281463623","7.614814281463623"
"947","7.002180576324463","7.002180576324463","7.002180576324463"
"948","8.218230247497559","8.218230247497559","8.218230247497559"
"949","7.25863790512085","7.25863790512085","7.25863790512085"
"950","7.785282135009766","7.785282135009766","7.785282135009766"
"951","7.23590612411499","7.23590612411499","7.23590612411499"
"952","7.907585620880127","7.907585620880127","7.907585620880127"
"953","8.37651252746582","8.37651252746582","8.37651252746582"
"954","7.444622993469238","7.444622993469238","7.444622993469238"
"955","7.542703151702881","7.542703151702881","7.542703151702881"
"956","7.443849563598633","7.443849563598633","7.443849563598633"
"957","8.615839958190918","8.615839958190918","8.615839958190918"
"958","7.274238109588623","7.274238109588623","7.274238109588623"
"959","7.491743087768555","7.491743087768555","7.491743087768555"
"960","8.780710220336914","8.780710220336914","8.780710220336914"
"961","6.73458194732666","6.73458194732666","6.73458194732666"
"962","9.149386405944824","9.149386405944824","9.149386405944824"
"963","7.442045211791992","7.442045211791992","7.442045211791992"
"964","6.700780868530273","6.700780868530273","6.700780868530273"
"965","6.639402866363525","6.639402866363525","6.639402866363525"
"966","6.8759894371032715","6.8759894371032715","6.8759894371032715"
"967","7.484573841094971","7.484573841094971","7.484573841094971"
"968","7.332883358001709","7.332883358001709","7.332883358001709"
"969","8.749464988708496","8.749464988708496","8.749464988708496"
"970","7.97452974319458","7.97452974319458","7.97452974319458"
"971","6.818099498748779","6.818099498748779","6.818099498748779"
"972","8.045283317565918","8.045283317565918","8.045283317565918"
"973","7.244707107543945","7.244707107543945","7.244707107543945"
"974","7.213314533233643","7.213314533233643","7.213314533233643"
"975","8.417438507080078","8.417438507080078","8.417438507080078"
"976","8.023366928100586","8.023366928100586","8.023366928100586"
"977","7.790544509887695","7.790544509887695","7.790544509887695"
"978","6.956705570220947","6.956705570220947","6.956705570220947"
"979","7.198732376098633","7.198732376098633","7.198732376098633"
"980","8.074560165405273","8.074560165405273","8.074560165405273"
"981","7.132994651794434","7.132994651794434","7.132994651794434"
"982","7.833576679229736","7.833576679229736","7.833576679229736"
"983","7.547861099243164","7.547861099243164","7.547861099243164"
"984","7.079995155334473","7.079995155334473","7.079995155334473"
"985","7.518368721008301","7.518368721008301","7.518368721008301"
"986","7.077909469604492","7.077909469604492","7.077909469604492"
"987","7.78835391998291","7.78835391998291","7.78835391998291"
"988","6.98601770401001","6.98601770401001","6.98601770401001"
"989","7.950684547424316","7.950684547424316","7.950684547424316"
"990","7.398257732391357","7.398257732391357","7.398257732391357"
"991","7.062276363372803","7.062276363372803","7.062276363372803"
"992","7.568264007568359","7.568264007568359","7.568264007568359"
"993","6.723878860473633","6.723878860473633","6.723878860473633"
"994","7.027344226837158","7.027344226837158","7.027344226837158"
"995","7.726507186889648","7.726507186889648","7.726507186889648"
"996","7.665329456329346","7.665329456329346","7.665329456329346"
"997","7.328117847442627","7.328117847442627","7.328117847442627"
"998","7.884307384490967","7.884307384490967","7.884307384490967"
"999","9.568071365356445","9.568071365356445","9.568071365356445"
"1000","6.724722385406494","6.724722385406494","6.724722385406494"
"1001","7.162628650665283","7.162628650665283","7.162628650665283"
"1002","8.03031063079834","8.03031063079834","8.03031063079834"
"1003","6.321137428283691","6.321137428283691","6.321137428283691"
"1004","6.932313442230225","6.932313442230225","6.932313442230225"
"1005","7.789839267730713","7.789839267730713","7.789839267730713"
"1006","7.458552837371826","7.458552837371826","7.458552837371826"
"1007","7.148637294769287","7.148637294769287","7.148637294769287"
"1008","7.213932037353516","7.213932037353516","7.213932037353516"
"1009","7.472593784332275","7.472593784332275","7.472593784332275"
"1010","6.478731155395508","6.478731155395508","6.478731155395508"
"1011","7.540996074676514","7.540996074676514","7.540996074676514"
"1012","7.020052433013916","7.020052433013916","7.020052433013916"
"1013","7.7791361808776855","7.7791361808776855","7.7791361808776855"
"1014","7.102663993835449","7.102663993835449","7.102663993835449"
"1015","6.670558929443359","6.670558929443359","6.670558929443359"
"1016","7.846459865570068","7.846459865570068","7.846459865570068"
"1017","8.417137145996094","8.417137145996094","8.417137145996094"
"1018","8.14265251159668","8.14265251159668","8.14265251159668"
"1019","7.875217437744141","7.875217437744141","7.875217437744141"
"1020","8.082924842834473","8.082924842834473","8.082924842834473"
"1021","7.643195152282715","7.643195152282715","7.643195152282715"
"1022","6.896054744720459","6.896054744720459","6.896054744720459"
"1023","7.631280899047852","7.631280899047852","7.631280899047852"
"1024","7.403363227844238","7.403363227844238","7.403363227844238"
"1025","8.252350807189941","8.252350807189941","8.252350807189941"
"1026","7.308151721954346","7.308151721954346","7.308151721954346"
"1027","7.446296215057373","7.446296215057373","7.446296215057373"
"1028","8.532623291015625","8.532623291015625","8.532623291015625"
"1029","7.919590950012207","7.919590950012207","7.919590950012207"
"1030","8.713913917541504","8.713913917541504","8.713913917541504"
"1031","9.017016410827637","9.017016410827637","9.017016410827637"
"1032","8.698448181152344","8.698448181152344","8.698448181152344"
"1033","8.709396362304688","8.709396362304688","8.709396362304688"
"1034","7.0231099128723145","7.0231099128723145","7.0231099128723145"
"1035","8.852927207946777","8.852927207946777","8.852927207946777"
"1036","8.036600112915039","8.036600112915039","8.036600112915039"
"1037","7.02793550491333","7.02793550491333","7.02793550491333"
"1038","8.77830696105957","8.77830696105957","8.77830696105957"
"1039","8.493754386901855","8.493754386901855","8.493754386901855"
"1040","8.213794708251953","8.213794708251953","8.213794708251953"
"1041","7.7316107749938965","7.7316107749938965","7.7316107749938965"
"1042","7.524453163146973","7.524453163146973","7.524453163146973"
"1043","7.247279644012451","7.247279644012451","7.247279644012451"
"1044","8.011265754699707","8.011265754699707","8.011265754699707"
"1045","8.1521577835083","8.1521577835083","8.1521577835083"
"1046","7.412276744842529","7.412276744842529","7.412276744842529"
"1047","7.546642303466797","7.546642303466797","7.546642303466797"
"1048","6.892271518707275","6.892271518707275","6.892271518707275"
"1049","7.254687786102295","7.254687786102295","7.254687786102295"
"1050","7.6951680183410645","7.6951680183410645","7.6951680183410645"
"1051","8.225704193115234","8.225704193115234","8.225704193115234"
"1052","9.025467872619629","9.025467872619629","9.025467872619629"
"1053","7.914931774139404","7.914931774139404","7.914931774139404"
"1054","6.780148506164551","6.780148506164551","6.780148506164551"
"1055","7.051895618438721","7.051895618438721","7.051895618438721"
"1056","7.790677547454834","7.790677547454834","7.790677547454834"
"1057","6.796876907348633","6.796876907348633","6.796876907348633"
"1058","6.69335412979126","6.69335412979126","6.69335412979126"
"1059","6.8332390785217285","6.8332390785217285","6.8332390785217285"
"1060","7.2888288497924805","7.2888288497924805","7.2888288497924805"
"1061","8.303056716918945","8.303056716918945","8.303056716918945"
"1062","7.286446571350098","7.286446571350098","7.286446571350098"
"1063","7.263415813446045","7.263415813446045","7.263415813446045"
"1064","7.874438285827637","7.874438285827637","7.874438285827637"
"1065","7.25852632522583","7.25852632522583","7.25852632522583"
"1066","8.220245361328125","8.220245361328125","8.220245361328125"
"1067","7.95815896987915","7.95815896987915","7.95815896987915"
"1068","7.626318454742432","7.626318454742432","7.626318454742432"
"1069","7.526850700378418","7.526850700378418","7.526850700378418"
"1070","8.24337387084961","8.24337387084961","8.24337387084961"
"1071","8.138872146606445","8.138872146606445","8.138872146606445"
"1072","7.313297271728516","7.313297271728516","7.313297271728516"
"1073","8.544194221496582","8.544194221496582","8.544194221496582"
"1074","6.950019836425781","6.950019836425781","6.950019836425781"
"1075","8.383214950561523","8.383214950561523","8.383214950561523"
"1076","6.468080043792725","6.468080043792725","6.468080043792725"
"1077","7.451010704040527","7.451010704040527","7.451010704040527"
"1078","8.062688827514648","8.062688827514648","8.062688827514648"
"1079","9.471586227416992","9.471586227416992","9.471586227416992"
"1080","7.806300640106201","7.806300640106201","7.806300640106201"
"1081","8.37669563293457","8.37669563293457","8.37669563293457"
"1082","7.2213873863220215","7.2213873863220215","7.2213873863220215"
"1083","7.534959316253662","7.534959316253662","7.534959316253662"
"1084","7.596058368682861","7.596058368682861","7.596058368682861"
"1085","7.715270519256592","7.715270519256592","7.715270519256592"
"1086","8.145209312438965","8.145209312438965","8.145209312438965"
"1087","7.248263359069824","7.248263359069824","7.248263359069824"
"1088","9.629530906677246","9.629530906677246","9.629530906677246"
"1089","8.105886459350586","8.105886459350586","8.105886459350586"
"1090","7.412604331970215","7.412604331970215","7.412604331970215"
"1091","8.11695671081543","8.11695671081543","8.11695671081543"
"1092","7.580291748046875","7.580291748046875","7.580291748046875"
"1093","8.340889930725098","8.340889930725098","8.340889930725098"
"1094","6.465394973754883","6.465394973754883","6.465394973754883"
"1095","7.385222434997559","7.385222434997559","7.385222434997559"
"1096","6.650448799133301","6.650448799133301","6.650448799133301"
"1097","8.524778366088867","8.524778366088867","8.524778366088867"
"1098","8.312165260314941","8.312165260314941","8.312165260314941"
"1099","8.487585067749023","8.487585067749023","8.487585067749023"
"1100","6.987074851989746","6.987074851989746","6.987074851989746"
"1101","9.21817398071289","9.21817398071289","9.21817398071289"
"1102","7.320104122161865","7.320104122161865","7.320104122161865"
"1103","8.464309692382812","8.464309692382812","8.464309692382812"
"1104","6.620389938354492","6.620389938354492","6.620389938354492"
"1105","8.827935218811035","8.827935218811035","8.827935218811035"
"1106","8.74174976348877","8.74174976348877","8.74174976348877"
"1107","7.740324974060059","7.740324974060059","7.740324974060059"
"1108","7.948941230773926","7.948941230773926","7.948941230773926"
"1109","8.022652626037598","8.022652626037598","8.022652626037598"
"1110","7.477138996124268","7.477138996124268","7.477138996124268"
"1111","8.425631523132324","8.425631523132324","8.425631523132324"
"1112","8.17338752746582","8.17338752746582","8.17338752746582"
"1113","7.303799152374268","7.303799152374268","7.303799152374268"
"1114","7.148065567016602","7.148065567016602","7.148065567016602"
"1115","8.480720520019531","8.480720520019531","8.480720520019531"
"1116","7.664057731628418","7.664057731628418","7.664057731628418"
"1117","7.556366443634033","7.556366443634033","7.556366443634033"
"1118","6.7584228515625","6.7584228515625","6.7584228515625"
"1119","8.160210609436035","8.160210609436035","8.160210609436035"
"1120","7.559008598327637","7.559008598327637","7.559008598327637"
"1121","7.890369892120361","7.890369892120361","7.890369892120361"
"1122","7.394188404083252","7.394188404083252","7.394188404083252"
"1123","7.473127841949463","7.473127841949463","7.473127841949463"
"1124","7.398465633392334","7.398465633392334","7.398465633392334"
"1125","7.704301834106445","7.704301834106445","7.704301834106445"
"1126","7.56981897354126","7.56981897354126","7.56981897354126"
"1127","7.503211498260498","7.503211498260498","7.503211498260498"
"1128","8.465824127197266","8.465824127197266","8.465824127197266"
"1129","7.883483409881592","7.883483409881592","7.883483409881592"
"1130","7.381811618804932","7.381811618804932","7.381811618804932"
"1131","7.535552978515625","7.535552978515625","7.535552978515625"
"1132","6.97607421875","6.97607421875","6.97607421875"
"1133","7.420098781585693","7.420098781585693","7.420098781585693"
"1134","9.058533668518066","9.058533668518066","9.058533668518066"
"1135","7.6608099937438965","7.6608099937438965","7.6608099937438965"
"1136","7.295895576477051","7.295895576477051","7.295895576477051"
"1137","8.210692405700684","8.210692405700684","8.210692405700684"
"1138","6.500483512878418","6.500483512878418","6.500483512878418"
"1139","8.210895538330078","8.210895538330078","8.210895538330078"
"1140","7.293180465698242","7.293180465698242","7.293180465698242"
"1141","7.037998676300049","7.037998676300049","7.037998676300049"
"1142","6.973330497741699","6.973330497741699","6.973330497741699"
"1143","7.841022968292236","7.841022968292236","7.841022968292236"
"1144","8.224092483520508","8.224092483520508","8.224092483520508"
"1145","8.827072143554688","8.827072143554688","8.827072143554688"
"1146","7.21035099029541","7.21035099029541","7.21035099029541"
"1147","8.284412384033203","8.284412384033203","8.284412384033203"
"1148","7.080047607421875","7.080047607421875","7.080047607421875"
"1149","7.371852874755859","7.371852874755859","7.371852874755859"
"1150","8.415522575378418","8.415522575378418","8.415522575378418"
"1151","7.846376419067383","7.846376419067383","7.846376419067383"
"1152","7.4897613525390625","7.4897613525390625","7.4897613525390625"
"1153","8.21203899383545","8.21203899383545","8.21203899383545"
"1154","8.381712913513184","8.381712913513184","8.381712913513184"
"1155","7.129723072052002","7.129723072052002","7.129723072052002"
"1156","7.734976768493652","7.734976768493652","7.734976768493652"
"1157","6.847481727600098","6.847481727600098","6.847481727600098"
"1158","8.214874267578125","8.214874267578125","8.214874267578125"
"1159","7.576286315917969","7.576286315917969","7.576286315917969"
"1160","7.443474292755127","7.443474292755127","7.443474292755127"
"1161","7.22862434387207","7.22862434387207","7.22862434387207"
"1162","8.251324653625488","8.251324653625488","8.251324653625488"
"1163","7.609555721282959","7.609555721282959","7.609555721282959"
"1164","7.421693801879883","7.421693801879883","7.421693801879883"
"1165","7.765812397003174","7.765812397003174","7.765812397003174"
"1166","7.96367883682251","7.96367883682251","7.96367883682251"
"1167","7.763611793518066","7.763611793518066","7.763611793518066"
"1168","8.80046272277832","8.80046272277832","8.80046272277832"
"1169","6.188636779785156","6.188636779785156","6.188636779785156"
"1170","7.995948314666748","7.995948314666748","7.995948314666748"
"1171","7.726439476013184","7.726439476013184","7.726439476013184"
"1172","8.234149932861328","8.234149932861328","8.234149932861328"
"1173","7.064389228820801","7.064389228820801","7.064389228820801"
"1174","8.309146881103516","8.309146881103516","8.309146881103516"
"1175","8.147865295410156","8.147865295410156","8.147865295410156"
"1176","7.8196210861206055","7.8196210861206055","7.8196210861206055"
"1177","7.314542293548584","7.314542293548584","7.314542293548584"
"1178","8.2169828414917","8.2169828414917","8.2169828414917"
"1179","7.249670028686523","7.249670028686523","7.249670028686523"
"1180","8.008602142333984","8.008602142333984","8.008602142333984"
"1181","6.951776027679443","6.951776027679443","6.951776027679443"
"1182","7.173069953918457","7.173069953918457","7.173069953918457"
"1183","8.238823890686035","8.238823890686035","8.238823890686035"
"1184","6.916400909423828","6.916400909423828","6.916400909423828"
"1185","8.626936912536621","8.626936912536621","8.626936912536621"
"1186","7.783488750457764","7.783488750457764","7.783488750457764"
"1187","8.584219932556152","8.584219932556152","8.584219932556152"
"1188","6.838174819946289","6.838174819946289","6.838174819946289"
"1189","8.115545272827148","8.115545272827148","8.115545272827148"
"1190","7.697207927703857","7.697207927703857","7.697207927703857"
"1191","8.217578887939453","8.217578887939453","8.217578887939453"
"1192","7.459033012390137","7.459033012390137","7.459033012390137"
"1193","7.298877239227295","7.298877239227295","7.298877239227295"
"1194","7.966609477996826","7.966609477996826","7.966609477996826"
"1195","8.419294357299805","8.419294357299805","8.419294357299805"
"1196","7.801986217498779","7.801986217498779","7.801986217498779"
"1197","7.931138515472412","7.931138515472412","7.931138515472412"
"1198","7.5094804763793945","7.5094804763793945","7.5094804763793945"
"1199","8.03620719909668","8.03620719909668","8.03620719909668"
"1200","7.737520694732666","7.737520694732666","7.737520694732666"
"1201","8.27063274383545","8.27063274383545","8.27063274383545"
"1202","7.656231880187988","7.656231880187988","7.656231880187988"
"1203","8.131622314453125","8.131622314453125","8.131622314453125"
"1204","7.255888938903809","7.255888938903809","7.255888938903809"
"1205","8.203390121459961","8.203390121459961","8.203390121459961"
"1206","7.700774669647217","7.700774669647217","7.700774669647217"
"1207","8.198871612548828","8.198871612548828","8.198871612548828"
"1208","9.367879867553711","9.367879867553711","9.367879867553711"
"1209","9.82093334197998","9.82093334197998","9.82093334197998"
"1210","7.307618618011475","7.307618618011475","7.307618618011475"
"1211","8.223443031311035","8.223443031311035","8.223443031311035"
"1212","8.328662872314453","8.328662872314453","8.328662872314453"
"1213","7.4544453620910645","7.4544453620910645","7.4544453620910645"
"1214","8.031612396240234","8.031612396240234","8.031612396240234"
"1215","7.476632118225098","7.476632118225098","7.476632118225098"
"1216","7.259882926940918","7.259882926940918","7.259882926940918"
"1217","8.612297058105469","8.612297058105469","8.612297058105469"
"1218","8.23275089263916","8.23275089263916","8.23275089263916"
"1219","7.1080851554870605","7.1080851554870605","7.1080851554870605"
"1220","7.94968318939209","7.94968318939209","7.94968318939209"
"1221","7.6921257972717285","7.6921257972717285","7.6921257972717285"
"1222","8.396652221679688","8.396652221679688","8.396652221679688"
"1223","7.488266944885254","7.488266944885254","7.488266944885254"
"1224","7.065068244934082","7.065068244934082","7.065068244934082"
"1225","8.89182186126709","8.89182186126709","8.89182186126709"
"1226","7.10037088394165","7.10037088394165","7.10037088394165"
"1227","7.1410136222839355","7.1410136222839355","7.1410136222839355"
"1228","7.782378196716309","7.782378196716309","7.782378196716309"
"1229","8.002908706665039","8.002908706665039","8.002908706665039"
"1230","8.004705429077148","8.004705429077148","8.004705429077148"
"1231","8.410865783691406","8.410865783691406","8.410865783691406"
"1232","7.747511863708496","7.747511863708496","7.747511863708496"
"1233","8.150873184204102","8.150873184204102","8.150873184204102"
"1234","8.166102409362793","8.166102409362793","8.166102409362793"
"1235","7.146347522735596","7.146347522735596","7.146347522735596"
"1236","6.423068046569824","6.423068046569824","6.423068046569824"
"1237","8.408809661865234","8.408809661865234","8.408809661865234"
"1238","8.073179244995117","8.073179244995117","8.073179244995117"
"1239","8.735607147216797","8.735607147216797","8.735607147216797"
"1240","7.3524346351623535","7.3524346351623535","7.3524346351623535"
"1241","7.899143218994141","7.899143218994141","7.899143218994141"
"1242","7.4587554931640625","7.4587554931640625","7.4587554931640625"
"1243","7.727941036224365","7.727941036224365","7.727941036224365"
"1244","7.287267684936523","7.287267684936523","7.287267684936523"
"1245","7.062890529632568","7.062890529632568","7.062890529632568"
"1246","7.253659725189209","7.253659725189209","7.253659725189209"
"1247","7.570737361907959","7.570737361907959","7.570737361907959"
"1248","7.22705078125","7.22705078125","7.22705078125"
"1249","6.949384689331055","6.949384689331055","6.949384689331055"
"1250","7.834503650665283","7.834503650665283","7.834503650665283"
"1251","7.292540550231934","7.292540550231934","7.292540550231934"
"1252","7.70601749420166","7.70601749420166","7.70601749420166"
"1253","8.647076606750488","8.647076606750488","8.647076606750488"
"1254","7.910763263702393","7.910763263702393","7.910763263702393"
"1255","7.102974891662598","7.102974891662598","7.102974891662598"
"1256","6.377755641937256","6.377755641937256","6.377755641937256"
"1257","8.289198875427246","8.289198875427246","8.289198875427246"
"1258","7.741603374481201","7.741603374481201","7.741603374481201"
"1259","8.384360313415527","8.384360313415527","8.384360313415527"
"1260","7.642176151275635","7.642176151275635","7.642176151275635"