"Step","male_silero - loss/g/mel","male_silero - loss/g/mel__MIN","male_silero - loss/g/mel__MAX"
"0","35.51158905029297","35.51158905029297","35.51158905029297"
"1","22.185949325561523","22.185949325561523","22.185949325561523"
"2","21.60505485534668","21.60505485534668","21.60505485534668"
"3","20.1558895111084","20.1558895111084","20.1558895111084"
"4","19.576053619384766","19.576053619384766","19.576053619384766"
"5","20.78462791442871","20.78462791442871","20.78462791442871"
"6","20.81565284729004","20.81565284729004","20.81565284729004"
"7","20.95067024230957","20.95067024230957","20.95067024230957"
"8","19.858667373657227","19.858667373657227","19.858667373657227"
"9","19.749929428100586","19.749929428100586","19.749929428100586"
"10","20.36528778076172","20.36528778076172","20.36528778076172"
"11","21.020755767822266","21.020755767822266","21.020755767822266"
"12","19.90532684326172","19.90532684326172","19.90532684326172"
"13","19.730504989624023","19.730504989624023","19.730504989624023"
"14","19.719179153442383","19.719179153442383","19.719179153442383"
"15","19.530315399169922","19.530315399169922","19.530315399169922"
"16","19.15473175048828","19.15473175048828","19.15473175048828"
"17","19.64273452758789","19.64273452758789","19.64273452758789"
"18","20.156814575195312","20.156814575195312","20.156814575195312"
"19","18.984127044677734","18.984127044677734","18.984127044677734"
"20","19.456377029418945","19.456377029418945","19.456377029418945"
"21","19.668088912963867","19.668088912963867","19.668088912963867"
"22","18.851041793823242","18.851041793823242","18.851041793823242"
"23","19.099119186401367","19.099119186401367","19.099119186401367"
"24","18.9440860748291","18.9440860748291","18.9440860748291"
"25","20.18738555908203","20.18738555908203","20.18738555908203"
"26","19.949792861938477","19.949792861938477","19.949792861938477"
"27","20.092178344726562","20.092178344726562","20.092178344726562"
"28","19.4259090423584","19.4259090423584","19.4259090423584"
"29","19.034631729125977","19.034631729125977","19.034631729125977"
"30","19.033668518066406","19.033668518066406","19.033668518066406"
"31","19.876209259033203","19.876209259033203","19.876209259033203"
"32","19.674070358276367","19.674070358276367","19.674070358276367"
"33","19.166866302490234","19.166866302490234","19.166866302490234"
"34","18.997478485107422","18.997478485107422","18.997478485107422"
"35","19.2490177154541","19.2490177154541","19.2490177154541"
"36","19.458589553833008","19.458589553833008","19.458589553833008"
"37","21.402589797973633","21.402589797973633","21.402589797973633"
"38","19.986780166625977","19.986780166625977","19.986780166625977"
"39","20.23749542236328","20.23749542236328","20.23749542236328"
"40","20.665409088134766","20.665409088134766","20.665409088134766"
"41","18.640520095825195","18.640520095825195","18.640520095825195"
"42","18.714597702026367","18.714597702026367","18.714597702026367"
"43","19.223438262939453","19.223438262939453","19.223438262939453"
"44","20.044023513793945","20.044023513793945","20.044023513793945"
"45","19.165363311767578","19.165363311767578","19.165363311767578"
"46","19.4674072265625","19.4674072265625","19.4674072265625"
"47","18.090179443359375","18.090179443359375","18.090179443359375"
"48","19.11609649658203","19.11609649658203","19.11609649658203"
"49","19.44424819946289","19.44424819946289","19.44424819946289"
"50","19.41226577758789","19.41226577758789","19.41226577758789"
"51","19.81659507751465","19.81659507751465","19.81659507751465"
"52","19.09031105041504","19.09031105041504","19.09031105041504"
"53","18.751636505126953","18.751636505126953","18.751636505126953"
"54","18.62678337097168","18.62678337097168","18.62678337097168"
"55","20.083778381347656","20.083778381347656","20.083778381347656"
"56","18.68179702758789","18.68179702758789","18.68179702758789"
"57","18.551931381225586","18.551931381225586","18.551931381225586"
"58","18.50659942626953","18.50659942626953","18.50659942626953"
"59","19.901473999023438","19.901473999023438","19.901473999023438"
"60","19.181697845458984","19.181697845458984","19.181697845458984"
"61","19.63131332397461","19.63131332397461","19.63131332397461"
"62","18.710256576538086","18.710256576538086","18.710256576538086"
"63","18.615278244018555","18.615278244018555","18.615278244018555"
"64","20.35022735595703","20.35022735595703","20.35022735595703"
"65","18.296470642089844","18.296470642089844","18.296470642089844"
"66","19.32668113708496","19.32668113708496","19.32668113708496"
"67","18.952167510986328","18.952167510986328","18.952167510986328"
"68","19.02057456970215","19.02057456970215","19.02057456970215"
"69","18.687822341918945","18.687822341918945","18.687822341918945"
"70","19.200801849365234","19.200801849365234","19.200801849365234"
"71","19.77545928955078","19.77545928955078","19.77545928955078"
"72","19.379505157470703","19.379505157470703","19.379505157470703"
"73","19.234966278076172","19.234966278076172","19.234966278076172"
"74","19.3101806640625","19.3101806640625","19.3101806640625"
"75","19.616226196289062","19.616226196289062","19.616226196289062"
"76","18.05724334716797","18.05724334716797","18.05724334716797"
"77","19.25459861755371","19.25459861755371","19.25459861755371"
"78","17.919143676757812","17.919143676757812","17.919143676757812"
"79","18.45026969909668","18.45026969909668","18.45026969909668"
"80","18.942537307739258","18.942537307739258","18.942537307739258"
"81","18.554027557373047","18.554027557373047","18.554027557373047"
"82","19.502059936523438","19.502059936523438","19.502059936523438"
"83","19.19144058227539","19.19144058227539","19.19144058227539"
"84","17.645740509033203","17.645740509033203","17.645740509033203"
"85","17.332305908203125","17.332305908203125","17.332305908203125"
"86","19.507570266723633","19.507570266723633","19.507570266723633"
"87","18.381078720092773","18.381078720092773","18.381078720092773"
"88","19.429319381713867","19.429319381713867","19.429319381713867"
"89","18.911163330078125","18.911163330078125","18.911163330078125"
"90","18.57438087463379","18.57438087463379","18.57438087463379"
"91","19.073637008666992","19.073637008666992","19.073637008666992"
"92","18.860239028930664","18.860239028930664","18.860239028930664"
"93","19.23855209350586","19.23855209350586","19.23855209350586"
"94","18.307947158813477","18.307947158813477","18.307947158813477"
"95","18.415672302246094","18.415672302246094","18.415672302246094"
"96","18.321298599243164","18.321298599243164","18.321298599243164"
"97","19.684389114379883","19.684389114379883","19.684389114379883"
"98","18.185070037841797","18.185070037841797","18.185070037841797"
"99","18.622652053833008","18.622652053833008","18.622652053833008"
"100","19.100881576538086","19.100881576538086","19.100881576538086"
"101","19.22052001953125","19.22052001953125","19.22052001953125"
"102","18.13719367980957","18.13719367980957","18.13719367980957"
"103","19.4798583984375","19.4798583984375","19.4798583984375"
"104","18.515317916870117","18.515317916870117","18.515317916870117"
"105","19.016544342041016","19.016544342041016","19.016544342041016"
"106","18.530296325683594","18.530296325683594","18.530296325683594"
"107","18.926074981689453","18.926074981689453","18.926074981689453"
"108","19.358449935913086","19.358449935913086","19.358449935913086"
"109","18.71673011779785","18.71673011779785","18.71673011779785"
"110","18.847536087036133","18.847536087036133","18.847536087036133"
"111","18.588363647460938","18.588363647460938","18.588363647460938"
"112","18.468860626220703","18.468860626220703","18.468860626220703"
"113","19.116073608398438","19.116073608398438","19.116073608398438"
"114","18.41651725769043","18.41651725769043","18.41651725769043"
"115","19.07489776611328","19.07489776611328","19.07489776611328"
"116","18.230981826782227","18.230981826782227","18.230981826782227"
"117","18.59576416015625","18.59576416015625","18.59576416015625"
"118","18.455425262451172","18.455425262451172","18.455425262451172"
"119","18.57170867919922","18.57170867919922","18.57170867919922"
"120","20.024871826171875","20.024871826171875","20.024871826171875"
"121","18.719106674194336","18.719106674194336","18.719106674194336"
"122","18.932859420776367","18.932859420776367","18.932859420776367"
"123","18.6076717376709","18.6076717376709","18.6076717376709"
"124","18.78584861755371","18.78584861755371","18.78584861755371"
"125","18.137300491333008","18.137300491333008","18.137300491333008"
"126","18.30698585510254","18.30698585510254","18.30698585510254"
"127","18.461885452270508","18.461885452270508","18.461885452270508"
"128","19.077463150024414","19.077463150024414","19.077463150024414"
"129","18.511093139648438","18.511093139648438","18.511093139648438"
"130","19.178604125976562","19.178604125976562","19.178604125976562"
"131","18.97946548461914","18.97946548461914","18.97946548461914"
"132","19.09166145324707","19.09166145324707","19.09166145324707"
"133","18.014469146728516","18.014469146728516","18.014469146728516"
"134","17.88473129272461","17.88473129272461","17.88473129272461"
"135","18.725679397583008","18.725679397583008","18.725679397583008"
"136","18.87791633605957","18.87791633605957","18.87791633605957"
"137","19.538732528686523","19.538732528686523","19.538732528686523"
"138","18.756330490112305","18.756330490112305","18.756330490112305"
"139","19.494802474975586","19.494802474975586","19.494802474975586"
"140","17.970067977905273","17.970067977905273","17.970067977905273"
"141","18.805688858032227","18.805688858032227","18.805688858032227"
"142","18.11747169494629","18.11747169494629","18.11747169494629"
"143","19.437177658081055","19.437177658081055","19.437177658081055"
"144","18.92912483215332","18.92912483215332","18.92912483215332"
"145","18.483976364135742","18.483976364135742","18.483976364135742"
"146","19.036697387695312","19.036697387695312","19.036697387695312"
"147","18.955270767211914","18.955270767211914","18.955270767211914"
"148","19.565515518188477","19.565515518188477","19.565515518188477"
"149","19.058650970458984","19.058650970458984","19.058650970458984"
"150","17.866641998291016","17.866641998291016","17.866641998291016"
"151","18.39390754699707","18.39390754699707","18.39390754699707"
"152","18.334808349609375","18.334808349609375","18.334808349609375"
"153","18.280271530151367","18.280271530151367","18.280271530151367"
"154","18.145727157592773","18.145727157592773","18.145727157592773"
"155","18.59578514099121","18.59578514099121","18.59578514099121"
"156","18.3529109954834","18.3529109954834","18.3529109954834"
"157","18.366600036621094","18.366600036621094","18.366600036621094"
"158","18.06256866455078","18.06256866455078","18.06256866455078"
"159","18.65789031982422","18.65789031982422","18.65789031982422"
"160","18.949384689331055","18.949384689331055","18.949384689331055"
"161","18.55413818359375","18.55413818359375","18.55413818359375"
"162","17.359207153320312","17.359207153320312","17.359207153320312"
"163","18.365882873535156","18.365882873535156","18.365882873535156"
"164","18.091585159301758","18.091585159301758","18.091585159301758"
"165","19.675193786621094","19.675193786621094","19.675193786621094"
"166","18.539657592773438","18.539657592773438","18.539657592773438"
"167","18.336835861206055","18.336835861206055","18.336835861206055"
"168","18.222209930419922","18.222209930419922","18.222209930419922"
"169","17.659513473510742","17.659513473510742","17.659513473510742"
"170","18.173847198486328","18.173847198486328","18.173847198486328"
"171","18.287851333618164","18.287851333618164","18.287851333618164"
"172","18.53510856628418","18.53510856628418","18.53510856628418"
"173","17.558387756347656","17.558387756347656","17.558387756347656"
"174","18.259366989135742","18.259366989135742","18.259366989135742"
"175","18.750362396240234","18.750362396240234","18.750362396240234"
"176","19.105411529541016","19.105411529541016","19.105411529541016"
"177","18.452449798583984","18.452449798583984","18.452449798583984"
"178","17.799560546875","17.799560546875","17.799560546875"
"179","17.858423233032227","17.858423233032227","17.858423233032227"
"180","18.155540466308594","18.155540466308594","18.155540466308594"
"181","18.236316680908203","18.236316680908203","18.236316680908203"
"182","19.214086532592773","19.214086532592773","19.214086532592773"
"183","17.924358367919922","17.924358367919922","17.924358367919922"
"184","18.707178115844727","18.707178115844727","18.707178115844727"
"185","18.281686782836914","18.281686782836914","18.281686782836914"
"186","18.196943283081055","18.196943283081055","18.196943283081055"
"187","18.48676300048828","18.48676300048828","18.48676300048828"
"188","18.953916549682617","18.953916549682617","18.953916549682617"
"189","18.48175048828125","18.48175048828125","18.48175048828125"
"190","19.15878677368164","19.15878677368164","19.15878677368164"
"191","17.838764190673828","17.838764190673828","17.838764190673828"
"192","18.211727142333984","18.211727142333984","18.211727142333984"
"193","17.91305160522461","17.91305160522461","17.91305160522461"
"194","19.365583419799805","19.365583419799805","19.365583419799805"
"195","18.768234252929688","18.768234252929688","18.768234252929688"
"196","18.065336227416992","18.065336227416992","18.065336227416992"
"197","18.871700286865234","18.871700286865234","18.871700286865234"
"198","18.41922378540039","18.41922378540039","18.41922378540039"
"199","18.445125579833984","18.445125579833984","18.445125579833984"
"200","19.048337936401367","19.048337936401367","19.048337936401367"
"201","18.12567138671875","18.12567138671875","18.12567138671875"
"202","18.088891983032227","18.088891983032227","18.088891983032227"
"203","19.645000457763672","19.645000457763672","19.645000457763672"
"204","19.234729766845703","19.234729766845703","19.234729766845703"
"205","18.50381088256836","18.50381088256836","18.50381088256836"
"206","18.671655654907227","18.671655654907227","18.671655654907227"
"207","18.188051223754883","18.188051223754883","18.188051223754883"
"208","19.39492416381836","19.39492416381836","19.39492416381836"
"209","18.670576095581055","18.670576095581055","18.670576095581055"
"210","18.97089195251465","18.97089195251465","18.97089195251465"
"211","19.707368850708008","19.707368850708008","19.707368850708008"
"212","18.3386173248291","18.3386173248291","18.3386173248291"
"213","18.30903434753418","18.30903434753418","18.30903434753418"
"214","18.18844985961914","18.18844985961914","18.18844985961914"
"215","18.738811492919922","18.738811492919922","18.738811492919922"
"216","18.555654525756836","18.555654525756836","18.555654525756836"
"217","18.976768493652344","18.976768493652344","18.976768493652344"
"218","18.186206817626953","18.186206817626953","18.186206817626953"
"219","19.137432098388672","19.137432098388672","19.137432098388672"
"220","17.580997467041016","17.580997467041016","17.580997467041016"
"221","18.255468368530273","18.255468368530273","18.255468368530273"
"222","18.43780517578125","18.43780517578125","18.43780517578125"
"223","18.333166122436523","18.333166122436523","18.333166122436523"
"224","19.930383682250977","19.930383682250977","19.930383682250977"
"225","17.7114200592041","17.7114200592041","17.7114200592041"
"226","18.472238540649414","18.472238540649414","18.472238540649414"
"227","18.163429260253906","18.163429260253906","18.163429260253906"
"228","18.421733856201172","18.421733856201172","18.421733856201172"
"229","18.33319854736328","18.33319854736328","18.33319854736328"
"230","19.16379737854004","19.16379737854004","19.16379737854004"
"231","18.44344139099121","18.44344139099121","18.44344139099121"
"232","18.127849578857422","18.127849578857422","18.127849578857422"
"233","18.671661376953125","18.671661376953125","18.671661376953125"
"234","18.562213897705078","18.562213897705078","18.562213897705078"
"235","18.419340133666992","18.419340133666992","18.419340133666992"
"236","17.92717170715332","17.92717170715332","17.92717170715332"
"237","18.492656707763672","18.492656707763672","18.492656707763672"
"238","17.93996238708496","17.93996238708496","17.93996238708496"
"239","18.46978187561035","18.46978187561035","18.46978187561035"
"240","18.432933807373047","18.432933807373047","18.432933807373047"
"241","19.02952003479004","19.02952003479004","19.02952003479004"
"242","17.832746505737305","17.832746505737305","17.832746505737305"
"243","18.457921981811523","18.457921981811523","18.457921981811523"
"244","18.90627670288086","18.90627670288086","18.90627670288086"
"245","18.682912826538086","18.682912826538086","18.682912826538086"
"246","19.632787704467773","19.632787704467773","19.632787704467773"
"247","18.551984786987305","18.551984786987305","18.551984786987305"
"248","17.684173583984375","17.684173583984375","17.684173583984375"
"249","18.95167350769043","18.95167350769043","18.95167350769043"
"250","17.94497299194336","17.94497299194336","17.94497299194336"
"251","18.702003479003906","18.702003479003906","18.702003479003906"
"252","18.953575134277344","18.953575134277344","18.953575134277344"
"253","18.555339813232422","18.555339813232422","18.555339813232422"
"254","18.788633346557617","18.788633346557617","18.788633346557617"
"255","18.24564552307129","18.24564552307129","18.24564552307129"
"256","18.065505981445312","18.065505981445312","18.065505981445312"
"257","18.752756118774414","18.752756118774414","18.752756118774414"
"258","17.36978530883789","17.36978530883789","17.36978530883789"
"259","17.936683654785156","17.936683654785156","17.936683654785156"
"260","19.79999542236328","19.79999542236328","19.79999542236328"
"261","18.095956802368164","18.095956802368164","18.095956802368164"
"262","18.199840545654297","18.199840545654297","18.199840545654297"
"263","18.258150100708008","18.258150100708008","18.258150100708008"
"264","17.818201065063477","17.818201065063477","17.818201065063477"
"265","18.24207305908203","18.24207305908203","18.24207305908203"
"266","18.38410758972168","18.38410758972168","18.38410758972168"
"267","18.553552627563477","18.553552627563477","18.553552627563477"
"268","18.797199249267578","18.797199249267578","18.797199249267578"
"269","18.470333099365234","18.470333099365234","18.470333099365234"
"270","18.470726013183594","18.470726013183594","18.470726013183594"
"271","18.566505432128906","18.566505432128906","18.566505432128906"
"272","17.943161010742188","17.943161010742188","17.943161010742188"
"273","18.32736587524414","18.32736587524414","18.32736587524414"
"274","19.40746307373047","19.40746307373047","19.40746307373047"
"275","19.490196228027344","19.490196228027344","19.490196228027344"
"276","18.593585968017578","18.593585968017578","18.593585968017578"
"277","18.983013153076172","18.983013153076172","18.983013153076172"
"278","19.718263626098633","19.718263626098633","19.718263626098633"
"279","18.5179386138916","18.5179386138916","18.5179386138916"
"280","18.400697708129883","18.400697708129883","18.400697708129883"
"281","18.119787216186523","18.119787216186523","18.119787216186523"
"282","20.45464324951172","20.45464324951172","20.45464324951172"
"283","17.999671936035156","17.999671936035156","17.999671936035156"
"284","18.29976463317871","18.29976463317871","18.29976463317871"
"285","18.623943328857422","18.623943328857422","18.623943328857422"
"286","18.487070083618164","18.487070083618164","18.487070083618164"
"287","18.23082733154297","18.23082733154297","18.23082733154297"
"288","18.741817474365234","18.741817474365234","18.741817474365234"
"289","17.51081085205078","17.51081085205078","17.51081085205078"
"290","19.02052116394043","19.02052116394043","19.02052116394043"
"291","18.03521156311035","18.03521156311035","18.03521156311035"
"292","17.652759552001953","17.652759552001953","17.652759552001953"
"293","17.506820678710938","17.506820678710938","17.506820678710938"
"294","18.68647003173828","18.68647003173828","18.68647003173828"
"295","18.47273826599121","18.47273826599121","18.47273826599121"
"296","18.240333557128906","18.240333557128906","18.240333557128906"
"297","18.673843383789062","18.673843383789062","18.673843383789062"
"298","18.385404586791992","18.385404586791992","18.385404586791992"
"299","18.150794982910156","18.150794982910156","18.150794982910156"
"300","19.18109893798828","19.18109893798828","19.18109893798828"
"301","17.732446670532227","17.732446670532227","17.732446670532227"
"302","19.259355545043945","19.259355545043945","19.259355545043945"
"303","18.4493465423584","18.4493465423584","18.4493465423584"
"304","18.731002807617188","18.731002807617188","18.731002807617188"
"305","17.946979522705078","17.946979522705078","17.946979522705078"
"306","17.97275733947754","17.97275733947754","17.97275733947754"
"307","17.65637969970703","17.65637969970703","17.65637969970703"
"308","20.18440055847168","20.18440055847168","20.18440055847168"
"309","18.439607620239258","18.439607620239258","18.439607620239258"
"310","18.621837615966797","18.621837615966797","18.621837615966797"
"311","18.287363052368164","18.287363052368164","18.287363052368164"
"312","18.772613525390625","18.772613525390625","18.772613525390625"
"313","18.924673080444336","18.924673080444336","18.924673080444336"
"314","18.553390502929688","18.553390502929688","18.553390502929688"
"315","18.75922203063965","18.75922203063965","18.75922203063965"
"316","18.357711791992188","18.357711791992188","18.357711791992188"
"317","19.05885124206543","19.05885124206543","19.05885124206543"
"318","17.67186737060547","17.67186737060547","17.67186737060547"
"319","18.250587463378906","18.250587463378906","18.250587463378906"
"320","19.483789443969727","19.483789443969727","19.483789443969727"
"321","19.535608291625977","19.535608291625977","19.535608291625977"
"322","18.4637393951416","18.4637393951416","18.4637393951416"
"323","18.147735595703125","18.147735595703125","18.147735595703125"
"324","17.555694580078125","17.555694580078125","17.555694580078125"
"325","17.755990982055664","17.755990982055664","17.755990982055664"
"326","18.23297119140625","18.23297119140625","18.23297119140625"
"327","18.080738067626953","18.080738067626953","18.080738067626953"
"328","18.76457405090332","18.76457405090332","18.76457405090332"
"329","18.63871955871582","18.63871955871582","18.63871955871582"
"330","19.194021224975586","19.194021224975586","19.194021224975586"
"331","18.32343864440918","18.32343864440918","18.32343864440918"
"332","18.370811462402344","18.370811462402344","18.370811462402344"
"333","18.744003295898438","18.744003295898438","18.744003295898438"
"334","18.54846954345703","18.54846954345703","18.54846954345703"
"335","18.488567352294922","18.488567352294922","18.488567352294922"
"336","18.7330379486084","18.7330379486084","18.7330379486084"
"337","19.31980323791504","19.31980323791504","19.31980323791504"
"338","18.78363609313965","18.78363609313965","18.78363609313965"
"339","17.5197696685791","17.5197696685791","17.5197696685791"
"340","18.12589454650879","18.12589454650879","18.12589454650879"
"341","19.249509811401367","19.249509811401367","19.249509811401367"
"342","18.288179397583008","18.288179397583008","18.288179397583008"
"343","19.145523071289062","19.145523071289062","19.145523071289062"
"344","18.605117797851562","18.605117797851562","18.605117797851562"
"345","19.197158813476562","19.197158813476562","19.197158813476562"
"346","18.615070343017578","18.615070343017578","18.615070343017578"
"347","18.334821701049805","18.334821701049805","18.334821701049805"
"348","17.746410369873047","17.746410369873047","17.746410369873047"
"349","19.298328399658203","19.298328399658203","19.298328399658203"
"350","17.20668601989746","17.20668601989746","17.20668601989746"
"351","19.00784683227539","19.00784683227539","19.00784683227539"
"352","19.84579086303711","19.84579086303711","19.84579086303711"
"353","18.9069881439209","18.9069881439209","18.9069881439209"
"354","19.215560913085938","19.215560913085938","19.215560913085938"
"355","18.38956069946289","18.38956069946289","18.38956069946289"
"356","17.636028289794922","17.636028289794922","17.636028289794922"
"357","18.794099807739258","18.794099807739258","18.794099807739258"
"358","18.201942443847656","18.201942443847656","18.201942443847656"
"359","18.302709579467773","18.302709579467773","18.302709579467773"
"360","18.78143882751465","18.78143882751465","18.78143882751465"
"361","18.142776489257812","18.142776489257812","18.142776489257812"
"362","18.289804458618164","18.289804458618164","18.289804458618164"
"363","19.096227645874023","19.096227645874023","19.096227645874023"
"364","17.66805648803711","17.66805648803711","17.66805648803711"
"365","19.909786224365234","19.909786224365234","19.909786224365234"
"366","17.99315071105957","17.99315071105957","17.99315071105957"
"367","18.925182342529297","18.925182342529297","18.925182342529297"
"368","18.075855255126953","18.075855255126953","18.075855255126953"
"369","17.990291595458984","17.990291595458984","17.990291595458984"
"370","18.51930046081543","18.51930046081543","18.51930046081543"
"371","18.098709106445312","18.098709106445312","18.098709106445312"
"372","18.67550277709961","18.67550277709961","18.67550277709961"
"373","17.669485092163086","17.669485092163086","17.669485092163086"
"374","19.14393424987793","19.14393424987793","19.14393424987793"
"375","17.708602905273438","17.708602905273438","17.708602905273438"
"376","17.856563568115234","17.856563568115234","17.856563568115234"
"377","18.117704391479492","18.117704391479492","18.117704391479492"
"378","19.61787986755371","19.61787986755371","19.61787986755371"
"379","18.815135955810547","18.815135955810547","18.815135955810547"
"380","18.42953109741211","18.42953109741211","18.42953109741211"
"381","18.341676712036133","18.341676712036133","18.341676712036133"
"382","19.162506103515625","19.162506103515625","19.162506103515625"
"383","18.233230590820312","18.233230590820312","18.233230590820312"
"384","18.192249298095703","18.192249298095703","18.192249298095703"
"385","17.890451431274414","17.890451431274414","17.890451431274414"
"386","18.70418357849121","18.70418357849121","18.70418357849121"
"387","17.91442108154297","17.91442108154297","17.91442108154297"
"388","18.48243522644043","18.48243522644043","18.48243522644043"
"389","18.24484634399414","18.24484634399414","18.24484634399414"
"390","18.233556747436523","18.233556747436523","18.233556747436523"
"391","18.173240661621094","18.173240661621094","18.173240661621094"
"392","18.343732833862305","18.343732833862305","18.343732833862305"
"393","18.788131713867188","18.788131713867188","18.788131713867188"
"394","18.76615333557129","18.76615333557129","18.76615333557129"
"395","18.82879638671875","18.82879638671875","18.82879638671875"
"396","19.515859603881836","19.515859603881836","19.515859603881836"
"397","17.9294376373291","17.9294376373291","17.9294376373291"
"398","19.651887893676758","19.651887893676758","19.651887893676758"
"399","17.66407012939453","17.66407012939453","17.66407012939453"
"400","18.933605194091797","18.933605194091797","18.933605194091797"
"401","17.716598510742188","17.716598510742188","17.716598510742188"
"402","17.783248901367188","17.783248901367188","17.783248901367188"
"403","17.525964736938477","17.525964736938477","17.525964736938477"
"404","18.56832504272461","18.56832504272461","18.56832504272461"
"405","19.136911392211914","19.136911392211914","19.136911392211914"
"406","18.14447593688965","18.14447593688965","18.14447593688965"
"407","17.909761428833008","17.909761428833008","17.909761428833008"
"408","17.610483169555664","17.610483169555664","17.610483169555664"
"409","20.134971618652344","20.134971618652344","20.134971618652344"
"410","17.764362335205078","17.764362335205078","17.764362335205078"
"411","18.595378875732422","18.595378875732422","18.595378875732422"
"412","17.71943473815918","17.71943473815918","17.71943473815918"
"413","18.67793083190918","18.67793083190918","18.67793083190918"
"414","18.205408096313477","18.205408096313477","18.205408096313477"
"415","17.847686767578125","17.847686767578125","17.847686767578125"
"416","18.58211326599121","18.58211326599121","18.58211326599121"
"417","18.03941535949707","18.03941535949707","18.03941535949707"
"418","18.073360443115234","18.073360443115234","18.073360443115234"
"419","17.28158950805664","17.28158950805664","17.28158950805664"
"420","18.814294815063477","18.814294815063477","18.814294815063477"
"421","17.923004150390625","17.923004150390625","17.923004150390625"
"422","18.103347778320312","18.103347778320312","18.103347778320312"
"423","18.911991119384766","18.911991119384766","18.911991119384766"
"424","18.541210174560547","18.541210174560547","18.541210174560547"
"425","17.574243545532227","17.574243545532227","17.574243545532227"
"426","19.41936683654785","19.41936683654785","19.41936683654785"
"427","17.780529022216797","17.780529022216797","17.780529022216797"
"428","18.370630264282227","18.370630264282227","18.370630264282227"
"429","18.454856872558594","18.454856872558594","18.454856872558594"
"430","19.00034523010254","19.00034523010254","19.00034523010254"
"431","17.201210021972656","17.201210021972656","17.201210021972656"
"432","17.056488037109375","17.056488037109375","17.056488037109375"
"433","17.735876083374023","17.735876083374023","17.735876083374023"
"434","18.692638397216797","18.692638397216797","18.692638397216797"
"435","18.43937873840332","18.43937873840332","18.43937873840332"
"436","17.911523818969727","17.911523818969727","17.911523818969727"
"437","18.954273223876953","18.954273223876953","18.954273223876953"
"438","17.875896453857422","17.875896453857422","17.875896453857422"
"439","18.015056610107422","18.015056610107422","18.015056610107422"
"440","18.081266403198242","18.081266403198242","18.081266403198242"
"441","17.82375144958496","17.82375144958496","17.82375144958496"
"442","19.266521453857422","19.266521453857422","19.266521453857422"
"443","19.287919998168945","19.287919998168945","19.287919998168945"
"444","17.541807174682617","17.541807174682617","17.541807174682617"
"445","18.822280883789062","18.822280883789062","18.822280883789062"
"446","17.938838958740234","17.938838958740234","17.938838958740234"
"447","18.16437339782715","18.16437339782715","18.16437339782715"
"448","17.699081420898438","17.699081420898438","17.699081420898438"
"449","18.299991607666016","18.299991607666016","18.299991607666016"
"450","18.526424407958984","18.526424407958984","18.526424407958984"
"451","17.8706111907959","17.8706111907959","17.8706111907959"
"452","18.14109230041504","18.14109230041504","18.14109230041504"
"453","19.07069206237793","19.07069206237793","19.07069206237793"
"454","18.040882110595703","18.040882110595703","18.040882110595703"
"455","17.751140594482422","17.751140594482422","17.751140594482422"
"456","16.962820053100586","16.962820053100586","16.962820053100586"
"457","18.26915168762207","18.26915168762207","18.26915168762207"
"458","17.403160095214844","17.403160095214844","17.403160095214844"
"459","18.924104690551758","18.924104690551758","18.924104690551758"
"460","17.9446964263916","17.9446964263916","17.9446964263916"
"461","18.195207595825195","18.195207595825195","18.195207595825195"
"462","17.863189697265625","17.863189697265625","17.863189697265625"
"463","19.07630729675293","19.07630729675293","19.07630729675293"
"464","18.006622314453125","18.006622314453125","18.006622314453125"
"465","17.9102725982666","17.9102725982666","17.9102725982666"
"466","18.737035751342773","18.737035751342773","18.737035751342773"
"467","18.26322364807129","18.26322364807129","18.26322364807129"
"468","19.181800842285156","19.181800842285156","19.181800842285156"
"469","17.91974639892578","17.91974639892578","17.91974639892578"
"470","17.980976104736328","17.980976104736328","17.980976104736328"
"471","18.208961486816406","18.208961486816406","18.208961486816406"
"472","18.786518096923828","18.786518096923828","18.786518096923828"
"473","17.566970825195312","17.566970825195312","17.566970825195312"
"474","17.78285789489746","17.78285789489746","17.78285789489746"
"475","18.396099090576172","18.396099090576172","18.396099090576172"
"476","18.157699584960938","18.157699584960938","18.157699584960938"
"477","18.197731018066406","18.197731018066406","18.197731018066406"
"478","17.065404891967773","17.065404891967773","17.065404891967773"
"479","19.144628524780273","19.144628524780273","19.144628524780273"
"480","17.89520263671875","17.89520263671875","17.89520263671875"
"481","17.74639129638672","17.74639129638672","17.74639129638672"
"482","19.66603660583496","19.66603660583496","19.66603660583496"
"483","16.97128677368164","16.97128677368164","16.97128677368164"
"484","17.84137535095215","17.84137535095215","17.84137535095215"
"485","17.813974380493164","17.813974380493164","17.813974380493164"
"486","17.962724685668945","17.962724685668945","17.962724685668945"
"487","19.507661819458008","19.507661819458008","19.507661819458008"
"488","18.537073135375977","18.537073135375977","18.537073135375977"
"489","18.757030487060547","18.757030487060547","18.757030487060547"
"490","17.70936393737793","17.70936393737793","17.70936393737793"
"491","17.53411293029785","17.53411293029785","17.53411293029785"
"492","17.701217651367188","17.701217651367188","17.701217651367188"
"493","17.702465057373047","17.702465057373047","17.702465057373047"
"494","18.53824234008789","18.53824234008789","18.53824234008789"
"495","18.362154006958008","18.362154006958008","18.362154006958008"
"496","18.814590454101562","18.814590454101562","18.814590454101562"
"497","18.705318450927734","18.705318450927734","18.705318450927734"
"498","17.28122329711914","17.28122329711914","17.28122329711914"
"499","18.078195571899414","18.078195571899414","18.078195571899414"
"500","18.104297637939453","18.104297637939453","18.104297637939453"
"501","18.8906307220459","18.8906307220459","18.8906307220459"
"502","17.690034866333008","17.690034866333008","17.690034866333008"
"503","18.092485427856445","18.092485427856445","18.092485427856445"
"504","17.99700927734375","17.99700927734375","17.99700927734375"
"505","17.765100479125977","17.765100479125977","17.765100479125977"
"506","18.693113327026367","18.693113327026367","18.693113327026367"
"507","19.309833526611328","19.309833526611328","19.309833526611328"
"508","19.22329330444336","19.22329330444336","19.22329330444336"
"509","17.604028701782227","17.604028701782227","17.604028701782227"
"510","18.55869483947754","18.55869483947754","18.55869483947754"
"511","19.393930435180664","19.393930435180664","19.393930435180664"
"512","18.18333625793457","18.18333625793457","18.18333625793457"
"513","18.199617385864258","18.199617385864258","18.199617385864258"
"514","18.402864456176758","18.402864456176758","18.402864456176758"
"515","18.03501319885254","18.03501319885254","18.03501319885254"
"516","17.818580627441406","17.818580627441406","17.818580627441406"
"517","17.679290771484375","17.679290771484375","17.679290771484375"
"518","18.25795555114746","18.25795555114746","18.25795555114746"
"519","17.251903533935547","17.251903533935547","17.251903533935547"
"520","19.166004180908203","19.166004180908203","19.166004180908203"
"521","18.098220825195312","18.098220825195312","18.098220825195312"
"522","18.642532348632812","18.642532348632812","18.642532348632812"
"523","19.90080451965332","19.90080451965332","19.90080451965332"
"524","18.41236686706543","18.41236686706543","18.41236686706543"
"525","18.171144485473633","18.171144485473633","18.171144485473633"
"526","18.995241165161133","18.995241165161133","18.995241165161133"
"527","17.823820114135742","17.823820114135742","17.823820114135742"
"528","18.111541748046875","18.111541748046875","18.111541748046875"
"529","18.741426467895508","18.741426467895508","18.741426467895508"
"530","19.129310607910156","19.129310607910156","19.129310607910156"
"531","18.35314178466797","18.35314178466797","18.35314178466797"
"532","19.00815773010254","19.00815773010254","19.00815773010254"
"533","16.929683685302734","16.929683685302734","16.929683685302734"
"534","18.45340919494629","18.45340919494629","18.45340919494629"
"535","17.90781593322754","17.90781593322754","17.90781593322754"
"536","17.462743759155273","17.462743759155273","17.462743759155273"
"537","18.639883041381836","18.639883041381836","18.639883041381836"
"538","18.467586517333984","18.467586517333984","18.467586517333984"
"539","18.49490737915039","18.49490737915039","18.49490737915039"
"540","17.90911293029785","17.90911293029785","17.90911293029785"
"541","17.889816284179688","17.889816284179688","17.889816284179688"
"542","17.740489959716797","17.740489959716797","17.740489959716797"
"543","17.775297164916992","17.775297164916992","17.775297164916992"
"544","18.673343658447266","18.673343658447266","18.673343658447266"
"545","18.18529510498047","18.18529510498047","18.18529510498047"
"546","17.235010147094727","17.235010147094727","17.235010147094727"
"547","18.354686737060547","18.354686737060547","18.354686737060547"
"548","17.64264488220215","17.64264488220215","17.64264488220215"
"549","17.811771392822266","17.811771392822266","17.811771392822266"
"550","18.250778198242188","18.250778198242188","18.250778198242188"
"551","20.444578170776367","20.444578170776367","20.444578170776367"
"552","18.860492706298828","18.860492706298828","18.860492706298828"
"553","17.865854263305664","17.865854263305664","17.865854263305664"
"554","18.070541381835938","18.070541381835938","18.070541381835938"
"555","18.380800247192383","18.380800247192383","18.380800247192383"
"556","18.213130950927734","18.213130950927734","18.213130950927734"
"557","18.470937728881836","18.470937728881836","18.470937728881836"
"558","17.915952682495117","17.915952682495117","17.915952682495117"
"559","20.174867630004883","20.174867630004883","20.174867630004883"
"560","17.831174850463867","17.831174850463867","17.831174850463867"
"561","17.53191566467285","17.53191566467285","17.53191566467285"
"562","18.766551971435547","18.766551971435547","18.766551971435547"
"563","18.911958694458008","18.911958694458008","18.911958694458008"
"564","18.456218719482422","18.456218719482422","18.456218719482422"
"565","18.821666717529297","18.821666717529297","18.821666717529297"
"566","17.7266845703125","17.7266845703125","17.7266845703125"
"567","18.601139068603516","18.601139068603516","18.601139068603516"
"568","17.67204475402832","17.67204475402832","17.67204475402832"
"569","18.286270141601562","18.286270141601562","18.286270141601562"
"570","17.746013641357422","17.746013641357422","17.746013641357422"
"571","17.941024780273438","17.941024780273438","17.941024780273438"
"572","19.863788604736328","19.863788604736328","19.863788604736328"
"573","18.09526252746582","18.09526252746582","18.09526252746582"
"574","18.542129516601562","18.542129516601562","18.542129516601562"
"575","17.384008407592773","17.384008407592773","17.384008407592773"
"576","17.068639755249023","17.068639755249023","17.068639755249023"
"577","19.235004425048828","19.235004425048828","19.235004425048828"
"578","17.87413215637207","17.87413215637207","17.87413215637207"
"579","18.64171600341797","18.64171600341797","18.64171600341797"
"580","18.911888122558594","18.911888122558594","18.911888122558594"
"581","18.29181671142578","18.29181671142578","18.29181671142578"
"582","18.033531188964844","18.033531188964844","18.033531188964844"
"583","18.12881851196289","18.12881851196289","18.12881851196289"
"584","18.297887802124023","18.297887802124023","18.297887802124023"
"585","19.446659088134766","19.446659088134766","19.446659088134766"
"586","18.15822982788086","18.15822982788086","18.15822982788086"
"587","18.45725440979004","18.45725440979004","18.45725440979004"
"588","17.815584182739258","17.815584182739258","17.815584182739258"
"589","19.43659019470215","19.43659019470215","19.43659019470215"
"590","18.275283813476562","18.275283813476562","18.275283813476562"
"591","18.866378784179688","18.866378784179688","18.866378784179688"
"592","18.411922454833984","18.411922454833984","18.411922454833984"
"593","17.870269775390625","17.870269775390625","17.870269775390625"
"594","18.77764892578125","18.77764892578125","18.77764892578125"
"595","17.506914138793945","17.506914138793945","17.506914138793945"
"596","17.1727294921875","17.1727294921875","17.1727294921875"
"597","18.404956817626953","18.404956817626953","18.404956817626953"
"598","18.581661224365234","18.581661224365234","18.581661224365234"
"599","18.557579040527344","18.557579040527344","18.557579040527344"
"600","18.477127075195312","18.477127075195312","18.477127075195312"
"601","17.02677345275879","17.02677345275879","17.02677345275879"
"602","17.775028228759766","17.775028228759766","17.775028228759766"
"603","19.260318756103516","19.260318756103516","19.260318756103516"
"604","18.044404983520508","18.044404983520508","18.044404983520508"
"605","18.986791610717773","18.986791610717773","18.986791610717773"
"606","17.909061431884766","17.909061431884766","17.909061431884766"
"607","18.380603790283203","18.380603790283203","18.380603790283203"
"608","17.44990348815918","17.44990348815918","17.44990348815918"
"609","18.677223205566406","18.677223205566406","18.677223205566406"
"610","17.79632568359375","17.79632568359375","17.79632568359375"
"611","18.205080032348633","18.205080032348633","18.205080032348633"
"612","18.952186584472656","18.952186584472656","18.952186584472656"
"613","18.54145622253418","18.54145622253418","18.54145622253418"
"614","18.844640731811523","18.844640731811523","18.844640731811523"
"615","19.786705017089844","19.786705017089844","19.786705017089844"
"616","17.585617065429688","17.585617065429688","17.585617065429688"
"617","18.64683723449707","18.64683723449707","18.64683723449707"
"618","17.885263442993164","17.885263442993164","17.885263442993164"
"619","18.16783905029297","18.16783905029297","18.16783905029297"
"620","18.205585479736328","18.205585479736328","18.205585479736328"
"621","17.758390426635742","17.758390426635742","17.758390426635742"
"622","19.078283309936523","19.078283309936523","19.078283309936523"
"623","17.622896194458008","17.622896194458008","17.622896194458008"
"624","18.564023971557617","18.564023971557617","18.564023971557617"
"625","18.040569305419922","18.040569305419922","18.040569305419922"
"626","18.09367561340332","18.09367561340332","18.09367561340332"
"627","18.328052520751953","18.328052520751953","18.328052520751953"
"628","18.170751571655273","18.170751571655273","18.170751571655273"
"629","18.073978424072266","18.073978424072266","18.073978424072266"
"630","19.059432983398438","19.059432983398438","19.059432983398438"
"631","18.593027114868164","18.593027114868164","18.593027114868164"
"632","17.86992835998535","17.86992835998535","17.86992835998535"
"633","18.142791748046875","18.142791748046875","18.142791748046875"
"634","18.321561813354492","18.321561813354492","18.321561813354492"
"635","18.199316024780273","18.199316024780273","18.199316024780273"
"636","18.16310691833496","18.16310691833496","18.16310691833496"
"637","18.62043571472168","18.62043571472168","18.62043571472168"
"638","16.837678909301758","16.837678909301758","16.837678909301758"
"639","16.988021850585938","16.988021850585938","16.988021850585938"
"640","20.4341983795166","20.4341983795166","20.4341983795166"
"641","17.417675018310547","17.417675018310547","17.417675018310547"
"642","19.130632400512695","19.130632400512695","19.130632400512695"
"643","16.655807495117188","16.655807495117188","16.655807495117188"
"644","18.459861755371094","18.459861755371094","18.459861755371094"
"645","19.02861785888672","19.02861785888672","19.02861785888672"
"646","18.027374267578125","18.027374267578125","18.027374267578125"
"647","18.40860939025879","18.40860939025879","18.40860939025879"
"648","18.68381690979004","18.68381690979004","18.68381690979004"
"649","18.081815719604492","18.081815719604492","18.081815719604492"
"650","17.51165771484375","17.51165771484375","17.51165771484375"
"651","18.781436920166016","18.781436920166016","18.781436920166016"
"652","17.660966873168945","17.660966873168945","17.660966873168945"
"653","18.215343475341797","18.215343475341797","18.215343475341797"
"654","17.444046020507812","17.444046020507812","17.444046020507812"
"655","19.359567642211914","19.359567642211914","19.359567642211914"
"656","17.494529724121094","17.494529724121094","17.494529724121094"
"657","19.067684173583984","19.067684173583984","19.067684173583984"
"658","18.491140365600586","18.491140365600586","18.491140365600586"
"659","18.10538101196289","18.10538101196289","18.10538101196289"
"660","17.930927276611328","17.930927276611328","17.930927276611328"
"661","18.37757682800293","18.37757682800293","18.37757682800293"
"662","18.741430282592773","18.741430282592773","18.741430282592773"
"663","18.042133331298828","18.042133331298828","18.042133331298828"
"664","18.681724548339844","18.681724548339844","18.681724548339844"
"665","18.479270935058594","18.479270935058594","18.479270935058594"
"666","17.420108795166016","17.420108795166016","17.420108795166016"
"667","18.769851684570312","18.769851684570312","18.769851684570312"
"668","17.58388900756836","17.58388900756836","17.58388900756836"
"669","18.62885284423828","18.62885284423828","18.62885284423828"
"670","18.624744415283203","18.624744415283203","18.624744415283203"
"671","18.436086654663086","18.436086654663086","18.436086654663086"
"672","17.887948989868164","17.887948989868164","17.887948989868164"
"673","18.20682144165039","18.20682144165039","18.20682144165039"
"674","17.82416343688965","17.82416343688965","17.82416343688965"
"675","18.60751724243164","18.60751724243164","18.60751724243164"
"676","17.795928955078125","17.795928955078125","17.795928955078125"
"677","18.48761558532715","18.48761558532715","18.48761558532715"
"678","18.610023498535156","18.610023498535156","18.610023498535156"
"679","17.650653839111328","17.650653839111328","17.650653839111328"
"680","18.03657341003418","18.03657341003418","18.03657341003418"
"681","18.42112159729004","18.42112159729004","18.42112159729004"
"682","18.383346557617188","18.383346557617188","18.383346557617188"
"683","18.12728500366211","18.12728500366211","18.12728500366211"
"684","17.232013702392578","17.232013702392578","17.232013702392578"
"685","17.679777145385742","17.679777145385742","17.679777145385742"
"686","18.93899154663086","18.93899154663086","18.93899154663086"
"687","18.442718505859375","18.442718505859375","18.442718505859375"
"688","18.858699798583984","18.858699798583984","18.858699798583984"
"689","17.859386444091797","17.859386444091797","17.859386444091797"
"690","18.998367309570312","18.998367309570312","18.998367309570312"
"691","18.873149871826172","18.873149871826172","18.873149871826172"
"692","17.53411293029785","17.53411293029785","17.53411293029785"
"693","18.546875","18.546875","18.546875"
"694","17.611791610717773","17.611791610717773","17.611791610717773"
"695","17.799196243286133","17.799196243286133","17.799196243286133"
"696","17.142717361450195","17.142717361450195","17.142717361450195"
"697","18.88494873046875","18.88494873046875","18.88494873046875"
"698","18.306304931640625","18.306304931640625","18.306304931640625"
"699","16.903348922729492","16.903348922729492","16.903348922729492"
"700","18.425153732299805","18.425153732299805","18.425153732299805"
"701","17.636449813842773","17.636449813842773","17.636449813842773"
"702","17.650671005249023","17.650671005249023","17.650671005249023"
"703","18.332862854003906","18.332862854003906","18.332862854003906"
"704","17.344776153564453","17.344776153564453","17.344776153564453"
"705","19.03311538696289","19.03311538696289","19.03311538696289"
"706","18.110986709594727","18.110986709594727","18.110986709594727"
"707","17.667177200317383","17.667177200317383","17.667177200317383"
"708","17.122739791870117","17.122739791870117","17.122739791870117"
"709","18.258108139038086","18.258108139038086","18.258108139038086"
"710","18.01283836364746","18.01283836364746","18.01283836364746"
"711","18.80415153503418","18.80415153503418","18.80415153503418"
"712","18.276193618774414","18.276193618774414","18.276193618774414"
"713","17.92471694946289","17.92471694946289","17.92471694946289"
"714","18.963863372802734","18.963863372802734","18.963863372802734"
"715","17.692611694335938","17.692611694335938","17.692611694335938"
"716","17.5008544921875","17.5008544921875","17.5008544921875"
"717","17.923297882080078","17.923297882080078","17.923297882080078"
"718","18.124061584472656","18.124061584472656","18.124061584472656"
"719","17.641332626342773","17.641332626342773","17.641332626342773"
"720","17.62445831298828","17.62445831298828","17.62445831298828"
"721","17.396102905273438","17.396102905273438","17.396102905273438"
"722","17.75467872619629","17.75467872619629","17.75467872619629"
"723","17.27353286743164","17.27353286743164","17.27353286743164"
"724","17.60678482055664","17.60678482055664","17.60678482055664"
"725","17.635883331298828","17.635883331298828","17.635883331298828"
"726","17.970317840576172","17.970317840576172","17.970317840576172"
"727","17.464622497558594","17.464622497558594","17.464622497558594"
"728","17.96215057373047","17.96215057373047","17.96215057373047"
"729","17.948083877563477","17.948083877563477","17.948083877563477"
"730","18.37568473815918","18.37568473815918","18.37568473815918"
"731","18.038137435913086","18.038137435913086","18.038137435913086"
"732","17.801042556762695","17.801042556762695","17.801042556762695"
"733","17.255752563476562","17.255752563476562","17.255752563476562"
"734","17.985950469970703","17.985950469970703","17.985950469970703"
"735","17.160343170166016","17.160343170166016","17.160343170166016"
"736","19.15182876586914","19.15182876586914","19.15182876586914"
"737","18.36956214904785","18.36956214904785","18.36956214904785"
"738","17.59544563293457","17.59544563293457","17.59544563293457"
"739","17.639062881469727","17.639062881469727","17.639062881469727"
"740","17.599855422973633","17.599855422973633","17.599855422973633"
"741","17.817264556884766","17.817264556884766","17.817264556884766"
"742","17.928064346313477","17.928064346313477","17.928064346313477"
"743","18.199207305908203","18.199207305908203","18.199207305908203"
"744","17.73033905029297","17.73033905029297","17.73033905029297"
"745","17.931718826293945","17.931718826293945","17.931718826293945"
"746","17.91828727722168","17.91828727722168","17.91828727722168"
"747","17.305561065673828","17.305561065673828","17.305561065673828"
"748","19.578859329223633","19.578859329223633","19.578859329223633"
"749","17.79237937927246","17.79237937927246","17.79237937927246"
"750","18.47561264038086","18.47561264038086","18.47561264038086"
"751","17.696435928344727","17.696435928344727","17.696435928344727"
"752","17.971580505371094","17.971580505371094","17.971580505371094"
"753","18.42803955078125","18.42803955078125","18.42803955078125"
"754","18.239072799682617","18.239072799682617","18.239072799682617"
"755","17.49350357055664","17.49350357055664","17.49350357055664"
"756","19.212024688720703","19.212024688720703","19.212024688720703"
"757","18.02884864807129","18.02884864807129","18.02884864807129"
"758","18.47666358947754","18.47666358947754","18.47666358947754"
"759","18.28190803527832","18.28190803527832","18.28190803527832"
"760","17.82525062561035","17.82525062561035","17.82525062561035"
"761","17.171245574951172","17.171245574951172","17.171245574951172"
"762","17.89556121826172","17.89556121826172","17.89556121826172"
"763","18.894067764282227","18.894067764282227","18.894067764282227"
"764","18.626914978027344","18.626914978027344","18.626914978027344"
"765","18.039365768432617","18.039365768432617","18.039365768432617"
"766","18.07647705078125","18.07647705078125","18.07647705078125"
"767","17.29286003112793","17.29286003112793","17.29286003112793"
"768","17.140291213989258","17.140291213989258","17.140291213989258"
"769","17.386333465576172","17.386333465576172","17.386333465576172"
"770","18.30516815185547","18.30516815185547","18.30516815185547"
"771","19.419570922851562","19.419570922851562","19.419570922851562"
"772","18.534442901611328","18.534442901611328","18.534442901611328"
"773","17.73215675354004","17.73215675354004","17.73215675354004"
"774","18.661094665527344","18.661094665527344","18.661094665527344"
"775","17.425554275512695","17.425554275512695","17.425554275512695"
"776","17.779735565185547","17.779735565185547","17.779735565185547"
"777","18.27286720275879","18.27286720275879","18.27286720275879"
"778","19.013898849487305","19.013898849487305","19.013898849487305"
"779","18.13467025756836","18.13467025756836","18.13467025756836"
"780","17.93756675720215","17.93756675720215","17.93756675720215"
"781","18.851438522338867","18.851438522338867","18.851438522338867"
"782","18.11991310119629","18.11991310119629","18.11991310119629"
"783","16.835580825805664","16.835580825805664","16.835580825805664"
"784","18.883516311645508","18.883516311645508","18.883516311645508"
"785","17.850324630737305","17.850324630737305","17.850324630737305"
"786","18.4152889251709","18.4152889251709","18.4152889251709"
"787","17.68792152404785","17.68792152404785","17.68792152404785"
"788","18.279434204101562","18.279434204101562","18.279434204101562"
"789","18.365610122680664","18.365610122680664","18.365610122680664"
"790","18.691017150878906","18.691017150878906","18.691017150878906"
"791","18.010013580322266","18.010013580322266","18.010013580322266"
"792","17.237274169921875","17.237274169921875","17.237274169921875"
"793","17.649620056152344","17.649620056152344","17.649620056152344"
"794","17.732410430908203","17.732410430908203","17.732410430908203"
"795","17.85238265991211","17.85238265991211","17.85238265991211"
"796","18.063823699951172","18.063823699951172","18.063823699951172"
"797","18.752887725830078","18.752887725830078","18.752887725830078"
"798","18.019508361816406","18.019508361816406","18.019508361816406"
"799","17.57497787475586","17.57497787475586","17.57497787475586"
"800","17.622148513793945","17.622148513793945","17.622148513793945"
"801","17.949228286743164","17.949228286743164","17.949228286743164"
"802","18.03156280517578","18.03156280517578","18.03156280517578"
"803","17.97555160522461","17.97555160522461","17.97555160522461"
"804","17.736148834228516","17.736148834228516","17.736148834228516"
"805","19.962738037109375","19.962738037109375","19.962738037109375"
"806","19.345016479492188","19.345016479492188","19.345016479492188"
"807","18.995574951171875","18.995574951171875","18.995574951171875"
"808","17.506093978881836","17.506093978881836","17.506093978881836"
"809","18.03117561340332","18.03117561340332","18.03117561340332"
"810","17.71780776977539","17.71780776977539","17.71780776977539"
"811","19.1072940826416","19.1072940826416","19.1072940826416"
"812","18.348312377929688","18.348312377929688","18.348312377929688"
"813","17.9394474029541","17.9394474029541","17.9394474029541"
"814","19.035320281982422","19.035320281982422","19.035320281982422"
"815","17.888212203979492","17.888212203979492","17.888212203979492"
"816","19.92777442932129","19.92777442932129","19.92777442932129"
"817","18.607702255249023","18.607702255249023","18.607702255249023"
"818","17.08528709411621","17.08528709411621","17.08528709411621"
"819","17.940330505371094","17.940330505371094","17.940330505371094"
"820","18.260765075683594","18.260765075683594","18.260765075683594"
"821","18.442745208740234","18.442745208740234","18.442745208740234"
"822","19.51643943786621","19.51643943786621","19.51643943786621"
"823","17.767038345336914","17.767038345336914","17.767038345336914"
"824","18.213623046875","18.213623046875","18.213623046875"
"825","17.771881103515625","17.771881103515625","17.771881103515625"
"826","18.495641708374023","18.495641708374023","18.495641708374023"
"827","17.91902732849121","17.91902732849121","17.91902732849121"
"828","18.91425132751465","18.91425132751465","18.91425132751465"
"829","18.895618438720703","18.895618438720703","18.895618438720703"
"830","17.927534103393555","17.927534103393555","17.927534103393555"
"831","18.56859016418457","18.56859016418457","18.56859016418457"
"832","19.00751495361328","19.00751495361328","19.00751495361328"
"833","18.560802459716797","18.560802459716797","18.560802459716797"
"834","17.87166404724121","17.87166404724121","17.87166404724121"
"835","16.968669891357422","16.968669891357422","16.968669891357422"
"836","18.671890258789062","18.671890258789062","18.671890258789062"
"837","17.345491409301758","17.345491409301758","17.345491409301758"
"838","18.893367767333984","18.893367767333984","18.893367767333984"
"839","18.248266220092773","18.248266220092773","18.248266220092773"
"840","18.832063674926758","18.832063674926758","18.832063674926758"
"841","17.73374366760254","17.73374366760254","17.73374366760254"
"842","18.682931900024414","18.682931900024414","18.682931900024414"
"843","18.401777267456055","18.401777267456055","18.401777267456055"
"844","17.99300193786621","17.99300193786621","17.99300193786621"
"845","17.848947525024414","17.848947525024414","17.848947525024414"
"846","17.689802169799805","17.689802169799805","17.689802169799805"
"847","17.319171905517578","17.319171905517578","17.319171905517578"
"848","17.94961166381836","17.94961166381836","17.94961166381836"
"849","19.060558319091797","19.060558319091797","19.060558319091797"
"850","18.026357650756836","18.026357650756836","18.026357650756836"
"851","17.68071174621582","17.68071174621582","17.68071174621582"
"852","17.211503982543945","17.211503982543945","17.211503982543945"
"853","17.144304275512695","17.144304275512695","17.144304275512695"
"854","18.471267700195312","18.471267700195312","18.471267700195312"
"855","17.606714248657227","17.606714248657227","17.606714248657227"
"856","18.762508392333984","18.762508392333984","18.762508392333984"
"857","18.155014038085938","18.155014038085938","18.155014038085938"
"858","18.423070907592773","18.423070907592773","18.423070907592773"
"859","17.373748779296875","17.373748779296875","17.373748779296875"
"860","17.77365493774414","17.77365493774414","17.77365493774414"
"861","17.810440063476562","17.810440063476562","17.810440063476562"
"862","19.343908309936523","19.343908309936523","19.343908309936523"
"863","17.61130142211914","17.61130142211914","17.61130142211914"
"864","18.366884231567383","18.366884231567383","18.366884231567383"
"865","16.87422752380371","16.87422752380371","16.87422752380371"
"866","18.469341278076172","18.469341278076172","18.469341278076172"
"867","17.54228401184082","17.54228401184082","17.54228401184082"
"868","19.83260726928711","19.83260726928711","19.83260726928711"
"869","18.127649307250977","18.127649307250977","18.127649307250977"
"870","18.182783126831055","18.182783126831055","18.182783126831055"
"871","18.617420196533203","18.617420196533203","18.617420196533203"
"872","18.097280502319336","18.097280502319336","18.097280502319336"
"873","17.306503295898438","17.306503295898438","17.306503295898438"
"874","18.284616470336914","18.284616470336914","18.284616470336914"
"875","18.224966049194336","18.224966049194336","18.224966049194336"
"876","18.83938980102539","18.83938980102539","18.83938980102539"
"877","18.933073043823242","18.933073043823242","18.933073043823242"
"878","17.330360412597656","17.330360412597656","17.330360412597656"
"879","17.280864715576172","17.280864715576172","17.280864715576172"
"880","18.203872680664062","18.203872680664062","18.203872680664062"
"881","18.716848373413086","18.716848373413086","18.716848373413086"
"882","19.09653091430664","19.09653091430664","19.09653091430664"
"883","18.04421043395996","18.04421043395996","18.04421043395996"
"884","17.85495376586914","17.85495376586914","17.85495376586914"
"885","18.020618438720703","18.020618438720703","18.020618438720703"
"886","17.505264282226562","17.505264282226562","17.505264282226562"
"887","17.631988525390625","17.631988525390625","17.631988525390625"
"888","17.980266571044922","17.980266571044922","17.980266571044922"
"889","18.416242599487305","18.416242599487305","18.416242599487305"
"890","17.578060150146484","17.578060150146484","17.578060150146484"
"891","18.668975830078125","18.668975830078125","18.668975830078125"
"892","19.943166732788086","19.943166732788086","19.943166732788086"
"893","17.741260528564453","17.741260528564453","17.741260528564453"
"894","18.307207107543945","18.307207107543945","18.307207107543945"
"895","18.19438934326172","18.19438934326172","18.19438934326172"
"896","17.690528869628906","17.690528869628906","17.690528869628906"
"897","17.589265823364258","17.589265823364258","17.589265823364258"
"898","17.364715576171875","17.364715576171875","17.364715576171875"
"899","19.218626022338867","19.218626022338867","19.218626022338867"
"900","18.22127342224121","18.22127342224121","18.22127342224121"
"901","18.54035758972168","18.54035758972168","18.54035758972168"
"902","17.680700302124023","17.680700302124023","17.680700302124023"
"903","17.66086769104004","17.66086769104004","17.66086769104004"
"904","17.5922794342041","17.5922794342041","17.5922794342041"
"905","17.883224487304688","17.883224487304688","17.883224487304688"
"906","18.879405975341797","18.879405975341797","18.879405975341797"
"907","17.68804168701172","17.68804168701172","17.68804168701172"
"908","18.067665100097656","18.067665100097656","18.067665100097656"
"909","18.1895809173584","18.1895809173584","18.1895809173584"
"910","18.25153923034668","18.25153923034668","18.25153923034668"
"911","18.4335880279541","18.4335880279541","18.4335880279541"
"912","18.213233947753906","18.213233947753906","18.213233947753906"
"913","17.937702178955078","17.937702178955078","17.937702178955078"
"914","18.22536277770996","18.22536277770996","18.22536277770996"
"915","17.189250946044922","17.189250946044922","17.189250946044922"
"916","18.013612747192383","18.013612747192383","18.013612747192383"
"917","18.97484016418457","18.97484016418457","18.97484016418457"
"918","17.464256286621094","17.464256286621094","17.464256286621094"
"919","18.476911544799805","18.476911544799805","18.476911544799805"
"920","17.0153751373291","17.0153751373291","17.0153751373291"
"921","18.15918731689453","18.15918731689453","18.15918731689453"
"922","19.03616714477539","19.03616714477539","19.03616714477539"
"923","17.80704116821289","17.80704116821289","17.80704116821289"
"924","18.06818962097168","18.06818962097168","18.06818962097168"
"925","18.582744598388672","18.582744598388672","18.582744598388672"
"926","18.000417709350586","18.000417709350586","18.000417709350586"
"927","16.648571014404297","16.648571014404297","16.648571014404297"
"928","19.654470443725586","19.654470443725586","19.654470443725586"
"929","17.75554656982422","17.75554656982422","17.75554656982422"
"930","18.971450805664062","18.971450805664062","18.971450805664062"
"931","18.432199478149414","18.432199478149414","18.432199478149414"
"932","19.2613582611084","19.2613582611084","19.2613582611084"
"933","18.7022705078125","18.7022705078125","18.7022705078125"
"934","18.265857696533203","18.265857696533203","18.265857696533203"
"935","18.338228225708008","18.338228225708008","18.338228225708008"
"936","18.630958557128906","18.630958557128906","18.630958557128906"
"937","17.869571685791016","17.869571685791016","17.869571685791016"
"938","17.592849731445312","17.592849731445312","17.592849731445312"
"939","19.006715774536133","19.006715774536133","19.006715774536133"
"940","18.32183265686035","18.32183265686035","18.32183265686035"
"941","18.19659996032715","18.19659996032715","18.19659996032715"
"942","17.944734573364258","17.944734573364258","17.944734573364258"
"943","17.650283813476562","17.650283813476562","17.650283813476562"
"944","18.20329475402832","18.20329475402832","18.20329475402832"
"945","16.91969871520996","16.91969871520996","16.91969871520996"
"946","18.21384620666504","18.21384620666504","18.21384620666504"
"947","17.91286277770996","17.91286277770996","17.91286277770996"
"948","17.88738441467285","17.88738441467285","17.88738441467285"
"949","17.43147087097168","17.43147087097168","17.43147087097168"
"950","18.679128646850586","18.679128646850586","18.679128646850586"
"951","18.162511825561523","18.162511825561523","18.162511825561523"
"952","17.669055938720703","17.669055938720703","17.669055938720703"
"953","17.612991333007812","17.612991333007812","17.612991333007812"
"954","17.84746742248535","17.84746742248535","17.84746742248535"
"955","17.573322296142578","17.573322296142578","17.573322296142578"
"956","16.903154373168945","16.903154373168945","16.903154373168945"
"957","18.318525314331055","18.318525314331055","18.318525314331055"
"958","17.919116973876953","17.919116973876953","17.919116973876953"
"959","18.006214141845703","18.006214141845703","18.006214141845703"
"960","17.849285125732422","17.849285125732422","17.849285125732422"
"961","18.5920352935791","18.5920352935791","18.5920352935791"
"962","18.20892906188965","18.20892906188965","18.20892906188965"
"963","19.19936752319336","19.19936752319336","19.19936752319336"
"964","17.852025985717773","17.852025985717773","17.852025985717773"
"965","17.61929702758789","17.61929702758789","17.61929702758789"
"966","17.679790496826172","17.679790496826172","17.679790496826172"
"967","18.29991340637207","18.29991340637207","18.29991340637207"
"968","17.61977767944336","17.61977767944336","17.61977767944336"
"969","18.528209686279297","18.528209686279297","18.528209686279297"
"970","18.354961395263672","18.354961395263672","18.354961395263672"
"971","17.69207000732422","17.69207000732422","17.69207000732422"
"972","18.004352569580078","18.004352569580078","18.004352569580078"
"973","17.17676544189453","17.17676544189453","17.17676544189453"
"974","18.25126838684082","18.25126838684082","18.25126838684082"
"975","17.637813568115234","17.637813568115234","17.637813568115234"
"976","16.815698623657227","16.815698623657227","16.815698623657227"
"977","18.249282836914062","18.249282836914062","18.249282836914062"
"978","17.646718978881836","17.646718978881836","17.646718978881836"
"979","17.54477310180664","17.54477310180664","17.54477310180664"
"980","18.428604125976562","18.428604125976562","18.428604125976562"
"981","17.117469787597656","17.117469787597656","17.117469787597656"
"982","18.46010971069336","18.46010971069336","18.46010971069336"
"983","18.31041717529297","18.31041717529297","18.31041717529297"
"984","17.4095401763916","17.4095401763916","17.4095401763916"
"985","17.382671356201172","17.382671356201172","17.382671356201172"
"986","17.595632553100586","17.595632553100586","17.595632553100586"
"987","17.337390899658203","17.337390899658203","17.337390899658203"
"988","18.0767765045166","18.0767765045166","18.0767765045166"
"989","17.286773681640625","17.286773681640625","17.286773681640625"
"990","17.67006492614746","17.67006492614746","17.67006492614746"
"991","18.244882583618164","18.244882583618164","18.244882583618164"
"992","17.457365036010742","17.457365036010742","17.457365036010742"
"993","16.96342658996582","16.96342658996582","16.96342658996582"
"994","17.640674591064453","17.640674591064453","17.640674591064453"
"995","17.749006271362305","17.749006271362305","17.749006271362305"
"996","17.457733154296875","17.457733154296875","17.457733154296875"
"997","18.139314651489258","18.139314651489258","18.139314651489258"
"998","17.926414489746094","17.926414489746094","17.926414489746094"
"999","17.67131805419922","17.67131805419922","17.67131805419922"
"1000","17.87431526184082","17.87431526184082","17.87431526184082"
"1001","17.22126579284668","17.22126579284668","17.22126579284668"
"1002","18.579097747802734","18.579097747802734","18.579097747802734"
"1003","17.557716369628906","17.557716369628906","17.557716369628906"
"1004","17.660266876220703","17.660266876220703","17.660266876220703"
"1005","17.52854347229004","17.52854347229004","17.52854347229004"
"1006","17.44678497314453","17.44678497314453","17.44678497314453"
"1007","18.284414291381836","18.284414291381836","18.284414291381836"
"1008","17.504899978637695","17.504899978637695","17.504899978637695"
"1009","17.682653427124023","17.682653427124023","17.682653427124023"
"1010","16.867284774780273","16.867284774780273","16.867284774780273"
"1011","17.483266830444336","17.483266830444336","17.483266830444336"
"1012","17.182374954223633","17.182374954223633","17.182374954223633"
"1013","18.422534942626953","18.422534942626953","18.422534942626953"
"1014","17.464643478393555","17.464643478393555","17.464643478393555"
"1015","17.568370819091797","17.568370819091797","17.568370819091797"
"1016","17.3891544342041","17.3891544342041","17.3891544342041"
"1017","18.270132064819336","18.270132064819336","18.270132064819336"
"1018","18.4172306060791","18.4172306060791","18.4172306060791"
"1019","17.319311141967773","17.319311141967773","17.319311141967773"
"1020","18.064117431640625","18.064117431640625","18.064117431640625"
"1021","18.057140350341797","18.057140350341797","18.057140350341797"
"1022","19.263307571411133","19.263307571411133","19.263307571411133"
"1023","17.541139602661133","17.541139602661133","17.541139602661133"
"1024","17.13917350769043","17.13917350769043","17.13917350769043"
"1025","17.90704917907715","17.90704917907715","17.90704917907715"
"1026","18.241437911987305","18.241437911987305","18.241437911987305"
"1027","17.943710327148438","17.943710327148438","17.943710327148438"
"1028","19.378320693969727","19.378320693969727","19.378320693969727"
"1029","17.658510208129883","17.658510208129883","17.658510208129883"
"1030","18.199840545654297","18.199840545654297","18.199840545654297"
"1031","17.258499145507812","17.258499145507812","17.258499145507812"
"1032","18.30652618408203","18.30652618408203","18.30652618408203"
"1033","18.46428871154785","18.46428871154785","18.46428871154785"
"1034","17.40056610107422","17.40056610107422","17.40056610107422"
"1035","17.399887084960938","17.399887084960938","17.399887084960938"
"1036","19.135330200195312","19.135330200195312","19.135330200195312"
"1037","17.781551361083984","17.781551361083984","17.781551361083984"
"1038","18.184539794921875","18.184539794921875","18.184539794921875"
"1039","18.636281967163086","18.636281967163086","18.636281967163086"
"1040","17.992019653320312","17.992019653320312","17.992019653320312"
"1041","18.42751121520996","18.42751121520996","18.42751121520996"
"1042","18.546062469482422","18.546062469482422","18.546062469482422"
"1043","17.912628173828125","17.912628173828125","17.912628173828125"
"1044","17.836292266845703","17.836292266845703","17.836292266845703"
"1045","17.457386016845703","17.457386016845703","17.457386016845703"
"1046","17.705562591552734","17.705562591552734","17.705562591552734"
"1047","17.459697723388672","17.459697723388672","17.459697723388672"
"1048","18.944507598876953","18.944507598876953","18.944507598876953"
"1049","17.961496353149414","17.961496353149414","17.961496353149414"
"1050","17.931032180786133","17.931032180786133","17.931032180786133"
"1051","18.59636688232422","18.59636688232422","18.59636688232422"
"1052","17.775362014770508","17.775362014770508","17.775362014770508"
"1053","18.145673751831055","18.145673751831055","18.145673751831055"
"1054","17.968124389648438","17.968124389648438","17.968124389648438"
"1055","17.795856475830078","17.795856475830078","17.795856475830078"
"1056","18.07172393798828","18.07172393798828","18.07172393798828"
"1057","17.5826416015625","17.5826416015625","17.5826416015625"
"1058","18.09630584716797","18.09630584716797","18.09630584716797"
"1059","17.661598205566406","17.661598205566406","17.661598205566406"
"1060","17.617839813232422","17.617839813232422","17.617839813232422"
"1061","19.20566749572754","19.20566749572754","19.20566749572754"
"1062","17.287172317504883","17.287172317504883","17.287172317504883"
"1063","18.031980514526367","18.031980514526367","18.031980514526367"
"1064","17.59137535095215","17.59137535095215","17.59137535095215"
"1065","18.87860679626465","18.87860679626465","18.87860679626465"
"1066","19.491670608520508","19.491670608520508","19.491670608520508"
"1067","17.72025489807129","17.72025489807129","17.72025489807129"
"1068","17.924537658691406","17.924537658691406","17.924537658691406"
"1069","17.373390197753906","17.373390197753906","17.373390197753906"
"1070","18.48937225341797","18.48937225341797","18.48937225341797"
"1071","18.5491943359375","18.5491943359375","18.5491943359375"
"1072","17.1950626373291","17.1950626373291","17.1950626373291"
"1073","18.267650604248047","18.267650604248047","18.267650604248047"
"1074","18.143545150756836","18.143545150756836","18.143545150756836"
"1075","18.02654457092285","18.02654457092285","18.02654457092285"
"1076","18.110048294067383","18.110048294067383","18.110048294067383"
"1077","18.277164459228516","18.277164459228516","18.277164459228516"
"1078","17.650941848754883","17.650941848754883","17.650941848754883"
"1079","18.471181869506836","18.471181869506836","18.471181869506836"
"1080","17.269874572753906","17.269874572753906","17.269874572753906"
"1081","17.91020393371582","17.91020393371582","17.91020393371582"
"1082","18.198854446411133","18.198854446411133","18.198854446411133"
"1083","18.836984634399414","18.836984634399414","18.836984634399414"
"1084","18.544267654418945","18.544267654418945","18.544267654418945"
"1085","17.250465393066406","17.250465393066406","17.250465393066406"
"1086","17.88854217529297","17.88854217529297","17.88854217529297"
"1087","17.28575897216797","17.28575897216797","17.28575897216797"
"1088","18.736164093017578","18.736164093017578","18.736164093017578"
"1089","17.648456573486328","17.648456573486328","17.648456573486328"
"1090","17.96025276184082","17.96025276184082","17.96025276184082"
"1091","18.351259231567383","18.351259231567383","18.351259231567383"
"1092","18.168460845947266","18.168460845947266","18.168460845947266"
"1093","18.644393920898438","18.644393920898438","18.644393920898438"
"1094","17.990009307861328","17.990009307861328","17.990009307861328"
"1095","17.918447494506836","17.918447494506836","17.918447494506836"
"1096","17.715940475463867","17.715940475463867","17.715940475463867"
"1097","18.262117385864258","18.262117385864258","18.262117385864258"
"1098","18.377656936645508","18.377656936645508","18.377656936645508"
"1099","17.976360321044922","17.976360321044922","17.976360321044922"
"1100","17.64330291748047","17.64330291748047","17.64330291748047"
"1101","18.156648635864258","18.156648635864258","18.156648635864258"
"1102","17.657976150512695","17.657976150512695","17.657976150512695"
"1103","18.6014404296875","18.6014404296875","18.6014404296875"
"1104","17.357297897338867","17.357297897338867","17.357297897338867"
"1105","19.642066955566406","19.642066955566406","19.642066955566406"
"1106","18.39605712890625","18.39605712890625","18.39605712890625"
"1107","17.98479652404785","17.98479652404785","17.98479652404785"
"1108","18.16053009033203","18.16053009033203","18.16053009033203"
"1109","19.47397804260254","19.47397804260254","19.47397804260254"
"1110","18.25625991821289","18.25625991821289","18.25625991821289"
"1111","17.884641647338867","17.884641647338867","17.884641647338867"
"1112","17.300662994384766","17.300662994384766","17.300662994384766"
"1113","17.84598159790039","17.84598159790039","17.84598159790039"
"1114","18.040712356567383","18.040712356567383","18.040712356567383"
"1115","17.90183448791504","17.90183448791504","17.90183448791504"
"1116","18.270347595214844","18.270347595214844","18.270347595214844"
"1117","18.99378204345703","18.99378204345703","18.99378204345703"
"1118","19.331327438354492","19.331327438354492","19.331327438354492"
"1119","18.641216278076172","18.641216278076172","18.641216278076172"
"1120","17.263484954833984","17.263484954833984","17.263484954833984"
"1121","18.171239852905273","18.171239852905273","18.171239852905273"
"1122","17.742719650268555","17.742719650268555","17.742719650268555"
"1123","17.799543380737305","17.799543380737305","17.799543380737305"
"1124","17.373462677001953","17.373462677001953","17.373462677001953"
"1125","17.47834014892578","17.47834014892578","17.47834014892578"
"1126","18.558834075927734","18.558834075927734","18.558834075927734"
"1127","17.530574798583984","17.530574798583984","17.530574798583984"
"1128","18.12533950805664","18.12533950805664","18.12533950805664"
"1129","17.979982376098633","17.979982376098633","17.979982376098633"
"1130","17.762134552001953","17.762134552001953","17.762134552001953"
"1131","18.780765533447266","18.780765533447266","18.780765533447266"
"1132","17.116628646850586","17.116628646850586","17.116628646850586"
"1133","17.593746185302734","17.593746185302734","17.593746185302734"
"1134","18.692806243896484","18.692806243896484","18.692806243896484"
"1135","18.18509292602539","18.18509292602539","18.18509292602539"
"1136","16.960447311401367","16.960447311401367","16.960447311401367"
"1137","16.72814178466797","16.72814178466797","16.72814178466797"
"1138","17.760074615478516","17.760074615478516","17.760074615478516"
"1139","20.56809425354004","20.56809425354004","20.56809425354004"
"1140","18.023956298828125","18.023956298828125","18.023956298828125"
"1141","17.923351287841797","17.923351287841797","17.923351287841797"
"1142","17.272964477539062","17.272964477539062","17.272964477539062"
"1143","18.009706497192383","18.009706497192383","18.009706497192383"
"1144","18.17070770263672","18.17070770263672","18.17070770263672"
"1145","19.529003143310547","19.529003143310547","19.529003143310547"
"1146","18.274625778198242","18.274625778198242","18.274625778198242"
"1147","18.04273796081543","18.04273796081543","18.04273796081543"
"1148","19.08968734741211","19.08968734741211","19.08968734741211"
"1149","18.15639877319336","18.15639877319336","18.15639877319336"
"1150","16.499162673950195","16.499162673950195","16.499162673950195"
"1151","17.924043655395508","17.924043655395508","17.924043655395508"
"1152","18.256166458129883","18.256166458129883","18.256166458129883"
"1153","17.61014747619629","17.61014747619629","17.61014747619629"
"1154","18.170757293701172","18.170757293701172","18.170757293701172"
"1155","17.850400924682617","17.850400924682617","17.850400924682617"
"1156","17.18109130859375","17.18109130859375","17.18109130859375"
"1157","18.315074920654297","18.315074920654297","18.315074920654297"
"1158","17.335176467895508","17.335176467895508","17.335176467895508"
"1159","18.237913131713867","18.237913131713867","18.237913131713867"
"1160","17.851139068603516","17.851139068603516","17.851139068603516"
"1161","17.43660545349121","17.43660545349121","17.43660545349121"
"1162","17.655017852783203","17.655017852783203","17.655017852783203"
"1163","18.32025909423828","18.32025909423828","18.32025909423828"
"1164","18.02273941040039","18.02273941040039","18.02273941040039"
"1165","17.28397560119629","17.28397560119629","17.28397560119629"
"1166","17.928672790527344","17.928672790527344","17.928672790527344"
"1167","17.570186614990234","17.570186614990234","17.570186614990234"
"1168","18.772993087768555","18.772993087768555","18.772993087768555"
"1169","18.93836784362793","18.93836784362793","18.93836784362793"
"1170","17.57763671875","17.57763671875","17.57763671875"
"1171","17.880313873291016","17.880313873291016","17.880313873291016"
"1172","17.828636169433594","17.828636169433594","17.828636169433594"
"1173","17.167133331298828","17.167133331298828","17.167133331298828"
"1174","18.168447494506836","18.168447494506836","18.168447494506836"
"1175","17.2220458984375","17.2220458984375","17.2220458984375"
"1176","19.52471160888672","19.52471160888672","19.52471160888672"
"1177","17.310338973999023","17.310338973999023","17.310338973999023"
"1178","18.143651962280273","18.143651962280273","18.143651962280273"
"1179","17.504024505615234","17.504024505615234","17.504024505615234"
"1180","17.972246170043945","17.972246170043945","17.972246170043945"
"1181","18.374126434326172","18.374126434326172","18.374126434326172"
"1182","18.209569931030273","18.209569931030273","18.209569931030273"
"1183","18.448205947875977","18.448205947875977","18.448205947875977"
"1184","17.886192321777344","17.886192321777344","17.886192321777344"
"1185","18.098236083984375","18.098236083984375","18.098236083984375"
"1186","17.785844802856445","17.785844802856445","17.785844802856445"
"1187","17.76340103149414","17.76340103149414","17.76340103149414"
"1188","18.18619155883789","18.18619155883789","18.18619155883789"
"1189","18.22649383544922","18.22649383544922","18.22649383544922"
"1190","18.47347640991211","18.47347640991211","18.47347640991211"
"1191","18.40928840637207","18.40928840637207","18.40928840637207"
"1192","17.806991577148438","17.806991577148438","17.806991577148438"
"1193","17.155031204223633","17.155031204223633","17.155031204223633"
"1194","18.41304588317871","18.41304588317871","18.41304588317871"
"1195","18.584590911865234","18.584590911865234","18.584590911865234"
"1196","18.874526977539062","18.874526977539062","18.874526977539062"
"1197","16.50030517578125","16.50030517578125","16.50030517578125"
"1198","17.666627883911133","17.666627883911133","17.666627883911133"
"1199","17.207576751708984","17.207576751708984","17.207576751708984"
"1200","17.716840744018555","17.716840744018555","17.716840744018555"
"1201","17.774782180786133","17.774782180786133","17.774782180786133"
"1202","17.648468017578125","17.648468017578125","17.648468017578125"
"1203","18.603614807128906","18.603614807128906","18.603614807128906"
"1204","17.47911834716797","17.47911834716797","17.47911834716797"
"1205","18.918075561523438","18.918075561523438","18.918075561523438"
"1206","18.118587493896484","18.118587493896484","18.118587493896484"
"1207","18.210643768310547","18.210643768310547","18.210643768310547"
"1208","18.072620391845703","18.072620391845703","18.072620391845703"
"1209","18.219955444335938","18.219955444335938","18.219955444335938"
"1210","17.593143463134766","17.593143463134766","17.593143463134766"
"1211","18.75374984741211","18.75374984741211","18.75374984741211"
"1212","17.620031356811523","17.620031356811523","17.620031356811523"
"1213","18.277713775634766","18.277713775634766","18.277713775634766"
"1214","17.962764739990234","17.962764739990234","17.962764739990234"
"1215","17.113832473754883","17.113832473754883","17.113832473754883"
"1216","17.791725158691406","17.791725158691406","17.791725158691406"
"1217","18.29092788696289","18.29092788696289","18.29092788696289"
"1218","18.41382598876953","18.41382598876953","18.41382598876953"
"1219","17.520666122436523","17.520666122436523","17.520666122436523"
"1220","17.764511108398438","17.764511108398438","17.764511108398438"
"1221","18.299209594726562","18.299209594726562","18.299209594726562"
"1222","17.98709487915039","17.98709487915039","17.98709487915039"
"1223","17.603057861328125","17.603057861328125","17.603057861328125"
"1224","17.767654418945312","17.767654418945312","17.767654418945312"
"1225","18.34861946105957","18.34861946105957","18.34861946105957"
"1226","17.591812133789062","17.591812133789062","17.591812133789062"
"1227","18.32207679748535","18.32207679748535","18.32207679748535"
"1228","17.736833572387695","17.736833572387695","17.736833572387695"
"1229","18.54170799255371","18.54170799255371","18.54170799255371"
"1230","17.49349594116211","17.49349594116211","17.49349594116211"
"1231","17.77603530883789","17.77603530883789","17.77603530883789"
"1232","16.88518524169922","16.88518524169922","16.88518524169922"
"1233","17.538442611694336","17.538442611694336","17.538442611694336"
"1234","18.046674728393555","18.046674728393555","18.046674728393555"
"1235","17.51044464111328","17.51044464111328","17.51044464111328"
"1236","17.92646026611328","17.92646026611328","17.92646026611328"
"1237","17.775293350219727","17.775293350219727","17.775293350219727"
"1238","17.480371475219727","17.480371475219727","17.480371475219727"
"1239","17.55895233154297","17.55895233154297","17.55895233154297"
"1240","19.09079360961914","19.09079360961914","19.09079360961914"
"1241","17.824844360351562","17.824844360351562","17.824844360351562"
"1242","17.376625061035156","17.376625061035156","17.376625061035156"
"1243","18.460426330566406","18.460426330566406","18.460426330566406"
"1244","17.97743034362793","17.97743034362793","17.97743034362793"
"1245","17.90928840637207","17.90928840637207","17.90928840637207"
"1246","17.5434513092041","17.5434513092041","17.5434513092041"
"1247","19.104450225830078","19.104450225830078","19.104450225830078"
"1248","17.938467025756836","17.938467025756836","17.938467025756836"
"1249","17.28597640991211","17.28597640991211","17.28597640991211"
"1250","17.373889923095703","17.373889923095703","17.373889923095703"
"1251","17.891647338867188","17.891647338867188","17.891647338867188"
"1252","17.455018997192383","17.455018997192383","17.455018997192383"
"1253","17.197906494140625","17.197906494140625","17.197906494140625"
"1254","17.747072219848633","17.747072219848633","17.747072219848633"
"1255","17.382553100585938","17.382553100585938","17.382553100585938"
"1256","17.784740447998047","17.784740447998047","17.784740447998047"
"1257","19.23569107055664","19.23569107055664","19.23569107055664"
"1258","17.4349308013916","17.4349308013916","17.4349308013916"
"1259","17.298551559448242","17.298551559448242","17.298551559448242"
"1260","17.7861385345459","17.7861385345459","17.7861385345459"