"Step","male_silero - loss/g/kl","male_silero - loss/g/kl__MIN","male_silero - loss/g/kl__MAX"
"0","7.631106376647949","7.631106376647949","7.631106376647949"
"1","2.760938882827759","2.760938882827759","2.760938882827759"
"2","2.780410051345825","2.780410051345825","2.780410051345825"
"3","2.3345279693603516","2.3345279693603516","2.3345279693603516"
"4","2.1461198329925537","2.1461198329925537","2.1461198329925537"
"5","2.6746084690093994","2.6746084690093994","2.6746084690093994"
"6","1.868902325630188","1.868902325630188","1.868902325630188"
"7","2.114480495452881","2.114480495452881","2.114480495452881"
"8","2.648512125015259","2.648512125015259","2.648512125015259"
"9","2.5331695079803467","2.5331695079803467","2.5331695079803467"
"10","3.274585008621216","3.274585008621216","3.274585008621216"
"11","2.129629373550415","2.129629373550415","2.129629373550415"
"12","2.010239362716675","2.010239362716675","2.010239362716675"
"13","2.013049364089966","2.013049364089966","2.013049364089966"
"14","2.2495107650756836","2.2495107650756836","2.2495107650756836"
"15","2.0522756576538086","2.0522756576538086","2.0522756576538086"
"16","2.0498335361480713","2.0498335361480713","2.0498335361480713"
"17","2.3954646587371826","2.3954646587371826","2.3954646587371826"
"18","2.7864136695861816","2.7864136695861816","2.7864136695861816"
"19","2.2171168327331543","2.2171168327331543","2.2171168327331543"
"20","2.478398084640503","2.478398084640503","2.478398084640503"
"21","2.347762107849121","2.347762107849121","2.347762107849121"
"22","2.359678268432617","2.359678268432617","2.359678268432617"
"23","2.627324104309082","2.627324104309082","2.627324104309082"
"24","2.3730649948120117","2.3730649948120117","2.3730649948120117"
"25","2.375275135040283","2.375275135040283","2.375275135040283"
"26","2.7286646366119385","2.7286646366119385","2.7286646366119385"
"27","2.48675274848938","2.48675274848938","2.48675274848938"
"28","2.0379767417907715","2.0379767417907715","2.0379767417907715"
"29","1.8207402229309082","1.8207402229309082","1.8207402229309082"
"30","2.688265562057495","2.688265562057495","2.688265562057495"
"31","2.5543487071990967","2.5543487071990967","2.5543487071990967"
"32","1.939853549003601","1.939853549003601","1.939853549003601"
"33","2.5826144218444824","2.5826144218444824","2.5826144218444824"
"34","2.7088634967803955","2.7088634967803955","2.7088634967803955"
"35","2.817744255065918","2.817744255065918","2.817744255065918"
"36","2.7119624614715576","2.7119624614715576","2.7119624614715576"
"37","2.4724111557006836","2.4724111557006836","2.4724111557006836"
"38","2.5009381771087646","2.5009381771087646","2.5009381771087646"
"39","2.735008716583252","2.735008716583252","2.735008716583252"
"40","2.2930808067321777","2.2930808067321777","2.2930808067321777"
"41","2.8005573749542236","2.8005573749542236","2.8005573749542236"
"42","2.344212770462036","2.344212770462036","2.344212770462036"
"43","2.1079294681549072","2.1079294681549072","2.1079294681549072"
"44","2.177764415740967","2.177764415740967","2.177764415740967"
"45","2.5779147148132324","2.5779147148132324","2.5779147148132324"
"46","2.0682480335235596","2.0682480335235596","2.0682480335235596"
"47","2.5184383392333984","2.5184383392333984","2.5184383392333984"
"48","1.9552236795425415","1.9552236795425415","1.9552236795425415"
"49","2.325131893157959","2.325131893157959","2.325131893157959"
"50","2.3159866333007812","2.3159866333007812","2.3159866333007812"
"51","2.334782361984253","2.334782361984253","2.334782361984253"
"52","2.3809375762939453","2.3809375762939453","2.3809375762939453"
"53","2.3237195014953613","2.3237195014953613","2.3237195014953613"
"54","2.0041275024414062","2.0041275024414062","2.0041275024414062"
"55","2.212785243988037","2.212785243988037","2.212785243988037"
"56","2.47198748588562","2.47198748588562","2.47198748588562"
"57","2.256072521209717","2.256072521209717","2.256072521209717"
"58","2.601667642593384","2.601667642593384","2.601667642593384"
"59","3.009565830230713","3.009565830230713","3.009565830230713"
"60","3.006387233734131","3.006387233734131","3.006387233734131"
"61","2.2979230880737305","2.2979230880737305","2.2979230880737305"
"62","1.9007667303085327","1.9007667303085327","1.9007667303085327"
"63","2.0511221885681152","2.0511221885681152","2.0511221885681152"
"64","2.4100935459136963","2.4100935459136963","2.4100935459136963"
"65","2.0396318435668945","2.0396318435668945","2.0396318435668945"
"66","2.280280828475952","2.280280828475952","2.280280828475952"
"67","2.5798182487487793","2.5798182487487793","2.5798182487487793"
"68","2.819113254547119","2.819113254547119","2.819113254547119"
"69","1.9750840663909912","1.9750840663909912","1.9750840663909912"
"70","3.0825767517089844","3.0825767517089844","3.0825767517089844"
"71","2.036569595336914","2.036569595336914","2.036569595336914"
"72","2.3381640911102295","2.3381640911102295","2.3381640911102295"
"73","2.127671718597412","2.127671718597412","2.127671718597412"
"74","2.5937514305114746","2.5937514305114746","2.5937514305114746"
"75","1.8453242778778076","1.8453242778778076","1.8453242778778076"
"76","2.882697105407715","2.882697105407715","2.882697105407715"
"77","2.3468246459960938","2.3468246459960938","2.3468246459960938"
"78","2.0747792720794678","2.0747792720794678","2.0747792720794678"
"79","2.620651960372925","2.620651960372925","2.620651960372925"
"80","2.3202483654022217","2.3202483654022217","2.3202483654022217"
"81","2.0839645862579346","2.0839645862579346","2.0839645862579346"
"82","2.6212732791900635","2.6212732791900635","2.6212732791900635"
"83","2.8556582927703857","2.8556582927703857","2.8556582927703857"
"84","1.9454292058944702","1.9454292058944702","1.9454292058944702"
"85","2.407731056213379","2.407731056213379","2.407731056213379"
"86","2.1108553409576416","2.1108553409576416","2.1108553409576416"
"87","2.535111904144287","2.535111904144287","2.535111904144287"
"88","2.31894850730896","2.31894850730896","2.31894850730896"
"89","2.0300650596618652","2.0300650596618652","2.0300650596618652"
"90","2.358396291732788","2.358396291732788","2.358396291732788"
"91","2.168649673461914","2.168649673461914","2.168649673461914"
"92","2.5498461723327637","2.5498461723327637","2.5498461723327637"
"93","1.8296812772750854","1.8296812772750854","1.8296812772750854"
"94","2.2786831855773926","2.2786831855773926","2.2786831855773926"
"95","2.5354526042938232","2.5354526042938232","2.5354526042938232"
"96","2.0749294757843018","2.0749294757843018","2.0749294757843018"
"97","2.3251049518585205","2.3251049518585205","2.3251049518585205"
"98","2.0112264156341553","2.0112264156341553","2.0112264156341553"
"99","2.634312391281128","2.634312391281128","2.634312391281128"
"100","2.660952091217041","2.660952091217041","2.660952091217041"
"101","2.250927448272705","2.250927448272705","2.250927448272705"
"102","2.5237855911254883","2.5237855911254883","2.5237855911254883"
"103","2.7582309246063232","2.7582309246063232","2.7582309246063232"
"104","2.329476833343506","2.329476833343506","2.329476833343506"
"105","2.287511110305786","2.287511110305786","2.287511110305786"
"106","2.0218138694763184","2.0218138694763184","2.0218138694763184"
"107","2.005103588104248","2.005103588104248","2.005103588104248"
"108","2.0652894973754883","2.0652894973754883","2.0652894973754883"
"109","1.9463521242141724","1.9463521242141724","1.9463521242141724"
"110","2.3606648445129395","2.3606648445129395","2.3606648445129395"
"111","2.3449604511260986","2.3449604511260986","2.3449604511260986"
"112","2.190178394317627","2.190178394317627","2.190178394317627"
"113","2.4252140522003174","2.4252140522003174","2.4252140522003174"
"114","1.9874235391616821","1.9874235391616821","1.9874235391616821"
"115","1.9905498027801514","1.9905498027801514","1.9905498027801514"
"116","2.090548515319824","2.090548515319824","2.090548515319824"
"117","2.1018831729888916","2.1018831729888916","2.1018831729888916"
"118","2.707911491394043","2.707911491394043","2.707911491394043"
"119","2.3455097675323486","2.3455097675323486","2.3455097675323486"
"120","2.239255666732788","2.239255666732788","2.239255666732788"
"121","2.5856947898864746","2.5856947898864746","2.5856947898864746"
"122","2.4300129413604736","2.4300129413604736","2.4300129413604736"
"123","2.171308994293213","2.171308994293213","2.171308994293213"
"124","2.1550405025482178","2.1550405025482178","2.1550405025482178"
"125","1.880029320716858","1.880029320716858","1.880029320716858"
"126","2.1622672080993652","2.1622672080993652","2.1622672080993652"
"127","2.270559072494507","2.270559072494507","2.270559072494507"
"128","2.724393129348755","2.724393129348755","2.724393129348755"
"129","2.4488370418548584","2.4488370418548584","2.4488370418548584"
"130","2.1120173931121826","2.1120173931121826","2.1120173931121826"
"131","2.0062785148620605","2.0062785148620605","2.0062785148620605"
"132","2.508207321166992","2.508207321166992","2.508207321166992"
"133","2.600247859954834","2.600247859954834","2.600247859954834"
"134","2.228677749633789","2.228677749633789","2.228677749633789"
"135","2.081162691116333","2.081162691116333","2.081162691116333"
"136","1.9821457862854004","1.9821457862854004","1.9821457862854004"
"137","3.029263734817505","3.029263734817505","3.029263734817505"
"138","2.2745449542999268","2.2745449542999268","2.2745449542999268"
"139","2.0728681087493896","2.0728681087493896","2.0728681087493896"
"140","2.475846767425537","2.475846767425537","2.475846767425537"
"141","1.7815852165222168","1.7815852165222168","1.7815852165222168"
"142","2.143355131149292","2.143355131149292","2.143355131149292"
"143","2.6175384521484375","2.6175384521484375","2.6175384521484375"
"144","2.599743366241455","2.599743366241455","2.599743366241455"
"145","2.202836036682129","2.202836036682129","2.202836036682129"
"146","2.314061403274536","2.314061403274536","2.314061403274536"
"147","2.1211469173431396","2.1211469173431396","2.1211469173431396"
"148","2.127925157546997","2.127925157546997","2.127925157546997"
"149","2.359539270401001","2.359539270401001","2.359539270401001"
"150","2.081001043319702","2.081001043319702","2.081001043319702"
"151","2.276768445968628","2.276768445968628","2.276768445968628"
"152","2.2152676582336426","2.2152676582336426","2.2152676582336426"
"153","2.2154159545898438","2.2154159545898438","2.2154159545898438"
"154","2.5437815189361572","2.5437815189361572","2.5437815189361572"
"155","2.5241756439208984","2.5241756439208984","2.5241756439208984"
"156","2.2383289337158203","2.2383289337158203","2.2383289337158203"
"157","2.664436101913452","2.664436101913452","2.664436101913452"
"158","2.5696682929992676","2.5696682929992676","2.5696682929992676"
"159","2.0994551181793213","2.0994551181793213","2.0994551181793213"
"160","1.8956894874572754","1.8956894874572754","1.8956894874572754"
"161","2.2632880210876465","2.2632880210876465","2.2632880210876465"
"162","1.7090122699737549","1.7090122699737549","1.7090122699737549"
"163","2.196458339691162","2.196458339691162","2.196458339691162"
"164","2.0673768520355225","2.0673768520355225","2.0673768520355225"
"165","2.2447195053100586","2.2447195053100586","2.2447195053100586"
"166","1.9138998985290527","1.9138998985290527","1.9138998985290527"
"167","2.047743558883667","2.047743558883667","2.047743558883667"
"168","2.597119092941284","2.597119092941284","2.597119092941284"
"169","2.2437257766723633","2.2437257766723633","2.2437257766723633"
"170","2.468114137649536","2.468114137649536","2.468114137649536"
"171","2.368401050567627","2.368401050567627","2.368401050567627"
"172","2.6739022731781006","2.6739022731781006","2.6739022731781006"
"173","1.7640682458877563","1.7640682458877563","1.7640682458877563"
"174","2.3240766525268555","2.3240766525268555","2.3240766525268555"
"175","2.1582095623016357","2.1582095623016357","2.1582095623016357"
"176","2.133687973022461","2.133687973022461","2.133687973022461"
"177","1.9147785902023315","1.9147785902023315","1.9147785902023315"
"178","2.3853673934936523","2.3853673934936523","2.3853673934936523"
"179","1.955271601676941","1.955271601676941","1.955271601676941"
"180","2.2517032623291016","2.2517032623291016","2.2517032623291016"
"181","2.397359609603882","2.397359609603882","2.397359609603882"
"182","2.3009791374206543","2.3009791374206543","2.3009791374206543"
"183","3.0982370376586914","3.0982370376586914","3.0982370376586914"
"184","2.0945050716400146","2.0945050716400146","2.0945050716400146"
"185","2.2265102863311768","2.2265102863311768","2.2265102863311768"
"186","2.0691640377044678","2.0691640377044678","2.0691640377044678"
"187","2.192420482635498","2.192420482635498","2.192420482635498"
"188","2.2486648559570312","2.2486648559570312","2.2486648559570312"
"189","2.5696041584014893","2.5696041584014893","2.5696041584014893"
"190","2.604759931564331","2.604759931564331","2.604759931564331"
"191","2.3358314037323","2.3358314037323","2.3358314037323"
"192","2.3734750747680664","2.3734750747680664","2.3734750747680664"
"193","2.362142324447632","2.362142324447632","2.362142324447632"
"194","2.250629425048828","2.250629425048828","2.250629425048828"
"195","2.4303629398345947","2.4303629398345947","2.4303629398345947"
"196","2.4985764026641846","2.4985764026641846","2.4985764026641846"
"197","2.43497896194458","2.43497896194458","2.43497896194458"
"198","1.6791646480560303","1.6791646480560303","1.6791646480560303"
"199","1.7403740882873535","1.7403740882873535","1.7403740882873535"
"200","1.8509762287139893","1.8509762287139893","1.8509762287139893"
"201","1.9484456777572632","1.9484456777572632","1.9484456777572632"
"202","2.1688246726989746","2.1688246726989746","2.1688246726989746"
"203","2.3876025676727295","2.3876025676727295","2.3876025676727295"
"204","2.112900733947754","2.112900733947754","2.112900733947754"
"205","2.697103261947632","2.697103261947632","2.697103261947632"
"206","2.167064666748047","2.167064666748047","2.167064666748047"
"207","1.7990374565124512","1.7990374565124512","1.7990374565124512"
"208","2.2351198196411133","2.2351198196411133","2.2351198196411133"
"209","2.311840295791626","2.311840295791626","2.311840295791626"
"210","2.811203956604004","2.811203956604004","2.811203956604004"
"211","2.3039979934692383","2.3039979934692383","2.3039979934692383"
"212","2.0666654109954834","2.0666654109954834","2.0666654109954834"
"213","1.926877737045288","1.926877737045288","1.926877737045288"
"214","2.1413700580596924","2.1413700580596924","2.1413700580596924"
"215","2.301687717437744","2.301687717437744","2.301687717437744"
"216","2.6978869438171387","2.6978869438171387","2.6978869438171387"
"217","2.619774580001831","2.619774580001831","2.619774580001831"
"218","2.586378812789917","2.586378812789917","2.586378812789917"
"219","2.798754930496216","2.798754930496216","2.798754930496216"
"220","2.880803108215332","2.880803108215332","2.880803108215332"
"221","1.6467853784561157","1.6467853784561157","1.6467853784561157"
"222","2.4751601219177246","2.4751601219177246","2.4751601219177246"
"223","2.5312423706054688","2.5312423706054688","2.5312423706054688"
"224","2.3222503662109375","2.3222503662109375","2.3222503662109375"
"225","2.323604106903076","2.323604106903076","2.323604106903076"
"226","2.5319666862487793","2.5319666862487793","2.5319666862487793"
"227","2.3205745220184326","2.3205745220184326","2.3205745220184326"
"228","2.268885612487793","2.268885612487793","2.268885612487793"
"229","2.4370832443237305","2.4370832443237305","2.4370832443237305"
"230","2.4579544067382812","2.4579544067382812","2.4579544067382812"
"231","2.3165886402130127","2.3165886402130127","2.3165886402130127"
"232","2.4012234210968018","2.4012234210968018","2.4012234210968018"
"233","2.274749994277954","2.274749994277954","2.274749994277954"
"234","2.0481340885162354","2.0481340885162354","2.0481340885162354"
"235","3.185904026031494","3.185904026031494","3.185904026031494"
"236","2.268326759338379","2.268326759338379","2.268326759338379"
"237","2.023268938064575","2.023268938064575","2.023268938064575"
"238","2.3617653846740723","2.3617653846740723","2.3617653846740723"
"239","2.3668320178985596","2.3668320178985596","2.3668320178985596"
"240","2.241229772567749","2.241229772567749","2.241229772567749"
"241","1.979203462600708","1.979203462600708","1.979203462600708"
"242","2.2949647903442383","2.2949647903442383","2.2949647903442383"
"243","1.768235445022583","1.768235445022583","1.768235445022583"
"244","2.4800989627838135","2.4800989627838135","2.4800989627838135"
"245","1.9778178930282593","1.9778178930282593","1.9778178930282593"
"246","2.0290112495422363","2.0290112495422363","2.0290112495422363"
"247","2.220871686935425","2.220871686935425","2.220871686935425"
"248","1.9471572637557983","1.9471572637557983","1.9471572637557983"
"249","2.150355815887451","2.150355815887451","2.150355815887451"
"250","2.12796950340271","2.12796950340271","2.12796950340271"
"251","2.3284718990325928","2.3284718990325928","2.3284718990325928"
"252","2.1809396743774414","2.1809396743774414","2.1809396743774414"
"253","2.2726500034332275","2.2726500034332275","2.2726500034332275"
"254","2.611809015274048","2.611809015274048","2.611809015274048"
"255","2.236861228942871","2.236861228942871","2.236861228942871"
"256","2.3747949600219727","2.3747949600219727","2.3747949600219727"
"257","2.5876195430755615","2.5876195430755615","2.5876195430755615"
"258","2.215731382369995","2.215731382369995","2.215731382369995"
"259","2.192877769470215","2.192877769470215","2.192877769470215"
"260","2.426143169403076","2.426143169403076","2.426143169403076"
"261","2.7537882328033447","2.7537882328033447","2.7537882328033447"
"262","2.618626117706299","2.618626117706299","2.618626117706299"
"263","2.3118338584899902","2.3118338584899902","2.3118338584899902"
"264","1.9495699405670166","1.9495699405670166","1.9495699405670166"
"265","2.225196599960327","2.225196599960327","2.225196599960327"
"266","2.4425415992736816","2.4425415992736816","2.4425415992736816"
"267","2.5592970848083496","2.5592970848083496","2.5592970848083496"
"268","2.2369866371154785","2.2369866371154785","2.2369866371154785"
"269","2.424253225326538","2.424253225326538","2.424253225326538"
"270","2.5893685817718506","2.5893685817718506","2.5893685817718506"
"271","1.800779104232788","1.800779104232788","1.800779104232788"
"272","2.5120418071746826","2.5120418071746826","2.5120418071746826"
"273","1.960376501083374","1.960376501083374","1.960376501083374"
"274","2.9068427085876465","2.9068427085876465","2.9068427085876465"
"275","2.455902338027954","2.455902338027954","2.455902338027954"
"276","2.2010161876678467","2.2010161876678467","2.2010161876678467"
"277","2.7022864818573","2.7022864818573","2.7022864818573"
"278","2.521714687347412","2.521714687347412","2.521714687347412"
"279","2.0993692874908447","2.0993692874908447","2.0993692874908447"
"280","1.887839674949646","1.887839674949646","1.887839674949646"
"281","2.4138479232788086","2.4138479232788086","2.4138479232788086"
"282","2.488990068435669","2.488990068435669","2.488990068435669"
"283","2.196645975112915","2.196645975112915","2.196645975112915"
"284","1.899137258529663","1.899137258529663","1.899137258529663"
"285","2.3734970092773438","2.3734970092773438","2.3734970092773438"
"286","2.1279215812683105","2.1279215812683105","2.1279215812683105"
"287","2.839085102081299","2.839085102081299","2.839085102081299"
"288","1.6992666721343994","1.6992666721343994","1.6992666721343994"
"289","2.2255823612213135","2.2255823612213135","2.2255823612213135"
"290","2.542322874069214","2.542322874069214","2.542322874069214"
"291","2.4072985649108887","2.4072985649108887","2.4072985649108887"
"292","2.3206846714019775","2.3206846714019775","2.3206846714019775"
"293","2.3688230514526367","2.3688230514526367","2.3688230514526367"
"294","2.1098434925079346","2.1098434925079346","2.1098434925079346"
"295","2.2538039684295654","2.2538039684295654","2.2538039684295654"
"296","1.8907512426376343","1.8907512426376343","1.8907512426376343"
"297","2.7186901569366455","2.7186901569366455","2.7186901569366455"
"298","2.302654266357422","2.302654266357422","2.302654266357422"
"299","2.522264003753662","2.522264003753662","2.522264003753662"
"300","2.878225088119507","2.878225088119507","2.878225088119507"
"301","2.2602174282073975","2.2602174282073975","2.2602174282073975"
"302","1.7427570819854736","1.7427570819854736","1.7427570819854736"
"303","2.669508695602417","2.669508695602417","2.669508695602417"
"304","2.502826452255249","2.502826452255249","2.502826452255249"
"305","2.2764670848846436","2.2764670848846436","2.2764670848846436"
"306","2.0521345138549805","2.0521345138549805","2.0521345138549805"
"307","2.5699427127838135","2.5699427127838135","2.5699427127838135"
"308","2.8559114933013916","2.8559114933013916","2.8559114933013916"
"309","1.957594871520996","1.957594871520996","1.957594871520996"
"310","2.297283411026001","2.297283411026001","2.297283411026001"
"311","2.1664743423461914","2.1664743423461914","2.1664743423461914"
"312","1.963273525238037","1.963273525238037","1.963273525238037"
"313","2.247115135192871","2.247115135192871","2.247115135192871"
"314","2.5919456481933594","2.5919456481933594","2.5919456481933594"
"315","2.2394635677337646","2.2394635677337646","2.2394635677337646"
"316","2.4188263416290283","2.4188263416290283","2.4188263416290283"
"317","2.0804615020751953","2.0804615020751953","2.0804615020751953"
"318","2.209872007369995","2.209872007369995","2.209872007369995"
"319","2.1396515369415283","2.1396515369415283","2.1396515369415283"
"320","1.929498314857483","1.929498314857483","1.929498314857483"
"321","2.267340898513794","2.267340898513794","2.267340898513794"
"322","2.825580358505249","2.825580358505249","2.825580358505249"
"323","2.5595200061798096","2.5595200061798096","2.5595200061798096"
"324","2.199779748916626","2.199779748916626","2.199779748916626"
"325","1.8306164741516113","1.8306164741516113","1.8306164741516113"
"326","2.54732084274292","2.54732084274292","2.54732084274292"
"327","2.3836100101470947","2.3836100101470947","2.3836100101470947"
"328","2.098991632461548","2.098991632461548","2.098991632461548"
"329","2.226034164428711","2.226034164428711","2.226034164428711"
"330","1.8120489120483398","1.8120489120483398","1.8120489120483398"
"331","2.344088554382324","2.344088554382324","2.344088554382324"
"332","2.312039613723755","2.312039613723755","2.312039613723755"
"333","1.7973384857177734","1.7973384857177734","1.7973384857177734"
"334","2.4150519371032715","2.4150519371032715","2.4150519371032715"
"335","2.1757845878601074","2.1757845878601074","2.1757845878601074"
"336","2.2089853286743164","2.2089853286743164","2.2089853286743164"
"337","2.453187942504883","2.453187942504883","2.453187942504883"
"338","2.2427122592926025","2.2427122592926025","2.2427122592926025"
"339","1.9199002981185913","1.9199002981185913","1.9199002981185913"
"340","2.037393093109131","2.037393093109131","2.037393093109131"
"341","2.1326823234558105","2.1326823234558105","2.1326823234558105"
"342","1.6865134239196777","1.6865134239196777","1.6865134239196777"
"343","2.248563528060913","2.248563528060913","2.248563528060913"
"344","2.8136065006256104","2.8136065006256104","2.8136065006256104"
"345","2.529583215713501","2.529583215713501","2.529583215713501"
"346","1.7542150020599365","1.7542150020599365","1.7542150020599365"
"347","2.349045991897583","2.349045991897583","2.349045991897583"
"348","2.1254165172576904","2.1254165172576904","2.1254165172576904"
"349","2.3703136444091797","2.3703136444091797","2.3703136444091797"
"350","2.300550699234009","2.300550699234009","2.300550699234009"
"351","2.571457862854004","2.571457862854004","2.571457862854004"
"352","1.6836732625961304","1.6836732625961304","1.6836732625961304"
"353","2.3824124336242676","2.3824124336242676","2.3824124336242676"
"354","2.40006160736084","2.40006160736084","2.40006160736084"
"355","2.8767740726470947","2.8767740726470947","2.8767740726470947"
"356","1.9521152973175049","1.9521152973175049","1.9521152973175049"
"357","2.6999270915985107","2.6999270915985107","2.6999270915985107"
"358","2.1086831092834473","2.1086831092834473","2.1086831092834473"
"359","2.2785491943359375","2.2785491943359375","2.2785491943359375"
"360","2.315328598022461","2.315328598022461","2.315328598022461"
"361","2.118004560470581","2.118004560470581","2.118004560470581"
"362","2.09616756439209","2.09616756439209","2.09616756439209"
"363","2.182100772857666","2.182100772857666","2.182100772857666"
"364","1.78352689743042","1.78352689743042","1.78352689743042"
"365","2.72796630859375","2.72796630859375","2.72796630859375"
"366","1.779727816581726","1.779727816581726","1.779727816581726"
"367","2.2463345527648926","2.2463345527648926","2.2463345527648926"
"368","2.0833210945129395","2.0833210945129395","2.0833210945129395"
"369","2.5230953693389893","2.5230953693389893","2.5230953693389893"
"370","2.5839529037475586","2.5839529037475586","2.5839529037475586"
"371","2.0165584087371826","2.0165584087371826","2.0165584087371826"
"372","2.969451665878296","2.969451665878296","2.969451665878296"
"373","2.3344900608062744","2.3344900608062744","2.3344900608062744"
"374","2.767951488494873","2.767951488494873","2.767951488494873"
"375","2.1973438262939453","2.1973438262939453","2.1973438262939453"
"376","1.8163203001022339","1.8163203001022339","1.8163203001022339"
"377","2.119091272354126","2.119091272354126","2.119091272354126"
"378","2.443058490753174","2.443058490753174","2.443058490753174"
"379","2.436567544937134","2.436567544937134","2.436567544937134"
"380","3.0396547317504883","3.0396547317504883","3.0396547317504883"
"381","1.8493835926055908","1.8493835926055908","1.8493835926055908"
"382","2.153214931488037","2.153214931488037","2.153214931488037"
"383","2.835670232772827","2.835670232772827","2.835670232772827"
"384","1.999328851699829","1.999328851699829","1.999328851699829"
"385","2.8010952472686768","2.8010952472686768","2.8010952472686768"
"386","1.9900457859039307","1.9900457859039307","1.9900457859039307"
"387","2.2198903560638428","2.2198903560638428","2.2198903560638428"
"388","1.8891786336898804","1.8891786336898804","1.8891786336898804"
"389","2.0430033206939697","2.0430033206939697","2.0430033206939697"
"390","2.175626277923584","2.175626277923584","2.175626277923584"
"391","2.342836618423462","2.342836618423462","2.342836618423462"
"392","2.1921675205230713","2.1921675205230713","2.1921675205230713"
"393","2.5958821773529053","2.5958821773529053","2.5958821773529053"
"394","2.034173011779785","2.034173011779785","2.034173011779785"
"395","2.5338730812072754","2.5338730812072754","2.5338730812072754"
"396","2.2069718837738037","2.2069718837738037","2.2069718837738037"
"397","2.5186614990234375","2.5186614990234375","2.5186614990234375"
"398","2.201308012008667","2.201308012008667","2.201308012008667"
"399","2.3864662647247314","2.3864662647247314","2.3864662647247314"
"400","2.3417582511901855","2.3417582511901855","2.3417582511901855"
"401","1.7894190549850464","1.7894190549850464","1.7894190549850464"
"402","1.5950932502746582","1.5950932502746582","1.5950932502746582"
"403","2.450895071029663","2.450895071029663","2.450895071029663"
"404","1.8988256454467773","1.8988256454467773","1.8988256454467773"
"405","2.2820987701416016","2.2820987701416016","2.2820987701416016"
"406","1.9836986064910889","1.9836986064910889","1.9836986064910889"
"407","2.0395095348358154","2.0395095348358154","2.0395095348358154"
"408","2.2338900566101074","2.2338900566101074","2.2338900566101074"
"409","2.216693639755249","2.216693639755249","2.216693639755249"
"410","1.757968544960022","1.757968544960022","1.757968544960022"
"411","2.093808174133301","2.093808174133301","2.093808174133301"
"412","2.2612786293029785","2.2612786293029785","2.2612786293029785"
"413","2.5407466888427734","2.5407466888427734","2.5407466888427734"
"414","2.639822006225586","2.639822006225586","2.639822006225586"
"415","1.947840690612793","1.947840690612793","1.947840690612793"
"416","2.4425876140594482","2.4425876140594482","2.4425876140594482"
"417","2.384131908416748","2.384131908416748","2.384131908416748"
"418","2.213125705718994","2.213125705718994","2.213125705718994"
"419","1.8495280742645264","1.8495280742645264","1.8495280742645264"
"420","2.423163652420044","2.423163652420044","2.423163652420044"
"421","2.020442008972168","2.020442008972168","2.020442008972168"
"422","2.044013023376465","2.044013023376465","2.044013023376465"
"423","2.4155232906341553","2.4155232906341553","2.4155232906341553"
"424","2.2144393920898438","2.2144393920898438","2.2144393920898438"
"425","1.8694463968276978","1.8694463968276978","1.8694463968276978"
"426","2.4712719917297363","2.4712719917297363","2.4712719917297363"
"427","2.149897813796997","2.149897813796997","2.149897813796997"
"428","2.367309808731079","2.367309808731079","2.367309808731079"
"429","2.6911096572875977","2.6911096572875977","2.6911096572875977"
"430","2.1058096885681152","2.1058096885681152","2.1058096885681152"
"431","1.9026933908462524","1.9026933908462524","1.9026933908462524"
"432","2.164177179336548","2.164177179336548","2.164177179336548"
"433","2.7771549224853516","2.7771549224853516","2.7771549224853516"
"434","2.153064727783203","2.153064727783203","2.153064727783203"
"435","2.362884521484375","2.362884521484375","2.362884521484375"
"436","2.248300552368164","2.248300552368164","2.248300552368164"
"437","2.498365640640259","2.498365640640259","2.498365640640259"
"438","2.388913154602051","2.388913154602051","2.388913154602051"
"439","2.320344924926758","2.320344924926758","2.320344924926758"
"440","2.258687734603882","2.258687734603882","2.258687734603882"
"441","2.546445369720459","2.546445369720459","2.546445369720459"
"442","1.7867845296859741","1.7867845296859741","1.7867845296859741"
"443","2.374866485595703","2.374866485595703","2.374866485595703"
"444","2.214341640472412","2.214341640472412","2.214341640472412"
"445","1.9748620986938477","1.9748620986938477","1.9748620986938477"
"446","1.9846824407577515","1.9846824407577515","1.9846824407577515"
"447","2.2039952278137207","2.2039952278137207","2.2039952278137207"
"448","2.74196457862854","2.74196457862854","2.74196457862854"
"449","2.314305067062378","2.314305067062378","2.314305067062378"
"450","2.2688791751861572","2.2688791751861572","2.2688791751861572"
"451","1.9834930896759033","1.9834930896759033","1.9834930896759033"
"452","2.571281909942627","2.571281909942627","2.571281909942627"
"453","2.5890486240386963","2.5890486240386963","2.5890486240386963"
"454","2.311007499694824","2.311007499694824","2.311007499694824"
"455","1.6884762048721313","1.6884762048721313","1.6884762048721313"
"456","1.859026551246643","1.859026551246643","1.859026551246643"
"457","2.3176839351654053","2.3176839351654053","2.3176839351654053"
"458","2.6014041900634766","2.6014041900634766","2.6014041900634766"
"459","2.574981451034546","2.574981451034546","2.574981451034546"
"460","2.3041698932647705","2.3041698932647705","2.3041698932647705"
"461","2.084118366241455","2.084118366241455","2.084118366241455"
"462","1.9801901578903198","1.9801901578903198","1.9801901578903198"
"463","1.807860016822815","1.807860016822815","1.807860016822815"
"464","2.5200958251953125","2.5200958251953125","2.5200958251953125"
"465","1.8308614492416382","1.8308614492416382","1.8308614492416382"
"466","2.572124719619751","2.572124719619751","2.572124719619751"
"467","2.160832643508911","2.160832643508911","2.160832643508911"
"468","2.2851004600524902","2.2851004600524902","2.2851004600524902"
"469","2.4833984375","2.4833984375","2.4833984375"
"470","2.359194755554199","2.359194755554199","2.359194755554199"
"471","2.227940559387207","2.227940559387207","2.227940559387207"
"472","2.6752939224243164","2.6752939224243164","2.6752939224243164"
"473","2.3707213401794434","2.3707213401794434","2.3707213401794434"
"474","2.5605413913726807","2.5605413913726807","2.5605413913726807"
"475","2.316969156265259","2.316969156265259","2.316969156265259"
"476","2.1434786319732666","2.1434786319732666","2.1434786319732666"
"477","2.349120855331421","2.349120855331421","2.349120855331421"
"478","1.86374032497406","1.86374032497406","1.86374032497406"
"479","2.084989309310913","2.084989309310913","2.084989309310913"
"480","2.4169869422912598","2.4169869422912598","2.4169869422912598"
"481","2.2477545738220215","2.2477545738220215","2.2477545738220215"
"482","2.8152577877044678","2.8152577877044678","2.8152577877044678"
"483","1.8091951608657837","1.8091951608657837","1.8091951608657837"
"484","2.218761682510376","2.218761682510376","2.218761682510376"
"485","2.334533452987671","2.334533452987671","2.334533452987671"
"486","2.264028549194336","2.264028549194336","2.264028549194336"
"487","2.5486156940460205","2.5486156940460205","2.5486156940460205"
"488","2.3346951007843018","2.3346951007843018","2.3346951007843018"
"489","2.261577844619751","2.261577844619751","2.261577844619751"
"490","1.8437706232070923","1.8437706232070923","1.8437706232070923"
"491","2.6246302127838135","2.6246302127838135","2.6246302127838135"
"492","2.449352264404297","2.449352264404297","2.449352264404297"
"493","2.4945130348205566","2.4945130348205566","2.4945130348205566"
"494","2.6719963550567627","2.6719963550567627","2.6719963550567627"
"495","2.372602939605713","2.372602939605713","2.372602939605713"
"496","2.4143831729888916","2.4143831729888916","2.4143831729888916"
"497","1.912465214729309","1.912465214729309","1.912465214729309"
"498","2.008134603500366","2.008134603500366","2.008134603500366"
"499","1.8965991735458374","1.8965991735458374","1.8965991735458374"
"500","2.480881452560425","2.480881452560425","2.480881452560425"
"501","2.7348148822784424","2.7348148822784424","2.7348148822784424"
"502","2.1582565307617188","2.1582565307617188","2.1582565307617188"
"503","2.160595655441284","2.160595655441284","2.160595655441284"
"504","2.101113796234131","2.101113796234131","2.101113796234131"
"505","2.4657182693481445","2.4657182693481445","2.4657182693481445"
"506","1.6269840002059937","1.6269840002059937","1.6269840002059937"
"507","2.5176892280578613","2.5176892280578613","2.5176892280578613"
"508","1.87221097946167","1.87221097946167","1.87221097946167"
"509","1.7898871898651123","1.7898871898651123","1.7898871898651123"
"510","2.28513765335083","2.28513765335083","2.28513765335083"
"511","2.3710312843322754","2.3710312843322754","2.3710312843322754"
"512","2.5090675354003906","2.5090675354003906","2.5090675354003906"
"513","2.1466968059539795","2.1466968059539795","2.1466968059539795"
"514","2.7549633979797363","2.7549633979797363","2.7549633979797363"
"515","2.2607479095458984","2.2607479095458984","2.2607479095458984"
"516","2.543333053588867","2.543333053588867","2.543333053588867"
"517","2.2644827365875244","2.2644827365875244","2.2644827365875244"
"518","2.5750229358673096","2.5750229358673096","2.5750229358673096"
"519","1.7272945642471313","1.7272945642471313","1.7272945642471313"
"520","2.2086894512176514","2.2086894512176514","2.2086894512176514"
"521","2.4867141246795654","2.4867141246795654","2.4867141246795654"
"522","2.2665622234344482","2.2665622234344482","2.2665622234344482"
"523","2.4990124702453613","2.4990124702453613","2.4990124702453613"
"524","2.6277425289154053","2.6277425289154053","2.6277425289154053"
"525","2.6290969848632812","2.6290969848632812","2.6290969848632812"
"526","2.634592056274414","2.634592056274414","2.634592056274414"
"527","2.073352575302124","2.073352575302124","2.073352575302124"
"528","2.7287068367004395","2.7287068367004395","2.7287068367004395"
"529","1.7729878425598145","1.7729878425598145","1.7729878425598145"
"530","2.4258406162261963","2.4258406162261963","2.4258406162261963"
"531","2.389833927154541","2.389833927154541","2.389833927154541"
"532","2.9454185962677","2.9454185962677","2.9454185962677"
"533","2.025242567062378","2.025242567062378","2.025242567062378"
"534","2.2064342498779297","2.2064342498779297","2.2064342498779297"
"535","2.4200358390808105","2.4200358390808105","2.4200358390808105"
"536","1.9507311582565308","1.9507311582565308","1.9507311582565308"
"537","2.6221377849578857","2.6221377849578857","2.6221377849578857"
"538","2.7528815269470215","2.7528815269470215","2.7528815269470215"
"539","2.19405198097229","2.19405198097229","2.19405198097229"
"540","2.189055919647217","2.189055919647217","2.189055919647217"
"541","1.5757585763931274","1.5757585763931274","1.5757585763931274"
"542","2.0898702144622803","2.0898702144622803","2.0898702144622803"
"543","2.5080978870391846","2.5080978870391846","2.5080978870391846"
"544","2.7061781883239746","2.7061781883239746","2.7061781883239746"
"545","2.168637990951538","2.168637990951538","2.168637990951538"
"546","2.058893918991089","2.058893918991089","2.058893918991089"
"547","2.2058751583099365","2.2058751583099365","2.2058751583099365"
"548","2.7603678703308105","2.7603678703308105","2.7603678703308105"
"549","2.5551652908325195","2.5551652908325195","2.5551652908325195"
"550","1.7969591617584229","1.7969591617584229","1.7969591617584229"
"551","1.8940593004226685","1.8940593004226685","1.8940593004226685"
"552","2.7459709644317627","2.7459709644317627","2.7459709644317627"
"553","1.9303505420684814","1.9303505420684814","1.9303505420684814"
"554","2.514744520187378","2.514744520187378","2.514744520187378"
"555","2.345963954925537","2.345963954925537","2.345963954925537"
"556","2.481344223022461","2.481344223022461","2.481344223022461"
"557","2.3985204696655273","2.3985204696655273","2.3985204696655273"
"558","2.180013656616211","2.180013656616211","2.180013656616211"
"559","2.488945960998535","2.488945960998535","2.488945960998535"
"560","2.252617597579956","2.252617597579956","2.252617597579956"
"561","2.4091992378234863","2.4091992378234863","2.4091992378234863"
"562","2.4998488426208496","2.4998488426208496","2.4998488426208496"
"563","2.4973080158233643","2.4973080158233643","2.4973080158233643"
"564","2.2678022384643555","2.2678022384643555","2.2678022384643555"
"565","1.7845336198806763","1.7845336198806763","1.7845336198806763"
"566","1.9689686298370361","1.9689686298370361","1.9689686298370361"
"567","2.1302573680877686","2.1302573680877686","2.1302573680877686"
"568","1.9468928575515747","1.9468928575515747","1.9468928575515747"
"569","2.6390624046325684","2.6390624046325684","2.6390624046325684"
"570","2.5244858264923096","2.5244858264923096","2.5244858264923096"
"571","2.31907057762146","2.31907057762146","2.31907057762146"
"572","2.793883800506592","2.793883800506592","2.793883800506592"
"573","2.3543038368225098","2.3543038368225098","2.3543038368225098"
"574","2.68310546875","2.68310546875","2.68310546875"
"575","1.9452048540115356","1.9452048540115356","1.9452048540115356"
"576","2.2053334712982178","2.2053334712982178","2.2053334712982178"
"577","2.4417858123779297","2.4417858123779297","2.4417858123779297"
"578","2.1651341915130615","2.1651341915130615","2.1651341915130615"
"579","2.0142366886138916","2.0142366886138916","2.0142366886138916"
"580","2.063284158706665","2.063284158706665","2.063284158706665"
"581","2.601548671722412","2.601548671722412","2.601548671722412"
"582","2.2955031394958496","2.2955031394958496","2.2955031394958496"
"583","1.7913686037063599","1.7913686037063599","1.7913686037063599"
"584","2.7508459091186523","2.7508459091186523","2.7508459091186523"
"585","3.1444091796875","3.1444091796875","3.1444091796875"
"586","2.1133344173431396","2.1133344173431396","2.1133344173431396"
"587","1.9584280252456665","1.9584280252456665","1.9584280252456665"
"588","2.2082765102386475","2.2082765102386475","2.2082765102386475"
"589","2.61934494972229","2.61934494972229","2.61934494972229"
"590","2.0434634685516357","2.0434634685516357","2.0434634685516357"
"591","2.3912062644958496","2.3912062644958496","2.3912062644958496"
"592","2.42496395111084","2.42496395111084","2.42496395111084"
"593","2.266045570373535","2.266045570373535","2.266045570373535"
"594","2.8602750301361084","2.8602750301361084","2.8602750301361084"
"595","2.9173338413238525","2.9173338413238525","2.9173338413238525"
"596","2.217167615890503","2.217167615890503","2.217167615890503"
"597","2.092439889907837","2.092439889907837","2.092439889907837"
"598","2.7135655879974365","2.7135655879974365","2.7135655879974365"
"599","2.272260904312134","2.272260904312134","2.272260904312134"
"600","2.103715658187866","2.103715658187866","2.103715658187866"
"601","2.514145851135254","2.514145851135254","2.514145851135254"
"602","1.9204657077789307","1.9204657077789307","1.9204657077789307"
"603","2.626150131225586","2.626150131225586","2.626150131225586"
"604","1.9127631187438965","1.9127631187438965","1.9127631187438965"
"605","2.612464666366577","2.612464666366577","2.612464666366577"
"606","2.3551578521728516","2.3551578521728516","2.3551578521728516"
"607","2.006396532058716","2.006396532058716","2.006396532058716"
"608","2.4468138217926025","2.4468138217926025","2.4468138217926025"
"609","2.694465160369873","2.694465160369873","2.694465160369873"
"610","2.802873373031616","2.802873373031616","2.802873373031616"
"611","2.398348093032837","2.398348093032837","2.398348093032837"
"612","2.343949556350708","2.343949556350708","2.343949556350708"
"613","1.9639930725097656","1.9639930725097656","1.9639930725097656"
"614","2.5402474403381348","2.5402474403381348","2.5402474403381348"
"615","2.4433422088623047","2.4433422088623047","2.4433422088623047"
"616","2.2811503410339355","2.2811503410339355","2.2811503410339355"
"617","2.625370979309082","2.625370979309082","2.625370979309082"
"618","2.235430955886841","2.235430955886841","2.235430955886841"
"619","1.9298200607299805","1.9298200607299805","1.9298200607299805"
"620","2.5498058795928955","2.5498058795928955","2.5498058795928955"
"621","2.726926565170288","2.726926565170288","2.726926565170288"
"622","2.6920907497406006","2.6920907497406006","2.6920907497406006"
"623","2.583216905593872","2.583216905593872","2.583216905593872"
"624","2.6471457481384277","2.6471457481384277","2.6471457481384277"
"625","2.10725474357605","2.10725474357605","2.10725474357605"
"626","2.8457229137420654","2.8457229137420654","2.8457229137420654"
"627","1.9807366132736206","1.9807366132736206","1.9807366132736206"
"628","2.365905284881592","2.365905284881592","2.365905284881592"
"629","2.3886775970458984","2.3886775970458984","2.3886775970458984"
"630","2.5949716567993164","2.5949716567993164","2.5949716567993164"
"631","2.0908522605895996","2.0908522605895996","2.0908522605895996"
"632","2.2108380794525146","2.2108380794525146","2.2108380794525146"
"633","1.9892274141311646","1.9892274141311646","1.9892274141311646"
"634","2.487074851989746","2.487074851989746","2.487074851989746"
"635","2.110522985458374","2.110522985458374","2.110522985458374"
"636","2.3151438236236572","2.3151438236236572","2.3151438236236572"
"637","2.355130434036255","2.355130434036255","2.355130434036255"
"638","1.845572590827942","1.845572590827942","1.845572590827942"
"639","2.0371508598327637","2.0371508598327637","2.0371508598327637"
"640","2.3474843502044678","2.3474843502044678","2.3474843502044678"
"641","1.6448127031326294","1.6448127031326294","1.6448127031326294"
"642","2.2393529415130615","2.2393529415130615","2.2393529415130615"
"643","1.7779794931411743","1.7779794931411743","1.7779794931411743"
"644","2.10530948638916","2.10530948638916","2.10530948638916"
"645","2.5319321155548096","2.5319321155548096","2.5319321155548096"
"646","2.4028263092041016","2.4028263092041016","2.4028263092041016"
"647","2.729689836502075","2.729689836502075","2.729689836502075"
"648","2.0006980895996094","2.0006980895996094","2.0006980895996094"
"649","2.4529976844787598","2.4529976844787598","2.4529976844787598"
"650","1.9729704856872559","1.9729704856872559","1.9729704856872559"
"651","2.5116748809814453","2.5116748809814453","2.5116748809814453"
"652","2.494274139404297","2.494274139404297","2.494274139404297"
"653","2.5482370853424072","2.5482370853424072","2.5482370853424072"
"654","2.7010691165924072","2.7010691165924072","2.7010691165924072"
"655","2.3839704990386963","2.3839704990386963","2.3839704990386963"
"656","2.2522120475769043","2.2522120475769043","2.2522120475769043"
"657","2.3781418800354004","2.3781418800354004","2.3781418800354004"
"658","2.415229082107544","2.415229082107544","2.415229082107544"
"659","2.3391096591949463","2.3391096591949463","2.3391096591949463"
"660","2.317138910293579","2.317138910293579","2.317138910293579"
"661","2.124537467956543","2.124537467956543","2.124537467956543"
"662","2.0891358852386475","2.0891358852386475","2.0891358852386475"
"663","2.451429605484009","2.451429605484009","2.451429605484009"
"664","2.7967772483825684","2.7967772483825684","2.7967772483825684"
"665","2.529407024383545","2.529407024383545","2.529407024383545"
"666","2.0665063858032227","2.0665063858032227","2.0665063858032227"
"667","2.3171300888061523","2.3171300888061523","2.3171300888061523"
"668","2.880906343460083","2.880906343460083","2.880906343460083"
"669","2.8140127658843994","2.8140127658843994","2.8140127658843994"
"670","2.046858787536621","2.046858787536621","2.046858787536621"
"671","2.4796526432037354","2.4796526432037354","2.4796526432037354"
"672","2.3493003845214844","2.3493003845214844","2.3493003845214844"
"673","2.9149343967437744","2.9149343967437744","2.9149343967437744"
"674","1.9522851705551147","1.9522851705551147","1.9522851705551147"
"675","2.721660614013672","2.721660614013672","2.721660614013672"
"676","2.2508225440979004","2.2508225440979004","2.2508225440979004"
"677","2.4511876106262207","2.4511876106262207","2.4511876106262207"
"678","1.8536648750305176","1.8536648750305176","1.8536648750305176"
"679","2.1608715057373047","2.1608715057373047","2.1608715057373047"
"680","2.1234195232391357","2.1234195232391357","2.1234195232391357"
"681","2.162839889526367","2.162839889526367","2.162839889526367"
"682","2.383530616760254","2.383530616760254","2.383530616760254"
"683","2.0531370639801025","2.0531370639801025","2.0531370639801025"
"684","1.9280694723129272","1.9280694723129272","1.9280694723129272"
"685","2.471581220626831","2.471581220626831","2.471581220626831"
"686","2.7175564765930176","2.7175564765930176","2.7175564765930176"
"687","2.1819849014282227","2.1819849014282227","2.1819849014282227"
"688","2.3014678955078125","2.3014678955078125","2.3014678955078125"
"689","2.3575878143310547","2.3575878143310547","2.3575878143310547"
"690","2.493624448776245","2.493624448776245","2.493624448776245"
"691","2.355844497680664","2.355844497680664","2.355844497680664"
"692","2.4976048469543457","2.4976048469543457","2.4976048469543457"
"693","2.1863532066345215","2.1863532066345215","2.1863532066345215"
"694","1.9368207454681396","1.9368207454681396","1.9368207454681396"
"695","2.6528961658477783","2.6528961658477783","2.6528961658477783"
"696","2.0074143409729004","2.0074143409729004","2.0074143409729004"
"697","2.6517679691314697","2.6517679691314697","2.6517679691314697"
"698","2.3450355529785156","2.3450355529785156","2.3450355529785156"
"699","2.0538923740386963","2.0538923740386963","2.0538923740386963"
"700","2.270477533340454","2.270477533340454","2.270477533340454"
"701","1.8612406253814697","1.8612406253814697","1.8612406253814697"
"702","2.269254446029663","2.269254446029663","2.269254446029663"
"703","2.9941954612731934","2.9941954612731934","2.9941954612731934"
"704","1.8312734365463257","1.8312734365463257","1.8312734365463257"
"705","2.1367106437683105","2.1367106437683105","2.1367106437683105"
"706","2.8692986965179443","2.8692986965179443","2.8692986965179443"
"707","1.9744806289672852","1.9744806289672852","1.9744806289672852"
"708","2.0348732471466064","2.0348732471466064","2.0348732471466064"
"709","2.2492945194244385","2.2492945194244385","2.2492945194244385"
"710","2.2745730876922607","2.2745730876922607","2.2745730876922607"
"711","2.3850483894348145","2.3850483894348145","2.3850483894348145"
"712","2.3205363750457764","2.3205363750457764","2.3205363750457764"
"713","2.0942671298980713","2.0942671298980713","2.0942671298980713"
"714","2.205024003982544","2.205024003982544","2.205024003982544"
"715","2.2124669551849365","2.2124669551849365","2.2124669551849365"
"716","1.882607340812683","1.882607340812683","1.882607340812683"
"717","2.1971535682678223","2.1971535682678223","2.1971535682678223"
"718","1.825819969177246","1.825819969177246","1.825819969177246"
"719","2.3530185222625732","2.3530185222625732","2.3530185222625732"
"720","2.441082239151001","2.441082239151001","2.441082239151001"
"721","2.213559150695801","2.213559150695801","2.213559150695801"
"722","2.6434409618377686","2.6434409618377686","2.6434409618377686"
"723","2.2528131008148193","2.2528131008148193","2.2528131008148193"
"724","2.145756244659424","2.145756244659424","2.145756244659424"
"725","2.739128589630127","2.739128589630127","2.739128589630127"
"726","2.298428535461426","2.298428535461426","2.298428535461426"
"727","2.076373338699341","2.076373338699341","2.076373338699341"
"728","2.3532211780548096","2.3532211780548096","2.3532211780548096"
"729","2.358339786529541","2.358339786529541","2.358339786529541"
"730","2.6385157108306885","2.6385157108306885","2.6385157108306885"
"731","2.047653913497925","2.047653913497925","2.047653913497925"
"732","2.243431329727173","2.243431329727173","2.243431329727173"
"733","2.2623438835144043","2.2623438835144043","2.2623438835144043"
"734","2.151646137237549","2.151646137237549","2.151646137237549"
"735","2.280776262283325","2.280776262283325","2.280776262283325"
"736","2.135481595993042","2.135481595993042","2.135481595993042"
"737","2.1357779502868652","2.1357779502868652","2.1357779502868652"
"738","1.8969484567642212","1.8969484567642212","1.8969484567642212"
"739","2.403911590576172","2.403911590576172","2.403911590576172"
"740","2.4388234615325928","2.4388234615325928","2.4388234615325928"
"741","2.311797857284546","2.311797857284546","2.311797857284546"
"742","2.228431224822998","2.228431224822998","2.228431224822998"
"743","2.4293017387390137","2.4293017387390137","2.4293017387390137"
"744","2.0856168270111084","2.0856168270111084","2.0856168270111084"
"745","2.9948976039886475","2.9948976039886475","2.9948976039886475"
"746","2.19946026802063","2.19946026802063","2.19946026802063"
"747","2.2637760639190674","2.2637760639190674","2.2637760639190674"
"748","2.479027032852173","2.479027032852173","2.479027032852173"
"749","2.6827168464660645","2.6827168464660645","2.6827168464660645"
"750","2.192593812942505","2.192593812942505","2.192593812942505"
"751","2.1669087409973145","2.1669087409973145","2.1669087409973145"
"752","2.40346097946167","2.40346097946167","2.40346097946167"
"753","2.9261724948883057","2.9261724948883057","2.9261724948883057"
"754","2.3628454208374023","2.3628454208374023","2.3628454208374023"
"755","2.011674642562866","2.011674642562866","2.011674642562866"
"756","2.6455020904541016","2.6455020904541016","2.6455020904541016"
"757","2.076237201690674","2.076237201690674","2.076237201690674"
"758","2.000365734100342","2.000365734100342","2.000365734100342"
"759","2.5092999935150146","2.5092999935150146","2.5092999935150146"
"760","2.296869993209839","2.296869993209839","2.296869993209839"
"761","2.304919481277466","2.304919481277466","2.304919481277466"
"762","2.2368853092193604","2.2368853092193604","2.2368853092193604"
"763","2.7499935626983643","2.7499935626983643","2.7499935626983643"
"764","2.4944519996643066","2.4944519996643066","2.4944519996643066"
"765","2.4190056324005127","2.4190056324005127","2.4190056324005127"
"766","2.2635746002197266","2.2635746002197266","2.2635746002197266"
"767","2.1400959491729736","2.1400959491729736","2.1400959491729736"
"768","2.3820078372955322","2.3820078372955322","2.3820078372955322"
"769","2.297947883605957","2.297947883605957","2.297947883605957"
"770","2.243356943130493","2.243356943130493","2.243356943130493"
"771","2.3009111881256104","2.3009111881256104","2.3009111881256104"
"772","2.3470311164855957","2.3470311164855957","2.3470311164855957"
"773","2.238854169845581","2.238854169845581","2.238854169845581"
"774","2.317537784576416","2.317537784576416","2.317537784576416"
"775","1.9492477178573608","1.9492477178573608","1.9492477178573608"
"776","2.528550386428833","2.528550386428833","2.528550386428833"
"777","2.300532579421997","2.300532579421997","2.300532579421997"
"778","2.6293911933898926","2.6293911933898926","2.6293911933898926"
"779","2.487699508666992","2.487699508666992","2.487699508666992"
"780","2.0990850925445557","2.0990850925445557","2.0990850925445557"
"781","2.255145788192749","2.255145788192749","2.255145788192749"
"782","2.2191007137298584","2.2191007137298584","2.2191007137298584"
"783","2.1578400135040283","2.1578400135040283","2.1578400135040283"
"784","2.740039348602295","2.740039348602295","2.740039348602295"
"785","2.3118369579315186","2.3118369579315186","2.3118369579315186"
"786","1.8911535739898682","1.8911535739898682","1.8911535739898682"
"787","2.499243974685669","2.499243974685669","2.499243974685669"
"788","1.4374715089797974","1.4374715089797974","1.4374715089797974"
"789","2.4222662448883057","2.4222662448883057","2.4222662448883057"
"790","2.1543407440185547","2.1543407440185547","2.1543407440185547"
"791","2.4615349769592285","2.4615349769592285","2.4615349769592285"
"792","2.4426026344299316","2.4426026344299316","2.4426026344299316"
"793","1.8882026672363281","1.8882026672363281","1.8882026672363281"
"794","2.1362264156341553","2.1362264156341553","2.1362264156341553"
"795","1.9130334854125977","1.9130334854125977","1.9130334854125977"
"796","1.9729875326156616","1.9729875326156616","1.9729875326156616"
"797","2.109254837036133","2.109254837036133","2.109254837036133"
"798","2.250131607055664","2.250131607055664","2.250131607055664"
"799","2.512737512588501","2.512737512588501","2.512737512588501"
"800","2.3360564708709717","2.3360564708709717","2.3360564708709717"
"801","2.145191192626953","2.145191192626953","2.145191192626953"
"802","2.47754168510437","2.47754168510437","2.47754168510437"
"803","2.1282055377960205","2.1282055377960205","2.1282055377960205"
"804","2.525618553161621","2.525618553161621","2.525618553161621"
"805","2.512664318084717","2.512664318084717","2.512664318084717"
"806","2.0952179431915283","2.0952179431915283","2.0952179431915283"
"807","2.068726062774658","2.068726062774658","2.068726062774658"
"808","2.811018705368042","2.811018705368042","2.811018705368042"
"809","2.2511684894561768","2.2511684894561768","2.2511684894561768"
"810","2.4414303302764893","2.4414303302764893","2.4414303302764893"
"811","2.5829849243164062","2.5829849243164062","2.5829849243164062"
"812","2.039302110671997","2.039302110671997","2.039302110671997"
"813","2.1697030067443848","2.1697030067443848","2.1697030067443848"
"814","2.767446994781494","2.767446994781494","2.767446994781494"
"815","2.204700469970703","2.204700469970703","2.204700469970703"
"816","2.805036783218384","2.805036783218384","2.805036783218384"
"817","1.9331462383270264","1.9331462383270264","1.9331462383270264"
"818","2.1759464740753174","2.1759464740753174","2.1759464740753174"
"819","2.029858350753784","2.029858350753784","2.029858350753784"
"820","1.9678194522857666","1.9678194522857666","1.9678194522857666"
"821","2.163949966430664","2.163949966430664","2.163949966430664"
"822","2.290999174118042","2.290999174118042","2.290999174118042"
"823","2.69340181350708","2.69340181350708","2.69340181350708"
"824","2.4887802600860596","2.4887802600860596","2.4887802600860596"
"825","2.596411943435669","2.596411943435669","2.596411943435669"
"826","1.7919487953186035","1.7919487953186035","1.7919487953186035"
"827","2.154819965362549","2.154819965362549","2.154819965362549"
"828","2.698720932006836","2.698720932006836","2.698720932006836"
"829","2.5327813625335693","2.5327813625335693","2.5327813625335693"
"830","1.9576128721237183","1.9576128721237183","1.9576128721237183"
"831","2.177340030670166","2.177340030670166","2.177340030670166"
"832","2.3528902530670166","2.3528902530670166","2.3528902530670166"
"833","2.2813408374786377","2.2813408374786377","2.2813408374786377"
"834","2.0299806594848633","2.0299806594848633","2.0299806594848633"
"835","2.1728103160858154","2.1728103160858154","2.1728103160858154"
"836","2.2102341651916504","2.2102341651916504","2.2102341651916504"
"837","1.7962524890899658","1.7962524890899658","1.7962524890899658"
"838","1.8409487009048462","1.8409487009048462","1.8409487009048462"
"839","2.6065845489501953","2.6065845489501953","2.6065845489501953"
"840","2.3419246673583984","2.3419246673583984","2.3419246673583984"
"841","2.104191780090332","2.104191780090332","2.104191780090332"
"842","1.857679843902588","1.857679843902588","1.857679843902588"
"843","1.9194377660751343","1.9194377660751343","1.9194377660751343"
"844","2.42433762550354","2.42433762550354","2.42433762550354"
"845","2.167879819869995","2.167879819869995","2.167879819869995"
"846","2.046308755874634","2.046308755874634","2.046308755874634"
"847","1.8782734870910645","1.8782734870910645","1.8782734870910645"
"848","2.247251272201538","2.247251272201538","2.247251272201538"
"849","2.4622280597686768","2.4622280597686768","2.4622280597686768"
"850","2.560835599899292","2.560835599899292","2.560835599899292"
"851","2.4704995155334473","2.4704995155334473","2.4704995155334473"
"852","2.234819173812866","2.234819173812866","2.234819173812866"
"853","1.8071602582931519","1.8071602582931519","1.8071602582931519"
"854","2.2612149715423584","2.2612149715423584","2.2612149715423584"
"855","2.4002861976623535","2.4002861976623535","2.4002861976623535"
"856","1.993713140487671","1.993713140487671","1.993713140487671"
"857","2.3216159343719482","2.3216159343719482","2.3216159343719482"
"858","1.7939718961715698","1.7939718961715698","1.7939718961715698"
"859","2.492471218109131","2.492471218109131","2.492471218109131"
"860","1.7402215003967285","1.7402215003967285","1.7402215003967285"
"861","1.6921110153198242","1.6921110153198242","1.6921110153198242"
"862","2.765822410583496","2.765822410583496","2.765822410583496"
"863","2.4302337169647217","2.4302337169647217","2.4302337169647217"
"864","2.1780426502227783","2.1780426502227783","2.1780426502227783"
"865","2.572279691696167","2.572279691696167","2.572279691696167"
"866","2.6122212409973145","2.6122212409973145","2.6122212409973145"
"867","2.2429733276367188","2.2429733276367188","2.2429733276367188"
"868","2.801074981689453","2.801074981689453","2.801074981689453"
"869","2.155696153640747","2.155696153640747","2.155696153640747"
"870","2.093234062194824","2.093234062194824","2.093234062194824"
"871","2.830824851989746","2.830824851989746","2.830824851989746"
"872","2.2753210067749023","2.2753210067749023","2.2753210067749023"
"873","1.9192919731140137","1.9192919731140137","1.9192919731140137"
"874","2.478179693222046","2.478179693222046","2.478179693222046"
"875","1.7161921262741089","1.7161921262741089","1.7161921262741089"
"876","2.2703628540039062","2.2703628540039062","2.2703628540039062"
"877","2.5087180137634277","2.5087180137634277","2.5087180137634277"
"878","2.1592347621917725","2.1592347621917725","2.1592347621917725"
"879","2.082350730895996","2.082350730895996","2.082350730895996"
"880","2.189458131790161","2.189458131790161","2.189458131790161"
"881","2.2183570861816406","2.2183570861816406","2.2183570861816406"
"882","2.764759063720703","2.764759063720703","2.764759063720703"
"883","2.6958413124084473","2.6958413124084473","2.6958413124084473"
"884","2.331712007522583","2.331712007522583","2.331712007522583"
"885","1.6283607482910156","1.6283607482910156","1.6283607482910156"
"886","2.364109516143799","2.364109516143799","2.364109516143799"
"887","2.0786473751068115","2.0786473751068115","2.0786473751068115"
"888","2.5602569580078125","2.5602569580078125","2.5602569580078125"
"889","2.5294301509857178","2.5294301509857178","2.5294301509857178"
"890","2.6504335403442383","2.6504335403442383","2.6504335403442383"
"891","2.549974203109741","2.549974203109741","2.549974203109741"
"892","2.5827858448028564","2.5827858448028564","2.5827858448028564"
"893","2.049920082092285","2.049920082092285","2.049920082092285"
"894","2.441675901412964","2.441675901412964","2.441675901412964"
"895","2.6200740337371826","2.6200740337371826","2.6200740337371826"
"896","2.424914598464966","2.424914598464966","2.424914598464966"
"897","2.5294065475463867","2.5294065475463867","2.5294065475463867"
"898","2.2618720531463623","2.2618720531463623","2.2618720531463623"
"899","2.7308571338653564","2.7308571338653564","2.7308571338653564"
"900","1.9149479866027832","1.9149479866027832","1.9149479866027832"
"901","2.270866870880127","2.270866870880127","2.270866870880127"
"902","1.9604884386062622","1.9604884386062622","1.9604884386062622"
"903","2.079284191131592","2.079284191131592","2.079284191131592"
"904","2.1449944972991943","2.1449944972991943","2.1449944972991943"
"905","2.2607438564300537","2.2607438564300537","2.2607438564300537"
"906","2.2425928115844727","2.2425928115844727","2.2425928115844727"
"907","2.061716318130493","2.061716318130493","2.061716318130493"
"908","2.39731764793396","2.39731764793396","2.39731764793396"
"909","2.134359836578369","2.134359836578369","2.134359836578369"
"910","2.4816951751708984","2.4816951751708984","2.4816951751708984"
"911","2.378671884536743","2.378671884536743","2.378671884536743"
"912","2.272435426712036","2.272435426712036","2.272435426712036"
"913","2.2275290489196777","2.2275290489196777","2.2275290489196777"
"914","1.8159741163253784","1.8159741163253784","1.8159741163253784"
"915","1.826125979423523","1.826125979423523","1.826125979423523"
"916","2.1415228843688965","2.1415228843688965","2.1415228843688965"
"917","1.7456669807434082","1.7456669807434082","1.7456669807434082"
"918","1.957835078239441","1.957835078239441","1.957835078239441"
"919","2.1075170040130615","2.1075170040130615","2.1075170040130615"
"920","2.062817096710205","2.062817096710205","2.062817096710205"
"921","2.13950777053833","2.13950777053833","2.13950777053833"
"922","2.044692039489746","2.044692039489746","2.044692039489746"
"923","1.9299111366271973","1.9299111366271973","1.9299111366271973"
"924","2.024836540222168","2.024836540222168","2.024836540222168"
"925","2.5248703956604004","2.5248703956604004","2.5248703956604004"
"926","2.6001136302948","2.6001136302948","2.6001136302948"
"927","1.9808603525161743","1.9808603525161743","1.9808603525161743"
"928","2.1663336753845215","2.1663336753845215","2.1663336753845215"
"929","2.321286678314209","2.321286678314209","2.321286678314209"
"930","2.1325745582580566","2.1325745582580566","2.1325745582580566"
"931","2.1228084564208984","2.1228084564208984","2.1228084564208984"
"932","2.1398096084594727","2.1398096084594727","2.1398096084594727"
"933","2.5645627975463867","2.5645627975463867","2.5645627975463867"
"934","3.129999876022339","3.129999876022339","3.129999876022339"
"935","1.70896315574646","1.70896315574646","1.70896315574646"
"936","2.4169514179229736","2.4169514179229736","2.4169514179229736"
"937","2.3262574672698975","2.3262574672698975","2.3262574672698975"
"938","2.3807554244995117","2.3807554244995117","2.3807554244995117"
"939","2.013669013977051","2.013669013977051","2.013669013977051"
"940","2.578075647354126","2.578075647354126","2.578075647354126"
"941","2.458466053009033","2.458466053009033","2.458466053009033"
"942","1.7882912158966064","1.7882912158966064","1.7882912158966064"
"943","2.5048038959503174","2.5048038959503174","2.5048038959503174"
"944","2.07171893119812","2.07171893119812","2.07171893119812"
"945","2.3829874992370605","2.3829874992370605","2.3829874992370605"
"946","2.290876626968384","2.290876626968384","2.290876626968384"
"947","1.8597344160079956","1.8597344160079956","1.8597344160079956"
"948","1.9321701526641846","1.9321701526641846","1.9321701526641846"
"949","2.5512681007385254","2.5512681007385254","2.5512681007385254"
"950","2.3856616020202637","2.3856616020202637","2.3856616020202637"
"951","2.2634284496307373","2.2634284496307373","2.2634284496307373"
"952","2.3762600421905518","2.3762600421905518","2.3762600421905518"
"953","2.1520590782165527","2.1520590782165527","2.1520590782165527"
"954","2.68856143951416","2.68856143951416","2.68856143951416"
"955","2.275451421737671","2.275451421737671","2.275451421737671"
"956","2.256251573562622","2.256251573562622","2.256251573562622"
"957","2.279914617538452","2.279914617538452","2.279914617538452"
"958","2.5039706230163574","2.5039706230163574","2.5039706230163574"
"959","2.6366517543792725","2.6366517543792725","2.6366517543792725"
"960","2.080401659011841","2.080401659011841","2.080401659011841"
"961","2.4335319995880127","2.4335319995880127","2.4335319995880127"
"962","2.482684373855591","2.482684373855591","2.482684373855591"
"963","2.3388118743896484","2.3388118743896484","2.3388118743896484"
"964","1.989707589149475","1.989707589149475","1.989707589149475"
"965","2.165194511413574","2.165194511413574","2.165194511413574"
"966","2.0190482139587402","2.0190482139587402","2.0190482139587402"
"967","2.000901937484741","2.000901937484741","2.000901937484741"
"968","2.182832717895508","2.182832717895508","2.182832717895508"
"969","1.8716802597045898","1.8716802597045898","1.8716802597045898"
"970","1.8460749387741089","1.8460749387741089","1.8460749387741089"
"971","1.7452912330627441","1.7452912330627441","1.7452912330627441"
"972","2.3606083393096924","2.3606083393096924","2.3606083393096924"
"973","2.446835517883301","2.446835517883301","2.446835517883301"
"974","2.36643123626709","2.36643123626709","2.36643123626709"
"975","2.434457302093506","2.434457302093506","2.434457302093506"
"976","2.1278631687164307","2.1278631687164307","2.1278631687164307"
"977","2.2919843196868896","2.2919843196868896","2.2919843196868896"
"978","2.249114513397217","2.249114513397217","2.249114513397217"
"979","2.2094855308532715","2.2094855308532715","2.2094855308532715"
"980","2.6632537841796875","2.6632537841796875","2.6632537841796875"
"981","2.234135627746582","2.234135627746582","2.234135627746582"
"982","2.141867160797119","2.141867160797119","2.141867160797119"
"983","2.3499224185943604","2.3499224185943604","2.3499224185943604"
"984","2.081956148147583","2.081956148147583","2.081956148147583"
"985","2.3937084674835205","2.3937084674835205","2.3937084674835205"
"986","2.1081748008728027","2.1081748008728027","2.1081748008728027"
"987","2.4640536308288574","2.4640536308288574","2.4640536308288574"
"988","2.1158289909362793","2.1158289909362793","2.1158289909362793"
"989","2.1762197017669678","2.1762197017669678","2.1762197017669678"
"990","2.282723903656006","2.282723903656006","2.282723903656006"
"991","2.206592082977295","2.206592082977295","2.206592082977295"
"992","2.015615463256836","2.015615463256836","2.015615463256836"
"993","2.3541791439056396","2.3541791439056396","2.3541791439056396"
"994","2.26257586479187","2.26257586479187","2.26257586479187"
"995","1.9189625978469849","1.9189625978469849","1.9189625978469849"
"996","2.1489439010620117","2.1489439010620117","2.1489439010620117"
"997","2.218519449234009","2.218519449234009","2.218519449234009"
"998","2.2147486209869385","2.2147486209869385","2.2147486209869385"
"999","2.54375958442688","2.54375958442688","2.54375958442688"
"1000","2.1532700061798096","2.1532700061798096","2.1532700061798096"
"1001","2.1465790271759033","2.1465790271759033","2.1465790271759033"
"1002","2.282160520553589","2.282160520553589","2.282160520553589"
"1003","2.375258684158325","2.375258684158325","2.375258684158325"
"1004","1.9142051935195923","1.9142051935195923","1.9142051935195923"
"1005","1.979308009147644","1.979308009147644","1.979308009147644"
"1006","2.181546449661255","2.181546449661255","2.181546449661255"
"1007","2.6262199878692627","2.6262199878692627","2.6262199878692627"
"1008","2.4407687187194824","2.4407687187194824","2.4407687187194824"
"1009","2.445486307144165","2.445486307144165","2.445486307144165"
"1010","1.7877311706542969","1.7877311706542969","1.7877311706542969"
"1011","2.2489163875579834","2.2489163875579834","2.2489163875579834"
"1012","2.177457332611084","2.177457332611084","2.177457332611084"
"1013","2.333014965057373","2.333014965057373","2.333014965057373"
"1014","2.4409987926483154","2.4409987926483154","2.4409987926483154"
"1015","2.002854347229004","2.002854347229004","2.002854347229004"
"1016","2.2786753177642822","2.2786753177642822","2.2786753177642822"
"1017","2.3104355335235596","2.3104355335235596","2.3104355335235596"
"1018","2.212106943130493","2.212106943130493","2.212106943130493"
"1019","2.2000508308410645","2.2000508308410645","2.2000508308410645"
"1020","2.4585142135620117","2.4585142135620117","2.4585142135620117"
"1021","2.5630741119384766","2.5630741119384766","2.5630741119384766"
"1022","2.2008283138275146","2.2008283138275146","2.2008283138275146"
"1023","2.509840250015259","2.509840250015259","2.509840250015259"
"1024","1.929701566696167","1.929701566696167","1.929701566696167"
"1025","2.31997013092041","2.31997013092041","2.31997013092041"
"1026","2.3956212997436523","2.3956212997436523","2.3956212997436523"
"1027","2.2566089630126953","2.2566089630126953","2.2566089630126953"
"1028","2.313049554824829","2.313049554824829","2.313049554824829"
"1029","2.1090352535247803","2.1090352535247803","2.1090352535247803"
"1030","1.928000569343567","1.928000569343567","1.928000569343567"
"1031","2.0966367721557617","2.0966367721557617","2.0966367721557617"
"1032","1.9974217414855957","1.9974217414855957","1.9974217414855957"
"1033","2.6274287700653076","2.6274287700653076","2.6274287700653076"
"1034","2.11541485786438","2.11541485786438","2.11541485786438"
"1035","1.93320631980896","1.93320631980896","1.93320631980896"
"1036","2.2091681957244873","2.2091681957244873","2.2091681957244873"
"1037","2.069988489151001","2.069988489151001","2.069988489151001"
"1038","2.0558388233184814","2.0558388233184814","2.0558388233184814"
"1039","2.039456367492676","2.039456367492676","2.039456367492676"
"1040","2.454287052154541","2.454287052154541","2.454287052154541"
"1041","2.7544314861297607","2.7544314861297607","2.7544314861297607"
"1042","2.5760979652404785","2.5760979652404785","2.5760979652404785"
"1043","2.3358359336853027","2.3358359336853027","2.3358359336853027"
"1044","1.6176724433898926","1.6176724433898926","1.6176724433898926"
"1045","1.8149006366729736","1.8149006366729736","1.8149006366729736"
"1046","1.8574163913726807","1.8574163913726807","1.8574163913726807"
"1047","2.396279811859131","2.396279811859131","2.396279811859131"
"1048","2.5333757400512695","2.5333757400512695","2.5333757400512695"
"1049","2.051966905593872","2.051966905593872","2.051966905593872"
"1050","2.665513277053833","2.665513277053833","2.665513277053833"
"1051","2.2505125999450684","2.2505125999450684","2.2505125999450684"
"1052","2.4530069828033447","2.4530069828033447","2.4530069828033447"
"1053","2.394683599472046","2.394683599472046","2.394683599472046"
"1054","2.4094507694244385","2.4094507694244385","2.4094507694244385"
"1055","2.0246706008911133","2.0246706008911133","2.0246706008911133"
"1056","1.8764796257019043","1.8764796257019043","1.8764796257019043"
"1057","2.024169445037842","2.024169445037842","2.024169445037842"
"1058","2.033525228500366","2.033525228500366","2.033525228500366"
"1059","1.9281305074691772","1.9281305074691772","1.9281305074691772"
"1060","2.6214888095855713","2.6214888095855713","2.6214888095855713"
"1061","2.370988368988037","2.370988368988037","2.370988368988037"
"1062","2.203718662261963","2.203718662261963","2.203718662261963"
"1063","1.9877806901931763","1.9877806901931763","1.9877806901931763"
"1064","2.167276382446289","2.167276382446289","2.167276382446289"
"1065","2.269711494445801","2.269711494445801","2.269711494445801"
"1066","2.304699659347534","2.304699659347534","2.304699659347534"
"1067","2.209385395050049","2.209385395050049","2.209385395050049"
"1068","1.9390631914138794","1.9390631914138794","1.9390631914138794"
"1069","1.9333668947219849","1.9333668947219849","1.9333668947219849"
"1070","2.2163662910461426","2.2163662910461426","2.2163662910461426"
"1071","2.327662467956543","2.327662467956543","2.327662467956543"
"1072","2.4936392307281494","2.4936392307281494","2.4936392307281494"
"1073","1.6112053394317627","1.6112053394317627","1.6112053394317627"
"1074","2.1782708168029785","2.1782708168029785","2.1782708168029785"
"1075","2.4073541164398193","2.4073541164398193","2.4073541164398193"
"1076","2.158247470855713","2.158247470855713","2.158247470855713"
"1077","2.334547996520996","2.334547996520996","2.334547996520996"
"1078","2.2454378604888916","2.2454378604888916","2.2454378604888916"
"1079","2.326822280883789","2.326822280883789","2.326822280883789"
"1080","1.990393877029419","1.990393877029419","1.990393877029419"
"1081","2.23728084564209","2.23728084564209","2.23728084564209"
"1082","2.7943115234375","2.7943115234375","2.7943115234375"
"1083","2.1339468955993652","2.1339468955993652","2.1339468955993652"
"1084","2.434392213821411","2.434392213821411","2.434392213821411"
"1085","2.6217989921569824","2.6217989921569824","2.6217989921569824"
"1086","2.416942834854126","2.416942834854126","2.416942834854126"
"1087","2.0414109230041504","2.0414109230041504","2.0414109230041504"
"1088","2.6727685928344727","2.6727685928344727","2.6727685928344727"
"1089","2.150249719619751","2.150249719619751","2.150249719619751"
"1090","1.826444387435913","1.826444387435913","1.826444387435913"
"1091","2.5656137466430664","2.5656137466430664","2.5656137466430664"
"1092","2.4582364559173584","2.4582364559173584","2.4582364559173584"
"1093","1.9923062324523926","1.9923062324523926","1.9923062324523926"
"1094","2.3732361793518066","2.3732361793518066","2.3732361793518066"
"1095","1.833067774772644","1.833067774772644","1.833067774772644"
"1096","2.236736297607422","2.236736297607422","2.236736297607422"
"1097","2.4040119647979736","2.4040119647979736","2.4040119647979736"
"1098","2.234348773956299","2.234348773956299","2.234348773956299"
"1099","2.4108970165252686","2.4108970165252686","2.4108970165252686"
"1100","2.5093910694122314","2.5093910694122314","2.5093910694122314"
"1101","2.3040332794189453","2.3040332794189453","2.3040332794189453"
"1102","2.2508633136749268","2.2508633136749268","2.2508633136749268"
"1103","2.4097139835357666","2.4097139835357666","2.4097139835357666"
"1104","2.209702968597412","2.209702968597412","2.209702968597412"
"1105","2.505570650100708","2.505570650100708","2.505570650100708"
"1106","2.2996389865875244","2.2996389865875244","2.2996389865875244"
"1107","2.4079277515411377","2.4079277515411377","2.4079277515411377"
"1108","2.4728524684906006","2.4728524684906006","2.4728524684906006"
"1109","2.3146286010742188","2.3146286010742188","2.3146286010742188"
"1110","2.3034181594848633","2.3034181594848633","2.3034181594848633"
"1111","2.2373952865600586","2.2373952865600586","2.2373952865600586"
"1112","2.00227952003479","2.00227952003479","2.00227952003479"
"1113","2.1215765476226807","2.1215765476226807","2.1215765476226807"
"1114","1.918286681175232","1.918286681175232","1.918286681175232"
"1115","1.8969215154647827","1.8969215154647827","1.8969215154647827"
"1116","3.04044246673584","3.04044246673584","3.04044246673584"
"1117","2.451059103012085","2.451059103012085","2.451059103012085"
"1118","2.920468330383301","2.920468330383301","2.920468330383301"
"1119","2.5804078578948975","2.5804078578948975","2.5804078578948975"
"1120","1.9026334285736084","1.9026334285736084","1.9026334285736084"
"1121","2.070413827896118","2.070413827896118","2.070413827896118"
"1122","2.205151319503784","2.205151319503784","2.205151319503784"
"1123","2.3263039588928223","2.3263039588928223","2.3263039588928223"
"1124","2.1934585571289062","2.1934585571289062","2.1934585571289062"
"1125","2.1855456829071045","2.1855456829071045","2.1855456829071045"
"1126","1.761124610900879","1.761124610900879","1.761124610900879"
"1127","1.8748764991760254","1.8748764991760254","1.8748764991760254"
"1128","2.0750818252563477","2.0750818252563477","2.0750818252563477"
"1129","1.8866329193115234","1.8866329193115234","1.8866329193115234"
"1130","2.4120171070098877","2.4120171070098877","2.4120171070098877"
"1131","1.8088735342025757","1.8088735342025757","1.8088735342025757"
"1132","2.121216058731079","2.121216058731079","2.121216058731079"
"1133","2.24711275100708","2.24711275100708","2.24711275100708"
"1134","2.5396170616149902","2.5396170616149902","2.5396170616149902"
"1135","2.5963218212127686","2.5963218212127686","2.5963218212127686"
"1136","2.2905142307281494","2.2905142307281494","2.2905142307281494"
"1137","2.185309648513794","2.185309648513794","2.185309648513794"
"1138","2.003046989440918","2.003046989440918","2.003046989440918"
"1139","2.387159585952759","2.387159585952759","2.387159585952759"
"1140","2.3660993576049805","2.3660993576049805","2.3660993576049805"
"1141","2.6780993938446045","2.6780993938446045","2.6780993938446045"
"1142","2.457603693008423","2.457603693008423","2.457603693008423"
"1143","2.400097131729126","2.400097131729126","2.400097131729126"
"1144","2.0840015411376953","2.0840015411376953","2.0840015411376953"
"1145","3.141955614089966","3.141955614089966","3.141955614089966"
"1146","2.393725872039795","2.393725872039795","2.393725872039795"
"1147","2.5895309448242188","2.5895309448242188","2.5895309448242188"
"1148","2.6942572593688965","2.6942572593688965","2.6942572593688965"
"1149","2.321596145629883","2.321596145629883","2.321596145629883"
"1150","1.806942343711853","1.806942343711853","1.806942343711853"
"1151","2.439636468887329","2.439636468887329","2.439636468887329"
"1152","2.2678279876708984","2.2678279876708984","2.2678279876708984"
"1153","2.0928008556365967","2.0928008556365967","2.0928008556365967"
"1154","1.9294850826263428","1.9294850826263428","1.9294850826263428"
"1155","2.1716763973236084","2.1716763973236084","2.1716763973236084"
"1156","2.169485092163086","2.169485092163086","2.169485092163086"
"1157","2.5443735122680664","2.5443735122680664","2.5443735122680664"
"1158","2.3153257369995117","2.3153257369995117","2.3153257369995117"
"1159","2.6174192428588867","2.6174192428588867","2.6174192428588867"
"1160","2.4943714141845703","2.4943714141845703","2.4943714141845703"
"1161","2.076036214828491","2.076036214828491","2.076036214828491"
"1162","1.713791012763977","1.713791012763977","1.713791012763977"
"1163","2.086199998855591","2.086199998855591","2.086199998855591"
"1164","2.3088221549987793","2.3088221549987793","2.3088221549987793"
"1165","1.983138918876648","1.983138918876648","1.983138918876648"
"1166","1.6390352249145508","1.6390352249145508","1.6390352249145508"
"1167","2.545309543609619","2.545309543609619","2.545309543609619"
"1168","2.2556583881378174","2.2556583881378174","2.2556583881378174"
"1169","2.4140188694000244","2.4140188694000244","2.4140188694000244"
"1170","2.4721672534942627","2.4721672534942627","2.4721672534942627"
"1171","2.0309197902679443","2.0309197902679443","2.0309197902679443"
"1172","2.5570342540740967","2.5570342540740967","2.5570342540740967"
"1173","2.1773107051849365","2.1773107051849365","2.1773107051849365"
"1174","2.7572948932647705","2.7572948932647705","2.7572948932647705"
"1175","2.4201557636260986","2.4201557636260986","2.4201557636260986"
"1176","2.524040937423706","2.524040937423706","2.524040937423706"
"1177","1.9147160053253174","1.9147160053253174","1.9147160053253174"
"1178","2.826063632965088","2.826063632965088","2.826063632965088"
"1179","2.0836215019226074","2.0836215019226074","2.0836215019226074"
"1180","2.698638677597046","2.698638677597046","2.698638677597046"
"1181","2.3072867393493652","2.3072867393493652","2.3072867393493652"
"1182","2.6469879150390625","2.6469879150390625","2.6469879150390625"
"1183","1.9848582744598389","1.9848582744598389","1.9848582744598389"
"1184","2.165004014968872","2.165004014968872","2.165004014968872"
"1185","2.0648324489593506","2.0648324489593506","2.0648324489593506"
"1186","2.4452624320983887","2.4452624320983887","2.4452624320983887"
"1187","2.1363022327423096","2.1363022327423096","2.1363022327423096"
"1188","2.3039181232452393","2.3039181232452393","2.3039181232452393"
"1189","2.1629276275634766","2.1629276275634766","2.1629276275634766"
"1190","2.231288194656372","2.231288194656372","2.231288194656372"
"1191","2.34751033782959","2.34751033782959","2.34751033782959"
"1192","1.5403416156768799","1.5403416156768799","1.5403416156768799"
"1193","2.182729959487915","2.182729959487915","2.182729959487915"
"1194","1.9891493320465088","1.9891493320465088","1.9891493320465088"
"1195","2.0003902912139893","2.0003902912139893","2.0003902912139893"
"1196","2.387518882751465","2.387518882751465","2.387518882751465"
"1197","1.6272175312042236","1.6272175312042236","1.6272175312042236"
"1198","2.2282371520996094","2.2282371520996094","2.2282371520996094"
"1199","2.396951675415039","2.396951675415039","2.396951675415039"
"1200","2.1928722858428955","2.1928722858428955","2.1928722858428955"
"1201","1.7710918188095093","1.7710918188095093","1.7710918188095093"
"1202","2.120354175567627","2.120354175567627","2.120354175567627"
"1203","2.4227559566497803","2.4227559566497803","2.4227559566497803"
"1204","1.8849682807922363","1.8849682807922363","1.8849682807922363"
"1205","2.4475553035736084","2.4475553035736084","2.4475553035736084"
"1206","1.9979642629623413","1.9979642629623413","1.9979642629623413"
"1207","2.2450997829437256","2.2450997829437256","2.2450997829437256"
"1208","2.246569871902466","2.246569871902466","2.246569871902466"
"1209","2.7897884845733643","2.7897884845733643","2.7897884845733643"
"1210","2.355360984802246","2.355360984802246","2.355360984802246"
"1211","2.547767400741577","2.547767400741577","2.547767400741577"
"1212","2.582986354827881","2.582986354827881","2.582986354827881"
"1213","2.477247714996338","2.477247714996338","2.477247714996338"
"1214","2.4313528537750244","2.4313528537750244","2.4313528537750244"
"1215","2.007370710372925","2.007370710372925","2.007370710372925"
"1216","1.9471434354782104","1.9471434354782104","1.9471434354782104"
"1217","1.7489049434661865","1.7489049434661865","1.7489049434661865"
"1218","1.9907299280166626","1.9907299280166626","1.9907299280166626"
"1219","2.154392719268799","2.154392719268799","2.154392719268799"
"1220","1.9672844409942627","1.9672844409942627","1.9672844409942627"
"1221","1.797752022743225","1.797752022743225","1.797752022743225"
"1222","2.013397693634033","2.013397693634033","2.013397693634033"
"1223","2.2419064044952393","2.2419064044952393","2.2419064044952393"
"1224","2.2287046909332275","2.2287046909332275","2.2287046909332275"
"1225","2.1400208473205566","2.1400208473205566","2.1400208473205566"
"1226","2.2413642406463623","2.2413642406463623","2.2413642406463623"
"1227","2.420746088027954","2.420746088027954","2.420746088027954"
"1228","2.1823747158050537","2.1823747158050537","2.1823747158050537"
"1229","2.7167251110076904","2.7167251110076904","2.7167251110076904"
"1230","2.2109436988830566","2.2109436988830566","2.2109436988830566"
"1231","2.7770016193389893","2.7770016193389893","2.7770016193389893"
"1232","2.0133564472198486","2.0133564472198486","2.0133564472198486"
"1233","1.967881202697754","1.967881202697754","1.967881202697754"
"1234","2.767688512802124","2.767688512802124","2.767688512802124"
"1235","2.490929126739502","2.490929126739502","2.490929126739502"
"1236","2.2721338272094727","2.2721338272094727","2.2721338272094727"
"1237","2.30621337890625","2.30621337890625","2.30621337890625"
"1238","1.9677388668060303","1.9677388668060303","1.9677388668060303"
"1239","2.112548589706421","2.112548589706421","2.112548589706421"
"1240","2.215914011001587","2.215914011001587","2.215914011001587"
"1241","2.1774888038635254","2.1774888038635254","2.1774888038635254"
"1242","2.1758410930633545","2.1758410930633545","2.1758410930633545"
"1243","2.529764413833618","2.529764413833618","2.529764413833618"
"1244","2.2107107639312744","2.2107107639312744","2.2107107639312744"
"1245","2.8097379207611084","2.8097379207611084","2.8097379207611084"
"1246","2.6576991081237793","2.6576991081237793","2.6576991081237793"
"1247","2.0847713947296143","2.0847713947296143","2.0847713947296143"
"1248","2.248152256011963","2.248152256011963","2.248152256011963"
"1249","2.2164549827575684","2.2164549827575684","2.2164549827575684"
"1250","2.284120798110962","2.284120798110962","2.284120798110962"
"1251","2.395115852355957","2.395115852355957","2.395115852355957"
"1252","2.2735438346862793","2.2735438346862793","2.2735438346862793"
"1253","2.3483262062072754","2.3483262062072754","2.3483262062072754"
"1254","2.282869577407837","2.282869577407837","2.282869577407837"
"1255","2.069157838821411","2.069157838821411","2.069157838821411"
"1256","2.198045253753662","2.198045253753662","2.198045253753662"
"1257","2.5561342239379883","2.5561342239379883","2.5561342239379883"
"1258","2.090559720993042","2.090559720993042","2.090559720993042"
"1259","2.048780679702759","2.048780679702759","2.048780679702759"
"1260","2.6845436096191406","2.6845436096191406","2.6845436096191406"