"Step","male_silero - loss/g/total","male_silero - loss/g/total__MIN","male_silero - loss/g/total__MAX"
"0","68.19308471679688","68.19308471679688","68.19308471679688"
"1","45.9328727722168","45.9328727722168","45.9328727722168"
"2","45.46945571899414","45.46945571899414","45.46945571899414"
"3","43.77305603027344","43.77305603027344","43.77305603027344"
"4","43.117332458496094","43.117332458496094","43.117332458496094"
"5","44.83265686035156","44.83265686035156","44.83265686035156"
"6","42.819374084472656","42.819374084472656","42.819374084472656"
"7","44.23114776611328","44.23114776611328","44.23114776611328"
"8","42.15694808959961","42.15694808959961","42.15694808959961"
"9","41.0561408996582","41.0561408996582","41.0561408996582"
"10","41.287601470947266","41.287601470947266","41.287601470947266"
"11","43.40314865112305","43.40314865112305","43.40314865112305"
"12","40.035186767578125","40.035186767578125","40.035186767578125"
"13","40.51591110229492","40.51591110229492","40.51591110229492"
"14","39.306156158447266","39.306156158447266","39.306156158447266"
"15","38.700965881347656","38.700965881347656","38.700965881347656"
"16","38.350189208984375","38.350189208984375","38.350189208984375"
"17","39.25663757324219","39.25663757324219","39.25663757324219"
"18","41.02101516723633","41.02101516723633","41.02101516723633"
"19","39.87114334106445","39.87114334106445","39.87114334106445"
"20","39.00905227661133","39.00905227661133","39.00905227661133"
"21","41.345951080322266","41.345951080322266","41.345951080322266"
"22","39.877052307128906","39.877052307128906","39.877052307128906"
"23","40.73114776611328","40.73114776611328","40.73114776611328"
"24","37.22350311279297","37.22350311279297","37.22350311279297"
"25","41.22578430175781","41.22578430175781","41.22578430175781"
"26","41.099273681640625","41.099273681640625","41.099273681640625"
"27","41.69526290893555","41.69526290893555","41.69526290893555"
"28","38.74465560913086","38.74465560913086","38.74465560913086"
"29","38.968505859375","38.968505859375","38.968505859375"
"30","39.07973861694336","39.07973861694336","39.07973861694336"
"31","39.53664779663086","39.53664779663086","39.53664779663086"
"32","39.713985443115234","39.713985443115234","39.713985443115234"
"33","39.66741943359375","39.66741943359375","39.66741943359375"
"34","39.474647521972656","39.474647521972656","39.474647521972656"
"35","40.93192672729492","40.93192672729492","40.93192672729492"
"36","39.712005615234375","39.712005615234375","39.712005615234375"
"37","42.237510681152344","42.237510681152344","42.237510681152344"
"38","40.219993591308594","40.219993591308594","40.219993591308594"
"39","41.40297317504883","41.40297317504883","41.40297317504883"
"40","41.01305389404297","41.01305389404297","41.01305389404297"
"41","39.66960525512695","39.66960525512695","39.66960525512695"
"42","40.68395233154297","40.68395233154297","40.68395233154297"
"43","40.097869873046875","40.097869873046875","40.097869873046875"
"44","41.85285949707031","41.85285949707031","41.85285949707031"
"45","38.88600158691406","38.88600158691406","38.88600158691406"
"46","40.15788269042969","40.15788269042969","40.15788269042969"
"47","37.79520034790039","37.79520034790039","37.79520034790039"
"48","38.979591369628906","38.979591369628906","38.979591369628906"
"49","39.007633209228516","39.007633209228516","39.007633209228516"
"50","40.560245513916016","40.560245513916016","40.560245513916016"
"51","38.15217971801758","38.15217971801758","38.15217971801758"
"52","38.47999954223633","38.47999954223633","38.47999954223633"
"53","37.834922790527344","37.834922790527344","37.834922790527344"
"54","38.210853576660156","38.210853576660156","38.210853576660156"
"55","40.87350845336914","40.87350845336914","40.87350845336914"
"56","38.226173400878906","38.226173400878906","38.226173400878906"
"57","39.00621032714844","39.00621032714844","39.00621032714844"
"58","38.61415481567383","38.61415481567383","38.61415481567383"
"59","41.67997741699219","41.67997741699219","41.67997741699219"
"60","41.04179763793945","41.04179763793945","41.04179763793945"
"61","38.01155090332031","38.01155090332031","38.01155090332031"
"62","38.268394470214844","38.268394470214844","38.268394470214844"
"63","37.50113296508789","37.50113296508789","37.50113296508789"
"64","40.97657775878906","40.97657775878906","40.97657775878906"
"65","36.8656005859375","36.8656005859375","36.8656005859375"
"66","39.56095886230469","39.56095886230469","39.56095886230469"
"67","39.96435546875","39.96435546875","39.96435546875"
"68","38.213233947753906","38.213233947753906","38.213233947753906"
"69","38.10898971557617","38.10898971557617","38.10898971557617"
"70","40.87852096557617","40.87852096557617","40.87852096557617"
"71","38.586673736572266","38.586673736572266","38.586673736572266"
"72","41.3277702331543","41.3277702331543","41.3277702331543"
"73","38.690425872802734","38.690425872802734","38.690425872802734"
"74","38.09093475341797","38.09093475341797","38.09093475341797"
"75","39.80834197998047","39.80834197998047","39.80834197998047"
"76","37.837669372558594","37.837669372558594","37.837669372558594"
"77","39.56377410888672","39.56377410888672","39.56377410888672"
"78","39.15092849731445","39.15092849731445","39.15092849731445"
"79","39.80432891845703","39.80432891845703","39.80432891845703"
"80","38.95305252075195","38.95305252075195","38.95305252075195"
"81","38.62565231323242","38.62565231323242","38.62565231323242"
"82","39.19481658935547","39.19481658935547","39.19481658935547"
"83","39.846961975097656","39.846961975097656","39.846961975097656"
"84","36.090389251708984","36.090389251708984","36.090389251708984"
"85","37.37820053100586","37.37820053100586","37.37820053100586"
"86","39.838951110839844","39.838951110839844","39.838951110839844"
"87","37.62773132324219","37.62773132324219","37.62773132324219"
"88","40.21893310546875","40.21893310546875","40.21893310546875"
"89","37.81830978393555","37.81830978393555","37.81830978393555"
"90","37.774471282958984","37.774471282958984","37.774471282958984"
"91","39.841590881347656","39.841590881347656","39.841590881347656"
"92","39.52973175048828","39.52973175048828","39.52973175048828"
"93","39.738197326660156","39.738197326660156","39.738197326660156"
"94","37.38277053833008","37.38277053833008","37.38277053833008"
"95","38.95781707763672","38.95781707763672","38.95781707763672"
"96","37.804412841796875","37.804412841796875","37.804412841796875"
"97","39.431636810302734","39.431636810302734","39.431636810302734"
"98","38.659263610839844","38.659263610839844","38.659263610839844"
"99","39.58621597290039","39.58621597290039","39.58621597290039"
"100","40.08905792236328","40.08905792236328","40.08905792236328"
"101","41.69379806518555","41.69379806518555","41.69379806518555"
"102","38.59458923339844","38.59458923339844","38.59458923339844"
"103","41.499488830566406","41.499488830566406","41.499488830566406"
"104","39.5962028503418","39.5962028503418","39.5962028503418"
"105","40.30024719238281","40.30024719238281","40.30024719238281"
"106","38.136173248291016","38.136173248291016","38.136173248291016"
"107","38.193660736083984","38.193660736083984","38.193660736083984"
"108","38.91259002685547","38.91259002685547","38.91259002685547"
"109","37.974395751953125","37.974395751953125","37.974395751953125"
"110","39.69119644165039","39.69119644165039","39.69119644165039"
"111","36.6164665222168","36.6164665222168","36.6164665222168"
"112","38.26466751098633","38.26466751098633","38.26466751098633"
"113","39.599090576171875","39.599090576171875","39.599090576171875"
"114","39.61084747314453","39.61084747314453","39.61084747314453"
"115","38.845035552978516","38.845035552978516","38.845035552978516"
"116","36.762081146240234","36.762081146240234","36.762081146240234"
"117","38.980003356933594","38.980003356933594","38.980003356933594"
"118","39.63505935668945","39.63505935668945","39.63505935668945"
"119","38.70671463012695","38.70671463012695","38.70671463012695"
"120","39.009586334228516","39.009586334228516","39.009586334228516"
"121","38.88507843017578","38.88507843017578","38.88507843017578"
"122","39.70410919189453","39.70410919189453","39.70410919189453"
"123","38.019195556640625","38.019195556640625","38.019195556640625"
"124","39.02010726928711","39.02010726928711","39.02010726928711"
"125","37.51559829711914","37.51559829711914","37.51559829711914"
"126","37.751670837402344","37.751670837402344","37.751670837402344"
"127","39.97990036010742","39.97990036010742","39.97990036010742"
"128","39.84069061279297","39.84069061279297","39.84069061279297"
"129","39.012062072753906","39.012062072753906","39.012062072753906"
"130","39.130577087402344","39.130577087402344","39.130577087402344"
"131","39.483646392822266","39.483646392822266","39.483646392822266"
"132","38.14094924926758","38.14094924926758","38.14094924926758"
"133","37.942047119140625","37.942047119140625","37.942047119140625"
"134","36.89852523803711","36.89852523803711","36.89852523803711"
"135","38.01233673095703","38.01233673095703","38.01233673095703"
"136","38.504451751708984","38.504451751708984","38.504451751708984"
"137","40.411766052246094","40.411766052246094","40.411766052246094"
"138","39.10777282714844","39.10777282714844","39.10777282714844"
"139","38.91905212402344","38.91905212402344","38.91905212402344"
"140","36.5348014831543","36.5348014831543","36.5348014831543"
"141","36.46719741821289","36.46719741821289","36.46719741821289"
"142","37.53301239013672","37.53301239013672","37.53301239013672"
"143","40.21470260620117","40.21470260620117","40.21470260620117"
"144","39.494842529296875","39.494842529296875","39.494842529296875"
"145","38.195003509521484","38.195003509521484","38.195003509521484"
"146","39.79918670654297","39.79918670654297","39.79918670654297"
"147","38.78263854980469","38.78263854980469","38.78263854980469"
"148","39.99821853637695","39.99821853637695","39.99821853637695"
"149","38.67149353027344","38.67149353027344","38.67149353027344"
"150","37.16825866699219","37.16825866699219","37.16825866699219"
"151","38.77819061279297","38.77819061279297","38.77819061279297"
"152","37.64958953857422","37.64958953857422","37.64958953857422"
"153","37.25118637084961","37.25118637084961","37.25118637084961"
"154","38.129913330078125","38.129913330078125","38.129913330078125"
"155","37.98362731933594","37.98362731933594","37.98362731933594"
"156","39.19566345214844","39.19566345214844","39.19566345214844"
"157","39.6351203918457","39.6351203918457","39.6351203918457"
"158","37.086585998535156","37.086585998535156","37.086585998535156"
"159","37.84162902832031","37.84162902832031","37.84162902832031"
"160","38.87983703613281","38.87983703613281","38.87983703613281"
"161","38.66531753540039","38.66531753540039","38.66531753540039"
"162","35.93022918701172","35.93022918701172","35.93022918701172"
"163","36.508506774902344","36.508506774902344","36.508506774902344"
"164","37.74100112915039","37.74100112915039","37.74100112915039"
"165","39.97629928588867","39.97629928588867","39.97629928588867"
"166","39.03672790527344","39.03672790527344","39.03672790527344"
"167","38.525634765625","38.525634765625","38.525634765625"
"168","37.66899871826172","37.66899871826172","37.66899871826172"
"169","37.33867645263672","37.33867645263672","37.33867645263672"
"170","38.44607925415039","38.44607925415039","38.44607925415039"
"171","38.12437438964844","38.12437438964844","38.12437438964844"
"172","36.97813034057617","36.97813034057617","36.97813034057617"
"173","35.86918640136719","35.86918640136719","35.86918640136719"
"174","37.51802444458008","37.51802444458008","37.51802444458008"
"175","40.42927551269531","40.42927551269531","40.42927551269531"
"176","38.73624801635742","38.73624801635742","38.73624801635742"
"177","36.329010009765625","36.329010009765625","36.329010009765625"
"178","37.83958053588867","37.83958053588867","37.83958053588867"
"179","37.1129264831543","37.1129264831543","37.1129264831543"
"180","38.030765533447266","38.030765533447266","38.030765533447266"
"181","37.4432258605957","37.4432258605957","37.4432258605957"
"182","40.05768585205078","40.05768585205078","40.05768585205078"
"183","39.8968505859375","39.8968505859375","39.8968505859375"
"184","36.764774322509766","36.764774322509766","36.764774322509766"
"185","37.41319274902344","37.41319274902344","37.41319274902344"
"186","37.082984924316406","37.082984924316406","37.082984924316406"
"187","38.59893798828125","38.59893798828125","38.59893798828125"
"188","38.63162612915039","38.63162612915039","38.63162612915039"
"189","38.31137466430664","38.31137466430664","38.31137466430664"
"190","39.29826736450195","39.29826736450195","39.29826736450195"
"191","36.600223541259766","36.600223541259766","36.600223541259766"
"192","38.991641998291016","38.991641998291016","38.991641998291016"
"193","36.83882522583008","36.83882522583008","36.83882522583008"
"194","39.288780212402344","39.288780212402344","39.288780212402344"
"195","38.73330307006836","38.73330307006836","38.73330307006836"
"196","37.623409271240234","37.623409271240234","37.623409271240234"
"197","38.92250442504883","38.92250442504883","38.92250442504883"
"198","36.975276947021484","36.975276947021484","36.975276947021484"
"199","37.685813903808594","37.685813903808594","37.685813903808594"
"200","39.663997650146484","39.663997650146484","39.663997650146484"
"201","38.2517204284668","38.2517204284668","38.2517204284668"
"202","38.459129333496094","38.459129333496094","38.459129333496094"
"203","39.11893081665039","39.11893081665039","39.11893081665039"
"204","39.13462829589844","39.13462829589844","39.13462829589844"
"205","39.12033462524414","39.12033462524414","39.12033462524414"
"206","37.91868591308594","37.91868591308594","37.91868591308594"
"207","36.559200286865234","36.559200286865234","36.559200286865234"
"208","39.32831954956055","39.32831954956055","39.32831954956055"
"209","38.47550964355469","38.47550964355469","38.47550964355469"
"210","40.66343688964844","40.66343688964844","40.66343688964844"
"211","41.00530242919922","41.00530242919922","41.00530242919922"
"212","37.74702835083008","37.74702835083008","37.74702835083008"
"213","37.56386947631836","37.56386947631836","37.56386947631836"
"214","38.47039031982422","38.47039031982422","38.47039031982422"
"215","38.826602935791016","38.826602935791016","38.826602935791016"
"216","37.84822082519531","37.84822082519531","37.84822082519531"
"217","39.2141227722168","39.2141227722168","39.2141227722168"
"218","37.075103759765625","37.075103759765625","37.075103759765625"
"219","39.85466384887695","39.85466384887695","39.85466384887695"
"220","37.97126770019531","37.97126770019531","37.97126770019531"
"221","36.83821105957031","36.83821105957031","36.83821105957031"
"222","38.454593658447266","38.454593658447266","38.454593658447266"
"223","37.92564010620117","37.92564010620117","37.92564010620117"
"224","39.6594352722168","39.6594352722168","39.6594352722168"
"225","37.557735443115234","37.557735443115234","37.557735443115234"
"226","39.71684265136719","39.71684265136719","39.71684265136719"
"227","38.20280456542969","38.20280456542969","38.20280456542969"
"228","36.299659729003906","36.299659729003906","36.299659729003906"
"229","38.952728271484375","38.952728271484375","38.952728271484375"
"230","38.7349739074707","38.7349739074707","38.7349739074707"
"231","38.077293395996094","38.077293395996094","38.077293395996094"
"232","39.25351333618164","39.25351333618164","39.25351333618164"
"233","39.4276123046875","39.4276123046875","39.4276123046875"
"234","37.492156982421875","37.492156982421875","37.492156982421875"
"235","39.095664978027344","39.095664978027344","39.095664978027344"
"236","38.55964660644531","38.55964660644531","38.55964660644531"
"237","38.331016540527344","38.331016540527344","38.331016540527344"
"238","36.38175582885742","36.38175582885742","36.38175582885742"
"239","39.720706939697266","39.720706939697266","39.720706939697266"
"240","38.38737106323242","38.38737106323242","38.38737106323242"
"241","39.88240051269531","39.88240051269531","39.88240051269531"
"242","37.34325408935547","37.34325408935547","37.34325408935547"
"243","37.070533752441406","37.070533752441406","37.070533752441406"
"244","38.764678955078125","38.764678955078125","38.764678955078125"
"245","36.61705017089844","36.61705017089844","36.61705017089844"
"246","38.974754333496094","38.974754333496094","38.974754333496094"
"247","38.260658264160156","38.260658264160156","38.260658264160156"
"248","37.038021087646484","37.038021087646484","37.038021087646484"
"249","37.751346588134766","37.751346588134766","37.751346588134766"
"250","36.45182800292969","36.45182800292969","36.45182800292969"
"251","37.60561752319336","37.60561752319336","37.60561752319336"
"252","39.72446823120117","39.72446823120117","39.72446823120117"
"253","39.20417785644531","39.20417785644531","39.20417785644531"
"254","38.50202560424805","38.50202560424805","38.50202560424805"
"255","36.001373291015625","36.001373291015625","36.001373291015625"
"256","36.84436798095703","36.84436798095703","36.84436798095703"
"257","39.52289962768555","39.52289962768555","39.52289962768555"
"258","36.34444046020508","36.34444046020508","36.34444046020508"
"259","38.146846771240234","38.146846771240234","38.146846771240234"
"260","39.336631774902344","39.336631774902344","39.336631774902344"
"261","38.44569396972656","38.44569396972656","38.44569396972656"
"262","38.55773162841797","38.55773162841797","38.55773162841797"
"263","38.76850128173828","38.76850128173828","38.76850128173828"
"264","36.72981262207031","36.72981262207031","36.72981262207031"
"265","38.04476547241211","38.04476547241211","38.04476547241211"
"266","36.59440994262695","36.59440994262695","36.59440994262695"
"267","38.82493209838867","38.82493209838867","38.82493209838867"
"268","39.43888854980469","39.43888854980469","39.43888854980469"
"269","38.81027603149414","38.81027603149414","38.81027603149414"
"270","39.613380432128906","39.613380432128906","39.613380432128906"
"271","37.23374938964844","37.23374938964844","37.23374938964844"
"272","37.11273956298828","37.11273956298828","37.11273956298828"
"273","37.022979736328125","37.022979736328125","37.022979736328125"
"274","39.70016098022461","39.70016098022461","39.70016098022461"
"275","39.485023498535156","39.485023498535156","39.485023498535156"
"276","37.76984405517578","37.76984405517578","37.76984405517578"
"277","40.34527587890625","40.34527587890625","40.34527587890625"
"278","39.04227828979492","39.04227828979492","39.04227828979492"
"279","36.6919059753418","36.6919059753418","36.6919059753418"
"280","37.67409133911133","37.67409133911133","37.67409133911133"
"281","37.97364807128906","37.97364807128906","37.97364807128906"
"282","40.801204681396484","40.801204681396484","40.801204681396484"
"283","36.66948699951172","36.66948699951172","36.66948699951172"
"284","37.732948303222656","37.732948303222656","37.732948303222656"
"285","38.75920867919922","38.75920867919922","38.75920867919922"
"286","37.69857406616211","37.69857406616211","37.69857406616211"
"287","38.13045883178711","38.13045883178711","38.13045883178711"
"288","37.35028076171875","37.35028076171875","37.35028076171875"
"289","36.299095153808594","36.299095153808594","36.299095153808594"
"290","38.22575378417969","38.22575378417969","38.22575378417969"
"291","37.6654167175293","37.6654167175293","37.6654167175293"
"292","37.20418167114258","37.20418167114258","37.20418167114258"
"293","36.97417068481445","36.97417068481445","36.97417068481445"
"294","38.45405578613281","38.45405578613281","38.45405578613281"
"295","38.85818099975586","38.85818099975586","38.85818099975586"
"296","37.56229782104492","37.56229782104492","37.56229782104492"
"297","38.269325256347656","38.269325256347656","38.269325256347656"
"298","38.557106018066406","38.557106018066406","38.557106018066406"
"299","37.6796875","37.6796875","37.6796875"
"300","39.055870056152344","39.055870056152344","39.055870056152344"
"301","36.53630447387695","36.53630447387695","36.53630447387695"
"302","39.159576416015625","39.159576416015625","39.159576416015625"
"303","39.401214599609375","39.401214599609375","39.401214599609375"
"304","39.790496826171875","39.790496826171875","39.790496826171875"
"305","37.50925827026367","37.50925827026367","37.50925827026367"
"306","37.1379508972168","37.1379508972168","37.1379508972168"
"307","36.62046813964844","36.62046813964844","36.62046813964844"
"308","39.69509506225586","39.69509506225586","39.69509506225586"
"309","37.8243408203125","37.8243408203125","37.8243408203125"
"310","37.636390686035156","37.636390686035156","37.636390686035156"
"311","37.161293029785156","37.161293029785156","37.161293029785156"
"312","37.86404037475586","37.86404037475586","37.86404037475586"
"313","38.18008041381836","38.18008041381836","38.18008041381836"
"314","39.265167236328125","39.265167236328125","39.265167236328125"
"315","37.45112228393555","37.45112228393555","37.45112228393555"
"316","37.91569519042969","37.91569519042969","37.91569519042969"
"317","39.622276306152344","39.622276306152344","39.622276306152344"
"318","37.90689468383789","37.90689468383789","37.90689468383789"
"319","39.103031158447266","39.103031158447266","39.103031158447266"
"320","39.843505859375","39.843505859375","39.843505859375"
"321","40.89069366455078","40.89069366455078","40.89069366455078"
"322","38.35439682006836","38.35439682006836","38.35439682006836"
"323","37.79780578613281","37.79780578613281","37.79780578613281"
"324","36.141143798828125","36.141143798828125","36.141143798828125"
"325","36.11088562011719","36.11088562011719","36.11088562011719"
"326","37.5504264831543","37.5504264831543","37.5504264831543"
"327","39.8218994140625","39.8218994140625","39.8218994140625"
"328","37.91049575805664","37.91049575805664","37.91049575805664"
"329","38.08063507080078","38.08063507080078","38.08063507080078"
"330","37.46349334716797","37.46349334716797","37.46349334716797"
"331","37.084136962890625","37.084136962890625","37.084136962890625"
"332","37.907691955566406","37.907691955566406","37.907691955566406"
"333","37.64116287231445","37.64116287231445","37.64116287231445"
"334","39.163177490234375","39.163177490234375","39.163177490234375"
"335","38.33277893066406","38.33277893066406","38.33277893066406"
"336","38.08531951904297","38.08531951904297","38.08531951904297"
"337","40.949337005615234","40.949337005615234","40.949337005615234"
"338","37.366455078125","37.366455078125","37.366455078125"
"339","36.136295318603516","36.136295318603516","36.136295318603516"
"340","36.79554748535156","36.79554748535156","36.79554748535156"
"341","40.45988464355469","40.45988464355469","40.45988464355469"
"342","36.25025177001953","36.25025177001953","36.25025177001953"
"343","38.57596206665039","38.57596206665039","38.57596206665039"
"344","38.07432556152344","38.07432556152344","38.07432556152344"
"345","38.74761199951172","38.74761199951172","38.74761199951172"
"346","38.351593017578125","38.351593017578125","38.351593017578125"
"347","38.86277770996094","38.86277770996094","38.86277770996094"
"348","36.794822692871094","36.794822692871094","36.794822692871094"
"349","41.350711822509766","41.350711822509766","41.350711822509766"
"350","36.62995910644531","36.62995910644531","36.62995910644531"
"351","38.18614196777344","38.18614196777344","38.18614196777344"
"352","39.44021224975586","39.44021224975586","39.44021224975586"
"353","38.9948616027832","38.9948616027832","38.9948616027832"
"354","38.18593978881836","38.18593978881836","38.18593978881836"
"355","38.75183868408203","38.75183868408203","38.75183868408203"
"356","37.19898986816406","37.19898986816406","37.19898986816406"
"357","38.49532699584961","38.49532699584961","38.49532699584961"
"358","38.41044616699219","38.41044616699219","38.41044616699219"
"359","37.24216842651367","37.24216842651367","37.24216842651367"
"360","39.778717041015625","39.778717041015625","39.778717041015625"
"361","37.833492279052734","37.833492279052734","37.833492279052734"
"362","37.57880401611328","37.57880401611328","37.57880401611328"
"363","38.69157028198242","38.69157028198242","38.69157028198242"
"364","36.21164321899414","36.21164321899414","36.21164321899414"
"365","40.749656677246094","40.749656677246094","40.749656677246094"
"366","36.03239440917969","36.03239440917969","36.03239440917969"
"367","37.45933151245117","37.45933151245117","37.45933151245117"
"368","37.092247009277344","37.092247009277344","37.092247009277344"
"369","37.44357681274414","37.44357681274414","37.44357681274414"
"370","38.836944580078125","38.836944580078125","38.836944580078125"
"371","36.924591064453125","36.924591064453125","36.924591064453125"
"372","37.979862213134766","37.979862213134766","37.979862213134766"
"373","36.15703201293945","36.15703201293945","36.15703201293945"
"374","39.529693603515625","39.529693603515625","39.529693603515625"
"375","37.47603988647461","37.47603988647461","37.47603988647461"
"376","37.47842788696289","37.47842788696289","37.47842788696289"
"377","37.9055061340332","37.9055061340332","37.9055061340332"
"378","41.67205047607422","41.67205047607422","41.67205047607422"
"379","37.98356628417969","37.98356628417969","37.98356628417969"
"380","38.770965576171875","38.770965576171875","38.770965576171875"
"381","38.189476013183594","38.189476013183594","38.189476013183594"
"382","39.33655548095703","39.33655548095703","39.33655548095703"
"383","37.82890701293945","37.82890701293945","37.82890701293945"
"384","37.67595291137695","37.67595291137695","37.67595291137695"
"385","37.98643493652344","37.98643493652344","37.98643493652344"
"386","38.20264434814453","38.20264434814453","38.20264434814453"
"387","38.043216705322266","38.043216705322266","38.043216705322266"
"388","36.29745101928711","36.29745101928711","36.29745101928711"
"389","36.91801834106445","36.91801834106445","36.91801834106445"
"390","38.3482551574707","38.3482551574707","38.3482551574707"
"391","38.76311111450195","38.76311111450195","38.76311111450195"
"392","37.05732727050781","37.05732727050781","37.05732727050781"
"393","37.695491790771484","37.695491790771484","37.695491790771484"
"394","38.3382453918457","38.3382453918457","38.3382453918457"
"395","38.47731018066406","38.47731018066406","38.47731018066406"
"396","38.308837890625","38.308837890625","38.308837890625"
"397","36.00183868408203","36.00183868408203","36.00183868408203"
"398","39.8507080078125","39.8507080078125","39.8507080078125"
"399","37.52338409423828","37.52338409423828","37.52338409423828"
"400","39.013587951660156","39.013587951660156","39.013587951660156"
"401","37.083984375","37.083984375","37.083984375"
"402","36.37873840332031","36.37873840332031","36.37873840332031"
"403","36.23222351074219","36.23222351074219","36.23222351074219"
"404","39.29182052612305","39.29182052612305","39.29182052612305"
"405","37.11949157714844","37.11949157714844","37.11949157714844"
"406","38.06023025512695","38.06023025512695","38.06023025512695"
"407","36.38092803955078","36.38092803955078","36.38092803955078"
"408","37.57832717895508","37.57832717895508","37.57832717895508"
"409","40.04649353027344","40.04649353027344","40.04649353027344"
"410","37.066429138183594","37.066429138183594","37.066429138183594"
"411","38.60770797729492","38.60770797729492","38.60770797729492"
"412","36.78383255004883","36.78383255004883","36.78383255004883"
"413","37.92152404785156","37.92152404785156","37.92152404785156"
"414","38.25249099731445","38.25249099731445","38.25249099731445"
"415","36.717918395996094","36.717918395996094","36.717918395996094"
"416","37.224212646484375","37.224212646484375","37.224212646484375"
"417","36.43960189819336","36.43960189819336","36.43960189819336"
"418","35.45961380004883","35.45961380004883","35.45961380004883"
"419","35.23735046386719","35.23735046386719","35.23735046386719"
"420","38.93756103515625","38.93756103515625","38.93756103515625"
"421","37.500038146972656","37.500038146972656","37.500038146972656"
"422","37.444393157958984","37.444393157958984","37.444393157958984"
"423","38.87586212158203","38.87586212158203","38.87586212158203"
"424","37.9807014465332","37.9807014465332","37.9807014465332"
"425","36.84975051879883","36.84975051879883","36.84975051879883"
"426","38.61000442504883","38.61000442504883","38.61000442504883"
"427","36.88764572143555","36.88764572143555","36.88764572143555"
"428","37.86185836791992","37.86185836791992","37.86185836791992"
"429","37.36051559448242","37.36051559448242","37.36051559448242"
"430","37.2420654296875","37.2420654296875","37.2420654296875"
"431","34.55561828613281","34.55561828613281","34.55561828613281"
"432","35.93449401855469","35.93449401855469","35.93449401855469"
"433","37.81134033203125","37.81134033203125","37.81134033203125"
"434","38.52023696899414","38.52023696899414","38.52023696899414"
"435","37.791526794433594","37.791526794433594","37.791526794433594"
"436","36.3343505859375","36.3343505859375","36.3343505859375"
"437","38.85640335083008","38.85640335083008","38.85640335083008"
"438","35.56330490112305","35.56330490112305","35.56330490112305"
"439","37.00742721557617","37.00742721557617","37.00742721557617"
"440","36.201271057128906","36.201271057128906","36.201271057128906"
"441","37.40599060058594","37.40599060058594","37.40599060058594"
"442","38.61102294921875","38.61102294921875","38.61102294921875"
"443","39.57272720336914","39.57272720336914","39.57272720336914"
"444","36.66433334350586","36.66433334350586","36.66433334350586"
"445","38.1239128112793","38.1239128112793","38.1239128112793"
"446","36.49419403076172","36.49419403076172","36.49419403076172"
"447","36.97462844848633","36.97462844848633","36.97462844848633"
"448","36.90800476074219","36.90800476074219","36.90800476074219"
"449","37.60439682006836","37.60439682006836","37.60439682006836"
"450","36.739418029785156","36.739418029785156","36.739418029785156"
"451","36.75978088378906","36.75978088378906","36.75978088378906"
"452","38.91464614868164","38.91464614868164","38.91464614868164"
"453","38.997154235839844","38.997154235839844","38.997154235839844"
"454","37.51387023925781","37.51387023925781","37.51387023925781"
"455","37.53479766845703","37.53479766845703","37.53479766845703"
"456","36.524688720703125","36.524688720703125","36.524688720703125"
"457","37.46330642700195","37.46330642700195","37.46330642700195"
"458","35.54779815673828","35.54779815673828","35.54779815673828"
"459","39.114707946777344","39.114707946777344","39.114707946777344"
"460","36.68236541748047","36.68236541748047","36.68236541748047"
"461","35.912498474121094","35.912498474121094","35.912498474121094"
"462","36.148345947265625","36.148345947265625","36.148345947265625"
"463","38.46281051635742","38.46281051635742","38.46281051635742"
"464","38.03824996948242","38.03824996948242","38.03824996948242"
"465","36.965084075927734","36.965084075927734","36.965084075927734"
"466","38.50017547607422","38.50017547607422","38.50017547607422"
"467","36.730674743652344","36.730674743652344","36.730674743652344"
"468","37.86272430419922","37.86272430419922","37.86272430419922"
"469","37.42488479614258","37.42488479614258","37.42488479614258"
"470","37.390525817871094","37.390525817871094","37.390525817871094"
"471","37.36714172363281","37.36714172363281","37.36714172363281"
"472","39.296356201171875","39.296356201171875","39.296356201171875"
"473","37.498626708984375","37.498626708984375","37.498626708984375"
"474","37.46403121948242","37.46403121948242","37.46403121948242"
"475","37.36376953125","37.36376953125","37.36376953125"
"476","37.288909912109375","37.288909912109375","37.288909912109375"
"477","38.65577697753906","38.65577697753906","38.65577697753906"
"478","36.512088775634766","36.512088775634766","36.512088775634766"
"479","39.7940673828125","39.7940673828125","39.7940673828125"
"480","37.72257614135742","37.72257614135742","37.72257614135742"
"481","37.28182601928711","37.28182601928711","37.28182601928711"
"482","39.83424758911133","39.83424758911133","39.83424758911133"
"483","34.296138763427734","34.296138763427734","34.296138763427734"
"484","38.21657943725586","38.21657943725586","38.21657943725586"
"485","37.1201171875","37.1201171875","37.1201171875"
"486","37.9758186340332","37.9758186340332","37.9758186340332"
"487","39.19273376464844","39.19273376464844","39.19273376464844"
"488","38.99640655517578","38.99640655517578","38.99640655517578"
"489","38.655208587646484","38.655208587646484","38.655208587646484"
"490","36.43026351928711","36.43026351928711","36.43026351928711"
"491","37.48883819580078","37.48883819580078","37.48883819580078"
"492","36.75094985961914","36.75094985961914","36.75094985961914"
"493","36.139503479003906","36.139503479003906","36.139503479003906"
"494","37.80998992919922","37.80998992919922","37.80998992919922"
"495","38.50260543823242","38.50260543823242","38.50260543823242"
"496","38.231346130371094","38.231346130371094","38.231346130371094"
"497","38.256412506103516","38.256412506103516","38.256412506103516"
"498","35.76573944091797","35.76573944091797","35.76573944091797"
"499","35.689048767089844","35.689048767089844","35.689048767089844"
"500","36.93405532836914","36.93405532836914","36.93405532836914"
"501","39.11137390136719","39.11137390136719","39.11137390136719"
"502","36.27119827270508","36.27119827270508","36.27119827270508"
"503","37.757232666015625","37.757232666015625","37.757232666015625"
"504","37.267513275146484","37.267513275146484","37.267513275146484"
"505","35.97062301635742","35.97062301635742","35.97062301635742"
"506","38.53566360473633","38.53566360473633","38.53566360473633"
"507","39.84596633911133","39.84596633911133","39.84596633911133"
"508","37.93378448486328","37.93378448486328","37.93378448486328"
"509","36.87358093261719","36.87358093261719","36.87358093261719"
"510","39.23064041137695","39.23064041137695","39.23064041137695"
"511","40.06098556518555","40.06098556518555","40.06098556518555"
"512","36.96848678588867","36.96848678588867","36.96848678588867"
"513","38.852874755859375","38.852874755859375","38.852874755859375"
"514","38.2016716003418","38.2016716003418","38.2016716003418"
"515","37.25720977783203","37.25720977783203","37.25720977783203"
"516","37.889583587646484","37.889583587646484","37.889583587646484"
"517","37.75843048095703","37.75843048095703","37.75843048095703"
"518","37.99286651611328","37.99286651611328","37.99286651611328"
"519","35.840065002441406","35.840065002441406","35.840065002441406"
"520","38.581092834472656","38.581092834472656","38.581092834472656"
"521","36.55500793457031","36.55500793457031","36.55500793457031"
"522","37.156700134277344","37.156700134277344","37.156700134277344"
"523","40.40556335449219","40.40556335449219","40.40556335449219"
"524","37.541446685791016","37.541446685791016","37.541446685791016"
"525","38.80540466308594","38.80540466308594","38.80540466308594"
"526","36.958194732666016","36.958194732666016","36.958194732666016"
"527","37.54230499267578","37.54230499267578","37.54230499267578"
"528","36.80503463745117","36.80503463745117","36.80503463745117"
"529","39.02079391479492","39.02079391479492","39.02079391479492"
"530","39.82878494262695","39.82878494262695","39.82878494262695"
"531","38.29646301269531","38.29646301269531","38.29646301269531"
"532","37.69783020019531","37.69783020019531","37.69783020019531"
"533","35.410560607910156","35.410560607910156","35.410560607910156"
"534","39.15441131591797","39.15441131591797","39.15441131591797"
"535","37.86553192138672","37.86553192138672","37.86553192138672"
"536","37.012996673583984","37.012996673583984","37.012996673583984"
"537","36.920616149902344","36.920616149902344","36.920616149902344"
"538","38.60091781616211","38.60091781616211","38.60091781616211"
"539","37.26811599731445","37.26811599731445","37.26811599731445"
"540","38.18119812011719","38.18119812011719","38.18119812011719"
"541","36.59237289428711","36.59237289428711","36.59237289428711"
"542","36.516441345214844","36.516441345214844","36.516441345214844"
"543","36.05540084838867","36.05540084838867","36.05540084838867"
"544","38.997982025146484","38.997982025146484","38.997982025146484"
"545","38.19730758666992","38.19730758666992","38.19730758666992"
"546","36.37465286254883","36.37465286254883","36.37465286254883"
"547","37.72691345214844","37.72691345214844","37.72691345214844"
"548","36.179962158203125","36.179962158203125","36.179962158203125"
"549","36.982845306396484","36.982845306396484","36.982845306396484"
"550","36.47985076904297","36.47985076904297","36.47985076904297"
"551","39.55255889892578","39.55255889892578","39.55255889892578"
"552","38.950958251953125","38.950958251953125","38.950958251953125"
"553","37.26714324951172","37.26714324951172","37.26714324951172"
"554","38.20835494995117","38.20835494995117","38.20835494995117"
"555","37.30366897583008","37.30366897583008","37.30366897583008"
"556","36.72015380859375","36.72015380859375","36.72015380859375"
"557","38.558902740478516","38.558902740478516","38.558902740478516"
"558","36.939701080322266","36.939701080322266","36.939701080322266"
"559","40.57978057861328","40.57978057861328","40.57978057861328"
"560","36.457908630371094","36.457908630371094","36.457908630371094"
"561","36.92848587036133","36.92848587036133","36.92848587036133"
"562","37.73710250854492","37.73710250854492","37.73710250854492"
"563","41.032562255859375","41.032562255859375","41.032562255859375"
"564","38.258514404296875","38.258514404296875","38.258514404296875"
"565","38.40812301635742","38.40812301635742","38.40812301635742"
"566","36.62024688720703","36.62024688720703","36.62024688720703"
"567","37.07589340209961","37.07589340209961","37.07589340209961"
"568","36.91986083984375","36.91986083984375","36.91986083984375"
"569","38.0661506652832","38.0661506652832","38.0661506652832"
"570","37.25828170776367","37.25828170776367","37.25828170776367"
"571","36.804161071777344","36.804161071777344","36.804161071777344"
"572","40.08678436279297","40.08678436279297","40.08678436279297"
"573","36.89202880859375","36.89202880859375","36.89202880859375"
"574","38.520057678222656","38.520057678222656","38.520057678222656"
"575","36.47596740722656","36.47596740722656","36.47596740722656"
"576","35.71736145019531","35.71736145019531","35.71736145019531"
"577","38.61042022705078","38.61042022705078","38.61042022705078"
"578","37.694580078125","37.694580078125","37.694580078125"
"579","37.899497985839844","37.899497985839844","37.899497985839844"
"580","39.667030334472656","39.667030334472656","39.667030334472656"
"581","37.761329650878906","37.761329650878906","37.761329650878906"
"582","36.52246856689453","36.52246856689453","36.52246856689453"
"583","37.571044921875","37.571044921875","37.571044921875"
"584","37.07255554199219","37.07255554199219","37.07255554199219"
"585","39.96625518798828","39.96625518798828","39.96625518798828"
"586","36.666404724121094","36.666404724121094","36.666404724121094"
"587","37.517738342285156","37.517738342285156","37.517738342285156"
"588","36.54631042480469","36.54631042480469","36.54631042480469"
"589","40.4567756652832","40.4567756652832","40.4567756652832"
"590","38.10652160644531","38.10652160644531","38.10652160644531"
"591","38.665767669677734","38.665767669677734","38.665767669677734"
"592","37.15202713012695","37.15202713012695","37.15202713012695"
"593","36.54447937011719","36.54447937011719","36.54447937011719"
"594","40.20695877075195","40.20695877075195","40.20695877075195"
"595","38.45903778076172","38.45903778076172","38.45903778076172"
"596","36.65816116333008","36.65816116333008","36.65816116333008"
"597","38.136844635009766","38.136844635009766","38.136844635009766"
"598","39.058311462402344","39.058311462402344","39.058311462402344"
"599","37.00187301635742","37.00187301635742","37.00187301635742"
"600","38.02146530151367","38.02146530151367","38.02146530151367"
"601","35.88389205932617","35.88389205932617","35.88389205932617"
"602","37.359188079833984","37.359188079833984","37.359188079833984"
"603","38.70965576171875","38.70965576171875","38.70965576171875"
"604","38.657997131347656","38.657997131347656","38.657997131347656"
"605","37.33271026611328","37.33271026611328","37.33271026611328"
"606","36.973655700683594","36.973655700683594","36.973655700683594"
"607","37.338623046875","37.338623046875","37.338623046875"
"608","37.08695602416992","37.08695602416992","37.08695602416992"
"609","38.06621170043945","38.06621170043945","38.06621170043945"
"610","37.50213623046875","37.50213623046875","37.50213623046875"
"611","39.90200424194336","39.90200424194336","39.90200424194336"
"612","38.574249267578125","38.574249267578125","38.574249267578125"
"613","37.54346466064453","37.54346466064453","37.54346466064453"
"614","40.41028594970703","40.41028594970703","40.41028594970703"
"615","38.37423324584961","38.37423324584961","38.37423324584961"
"616","37.03891372680664","37.03891372680664","37.03891372680664"
"617","38.720394134521484","38.720394134521484","38.720394134521484"
"618","37.422122955322266","37.422122955322266","37.422122955322266"
"619","36.70675277709961","36.70675277709961","36.70675277709961"
"620","37.22383499145508","37.22383499145508","37.22383499145508"
"621","37.371421813964844","37.371421813964844","37.371421813964844"
"622","38.818721771240234","38.818721771240234","38.818721771240234"
"623","37.500701904296875","37.500701904296875","37.500701904296875"
"624","40.04346466064453","40.04346466064453","40.04346466064453"
"625","37.60213088989258","37.60213088989258","37.60213088989258"
"626","39.43841552734375","39.43841552734375","39.43841552734375"
"627","37.97800064086914","37.97800064086914","37.97800064086914"
"628","36.919010162353516","36.919010162353516","36.919010162353516"
"629","37.8702392578125","37.8702392578125","37.8702392578125"
"630","39.01763153076172","39.01763153076172","39.01763153076172"
"631","37.43483352661133","37.43483352661133","37.43483352661133"
"632","38.386173248291016","38.386173248291016","38.386173248291016"
"633","37.4509391784668","37.4509391784668","37.4509391784668"
"634","36.692718505859375","36.692718505859375","36.692718505859375"
"635","38.01626205444336","38.01626205444336","38.01626205444336"
"636","37.15802764892578","37.15802764892578","37.15802764892578"
"637","38.61994171142578","38.61994171142578","38.61994171142578"
"638","36.02223205566406","36.02223205566406","36.02223205566406"
"639","35.956085205078125","35.956085205078125","35.956085205078125"
"640","40.360321044921875","40.360321044921875","40.360321044921875"
"641","36.073455810546875","36.073455810546875","36.073455810546875"
"642","39.453529357910156","39.453529357910156","39.453529357910156"
"643","35.15464782714844","35.15464782714844","35.15464782714844"
"644","37.71483612060547","37.71483612060547","37.71483612060547"
"645","39.016380310058594","39.016380310058594","39.016380310058594"
"646","38.138668060302734","38.138668060302734","38.138668060302734"
"647","39.30552673339844","39.30552673339844","39.30552673339844"
"648","38.05343246459961","38.05343246459961","38.05343246459961"
"649","37.46611785888672","37.46611785888672","37.46611785888672"
"650","37.34492874145508","37.34492874145508","37.34492874145508"
"651","38.7362174987793","38.7362174987793","38.7362174987793"
"652","37.643516540527344","37.643516540527344","37.643516540527344"
"653","38.79613494873047","38.79613494873047","38.79613494873047"
"654","37.44259262084961","37.44259262084961","37.44259262084961"
"655","41.12676239013672","41.12676239013672","41.12676239013672"
"656","36.59829330444336","36.59829330444336","36.59829330444336"
"657","39.96638107299805","39.96638107299805","39.96638107299805"
"658","39.160186767578125","39.160186767578125","39.160186767578125"
"659","38.108699798583984","38.108699798583984","38.108699798583984"
"660","37.479915618896484","37.479915618896484","37.479915618896484"
"661","38.25716781616211","38.25716781616211","38.25716781616211"
"662","38.39826202392578","38.39826202392578","38.39826202392578"
"663","37.69735336303711","37.69735336303711","37.69735336303711"
"664","39.295772552490234","39.295772552490234","39.295772552490234"
"665","37.01923370361328","37.01923370361328","37.01923370361328"
"666","35.926849365234375","35.926849365234375","35.926849365234375"
"667","39.872039794921875","39.872039794921875","39.872039794921875"
"668","37.71553039550781","37.71553039550781","37.71553039550781"
"669","38.562583923339844","38.562583923339844","38.562583923339844"
"670","36.43592071533203","36.43592071533203","36.43592071533203"
"671","39.18665313720703","39.18665313720703","39.18665313720703"
"672","37.03402328491211","37.03402328491211","37.03402328491211"
"673","37.950862884521484","37.950862884521484","37.950862884521484"
"674","35.75210189819336","35.75210189819336","35.75210189819336"
"675","39.186790466308594","39.186790466308594","39.186790466308594"
"676","38.41291809082031","38.41291809082031","38.41291809082031"
"677","38.59773635864258","38.59773635864258","38.59773635864258"
"678","37.88371658325195","37.88371658325195","37.88371658325195"
"679","35.99038314819336","35.99038314819336","35.99038314819336"
"680","37.36276626586914","37.36276626586914","37.36276626586914"
"681","40.3160514831543","40.3160514831543","40.3160514831543"
"682","37.2076530456543","37.2076530456543","37.2076530456543"
"683","38.03565216064453","38.03565216064453","38.03565216064453"
"684","34.98594665527344","34.98594665527344","34.98594665527344"
"685","38.37396240234375","38.37396240234375","38.37396240234375"
"686","38.72612762451172","38.72612762451172","38.72612762451172"
"687","38.46439743041992","38.46439743041992","38.46439743041992"
"688","38.25967025756836","38.25967025756836","38.25967025756836"
"689","36.901798248291016","36.901798248291016","36.901798248291016"
"690","38.52511215209961","38.52511215209961","38.52511215209961"
"691","38.833229064941406","38.833229064941406","38.833229064941406"
"692","37.09092330932617","37.09092330932617","37.09092330932617"
"693","36.92918395996094","36.92918395996094","36.92918395996094"
"694","35.52722930908203","35.52722930908203","35.52722930908203"
"695","37.12439727783203","37.12439727783203","37.12439727783203"
"696","35.28553009033203","35.28553009033203","35.28553009033203"
"697","39.611671447753906","39.611671447753906","39.611671447753906"
"698","38.342079162597656","38.342079162597656","38.342079162597656"
"699","35.925628662109375","35.925628662109375","35.925628662109375"
"700","37.72126007080078","37.72126007080078","37.72126007080078"
"701","36.529380798339844","36.529380798339844","36.529380798339844"
"702","38.142547607421875","38.142547607421875","38.142547607421875"
"703","38.506324768066406","38.506324768066406","38.506324768066406"
"704","36.45016860961914","36.45016860961914","36.45016860961914"
"705","38.679100036621094","38.679100036621094","38.679100036621094"
"706","37.63304138183594","37.63304138183594","37.63304138183594"
"707","36.247581481933594","36.247581481933594","36.247581481933594"
"708","34.099571228027344","34.099571228027344","34.099571228027344"
"709","36.060462951660156","36.060462951660156","36.060462951660156"
"710","38.826778411865234","38.826778411865234","38.826778411865234"
"711","38.532310485839844","38.532310485839844","38.532310485839844"
"712","38.88346862792969","38.88346862792969","38.88346862792969"
"713","35.869598388671875","35.869598388671875","35.869598388671875"
"714","37.91436004638672","37.91436004638672","37.91436004638672"
"715","36.042213439941406","36.042213439941406","36.042213439941406"
"716","35.920753479003906","35.920753479003906","35.920753479003906"
"717","36.70891189575195","36.70891189575195","36.70891189575195"
"718","36.933738708496094","36.933738708496094","36.933738708496094"
"719","37.10211944580078","37.10211944580078","37.10211944580078"
"720","37.38787078857422","37.38787078857422","37.38787078857422"
"721","35.887447357177734","35.887447357177734","35.887447357177734"
"722","38.04737091064453","38.04737091064453","38.04737091064453"
"723","36.72914505004883","36.72914505004883","36.72914505004883"
"724","35.81322479248047","35.81322479248047","35.81322479248047"
"725","36.81924057006836","36.81924057006836","36.81924057006836"
"726","35.918060302734375","35.918060302734375","35.918060302734375"
"727","35.40681838989258","35.40681838989258","35.40681838989258"
"728","36.33967208862305","36.33967208862305","36.33967208862305"
"729","37.36280822753906","37.36280822753906","37.36280822753906"
"730","37.526798248291016","37.526798248291016","37.526798248291016"
"731","36.13542175292969","36.13542175292969","36.13542175292969"
"732","36.43777847290039","36.43777847290039","36.43777847290039"
"733","37.79022979736328","37.79022979736328","37.79022979736328"
"734","38.038917541503906","38.038917541503906","38.038917541503906"
"735","35.255680084228516","35.255680084228516","35.255680084228516"
"736","39.23685836791992","39.23685836791992","39.23685836791992"
"737","37.90890884399414","37.90890884399414","37.90890884399414"
"738","35.85272979736328","35.85272979736328","35.85272979736328"
"739","36.883262634277344","36.883262634277344","36.883262634277344"
"740","36.79975128173828","36.79975128173828","36.79975128173828"
"741","37.30058670043945","37.30058670043945","37.30058670043945"
"742","37.01216506958008","37.01216506958008","37.01216506958008"
"743","38.001441955566406","38.001441955566406","38.001441955566406"
"744","35.488121032714844","35.488121032714844","35.488121032714844"
"745","37.30662536621094","37.30662536621094","37.30662536621094"
"746","37.88079071044922","37.88079071044922","37.88079071044922"
"747","36.14921951293945","36.14921951293945","36.14921951293945"
"748","39.49322509765625","39.49322509765625","39.49322509765625"
"749","37.707210540771484","37.707210540771484","37.707210540771484"
"750","38.61524200439453","38.61524200439453","38.61524200439453"
"751","35.99702453613281","35.99702453613281","35.99702453613281"
"752","38.16289520263672","38.16289520263672","38.16289520263672"
"753","37.48938751220703","37.48938751220703","37.48938751220703"
"754","39.72209548950195","39.72209548950195","39.72209548950195"
"755","36.21392822265625","36.21392822265625","36.21392822265625"
"756","38.816158294677734","38.816158294677734","38.816158294677734"
"757","36.113853454589844","36.113853454589844","36.113853454589844"
"758","38.497676849365234","38.497676849365234","38.497676849365234"
"759","38.0562629699707","38.0562629699707","38.0562629699707"
"760","37.12232208251953","37.12232208251953","37.12232208251953"
"761","36.49943542480469","36.49943542480469","36.49943542480469"
"762","37.41432571411133","37.41432571411133","37.41432571411133"
"763","38.563480377197266","38.563480377197266","38.563480377197266"
"764","39.37844467163086","39.37844467163086","39.37844467163086"
"765","38.16232681274414","38.16232681274414","38.16232681274414"
"766","37.64734649658203","37.64734649658203","37.64734649658203"
"767","36.741825103759766","36.741825103759766","36.741825103759766"
"768","36.585914611816406","36.585914611816406","36.585914611816406"
"769","35.975345611572266","35.975345611572266","35.975345611572266"
"770","37.60549545288086","37.60549545288086","37.60549545288086"
"771","38.80659866333008","38.80659866333008","38.80659866333008"
"772","37.62457275390625","37.62457275390625","37.62457275390625"
"773","36.81114959716797","36.81114959716797","36.81114959716797"
"774","38.80281448364258","38.80281448364258","38.80281448364258"
"775","35.841636657714844","35.841636657714844","35.841636657714844"
"776","35.38878631591797","35.38878631591797","35.38878631591797"
"777","37.77983093261719","37.77983093261719","37.77983093261719"
"778","39.05680847167969","39.05680847167969","39.05680847167969"
"779","37.45903396606445","37.45903396606445","37.45903396606445"
"780","37.12342834472656","37.12342834472656","37.12342834472656"
"781","39.584808349609375","39.584808349609375","39.584808349609375"
"782","36.28921890258789","36.28921890258789","36.28921890258789"
"783","36.23149871826172","36.23149871826172","36.23149871826172"
"784","38.54777526855469","38.54777526855469","38.54777526855469"
"785","37.2227783203125","37.2227783203125","37.2227783203125"
"786","37.348575592041016","37.348575592041016","37.348575592041016"
"787","38.26271057128906","38.26271057128906","38.26271057128906"
"788","36.611183166503906","36.611183166503906","36.611183166503906"
"789","38.33437728881836","38.33437728881836","38.33437728881836"
"790","39.502166748046875","39.502166748046875","39.502166748046875"
"791","36.84165573120117","36.84165573120117","36.84165573120117"
"792","36.677734375","36.677734375","36.677734375"
"793","37.25935745239258","37.25935745239258","37.25935745239258"
"794","37.132362365722656","37.132362365722656","37.132362365722656"
"795","36.70051956176758","36.70051956176758","36.70051956176758"
"796","36.07865524291992","36.07865524291992","36.07865524291992"
"797","38.10862731933594","38.10862731933594","38.10862731933594"
"798","37.77617263793945","37.77617263793945","37.77617263793945"
"799","37.12001419067383","37.12001419067383","37.12001419067383"
"800","37.48088073730469","37.48088073730469","37.48088073730469"
"801","37.74222946166992","37.74222946166992","37.74222946166992"
"802","38.724796295166016","38.724796295166016","38.724796295166016"
"803","36.57126998901367","36.57126998901367","36.57126998901367"
"804","36.68523406982422","36.68523406982422","36.68523406982422"
"805","39.50174331665039","39.50174331665039","39.50174331665039"
"806","38.588748931884766","38.588748931884766","38.588748931884766"
"807","38.819339752197266","38.819339752197266","38.819339752197266"
"808","37.709930419921875","37.709930419921875","37.709930419921875"
"809","36.420902252197266","36.420902252197266","36.420902252197266"
"810","36.53965377807617","36.53965377807617","36.53965377807617"
"811","40.592674255371094","40.592674255371094","40.592674255371094"
"812","38.251068115234375","38.251068115234375","38.251068115234375"
"813","37.00712966918945","37.00712966918945","37.00712966918945"
"814","38.59705352783203","38.59705352783203","38.59705352783203"
"815","37.18364334106445","37.18364334106445","37.18364334106445"
"816","39.34632873535156","39.34632873535156","39.34632873535156"
"817","39.58272933959961","39.58272933959961","39.58272933959961"
"818","36.281776428222656","36.281776428222656","36.281776428222656"
"819","36.36809539794922","36.36809539794922","36.36809539794922"
"820","36.14417266845703","36.14417266845703","36.14417266845703"
"821","37.64836502075195","37.64836502075195","37.64836502075195"
"822","40.19734573364258","40.19734573364258","40.19734573364258"
"823","39.04218673706055","39.04218673706055","39.04218673706055"
"824","37.4679069519043","37.4679069519043","37.4679069519043"
"825","36.223148345947266","36.223148345947266","36.223148345947266"
"826","37.25996017456055","37.25996017456055","37.25996017456055"
"827","35.62024688720703","35.62024688720703","35.62024688720703"
"828","38.76101303100586","38.76101303100586","38.76101303100586"
"829","37.8199348449707","37.8199348449707","37.8199348449707"
"830","38.002933502197266","38.002933502197266","38.002933502197266"
"831","39.635318756103516","39.635318756103516","39.635318756103516"
"832","39.03300476074219","39.03300476074219","39.03300476074219"
"833","37.24079513549805","37.24079513549805","37.24079513549805"
"834","36.31520080566406","36.31520080566406","36.31520080566406"
"835","37.05359649658203","37.05359649658203","37.05359649658203"
"836","37.90017318725586","37.90017318725586","37.90017318725586"
"837","35.863380432128906","35.863380432128906","35.863380432128906"
"838","39.503326416015625","39.503326416015625","39.503326416015625"
"839","37.66895294189453","37.66895294189453","37.66895294189453"
"840","39.017032623291016","39.017032623291016","39.017032623291016"
"841","36.364349365234375","36.364349365234375","36.364349365234375"
"842","38.220821380615234","38.220821380615234","38.220821380615234"
"843","37.0586051940918","37.0586051940918","37.0586051940918"
"844","37.44129943847656","37.44129943847656","37.44129943847656"
"845","36.19113540649414","36.19113540649414","36.19113540649414"
"846","37.219825744628906","37.219825744628906","37.219825744628906"
"847","36.234561920166016","36.234561920166016","36.234561920166016"
"848","36.84187698364258","36.84187698364258","36.84187698364258"
"849","39.94476318359375","39.94476318359375","39.94476318359375"
"850","36.83958435058594","36.83958435058594","36.83958435058594"
"851","36.34355163574219","36.34355163574219","36.34355163574219"
"852","37.24518585205078","37.24518585205078","37.24518585205078"
"853","34.62482452392578","34.62482452392578","34.62482452392578"
"854","37.79499816894531","37.79499816894531","37.79499816894531"
"855","35.48609161376953","35.48609161376953","35.48609161376953"
"856","38.84245681762695","38.84245681762695","38.84245681762695"
"857","37.84674835205078","37.84674835205078","37.84674835205078"
"858","37.36955642700195","37.36955642700195","37.36955642700195"
"859","36.45359420776367","36.45359420776367","36.45359420776367"
"860","37.19098663330078","37.19098663330078","37.19098663330078"
"861","35.96809005737305","35.96809005737305","35.96809005737305"
"862","38.79750442504883","38.79750442504883","38.79750442504883"
"863","36.476043701171875","36.476043701171875","36.476043701171875"
"864","38.745723724365234","38.745723724365234","38.745723724365234"
"865","36.73613357543945","36.73613357543945","36.73613357543945"
"866","39.30642318725586","39.30642318725586","39.30642318725586"
"867","36.367706298828125","36.367706298828125","36.367706298828125"
"868","39.86962890625","39.86962890625","39.86962890625"
"869","36.61396789550781","36.61396789550781","36.61396789550781"
"870","37.62892150878906","37.62892150878906","37.62892150878906"
"871","39.09227752685547","39.09227752685547","39.09227752685547"
"872","37.50199508666992","37.50199508666992","37.50199508666992"
"873","37.43988037109375","37.43988037109375","37.43988037109375"
"874","38.544551849365234","38.544551849365234","38.544551849365234"
"875","38.20598220825195","38.20598220825195","38.20598220825195"
"876","38.23341751098633","38.23341751098633","38.23341751098633"
"877","39.66289520263672","39.66289520263672","39.66289520263672"
"878","36.17759704589844","36.17759704589844","36.17759704589844"
"879","36.45746612548828","36.45746612548828","36.45746612548828"
"880","35.987022399902344","35.987022399902344","35.987022399902344"
"881","41.032798767089844","41.032798767089844","41.032798767089844"
"882","37.48233413696289","37.48233413696289","37.48233413696289"
"883","38.29649353027344","38.29649353027344","38.29649353027344"
"884","36.04356384277344","36.04356384277344","36.04356384277344"
"885","37.26681137084961","37.26681137084961","37.26681137084961"
"886","37.591651916503906","37.591651916503906","37.591651916503906"
"887","35.86396026611328","35.86396026611328","35.86396026611328"
"888","38.446353912353516","38.446353912353516","38.446353912353516"
"889","37.800537109375","37.800537109375","37.800537109375"
"890","38.27623748779297","38.27623748779297","38.27623748779297"
"891","38.67134094238281","38.67134094238281","38.67134094238281"
"892","40.13431167602539","40.13431167602539","40.13431167602539"
"893","36.302249908447266","36.302249908447266","36.302249908447266"
"894","37.78481674194336","37.78481674194336","37.78481674194336"
"895","38.38649368286133","38.38649368286133","38.38649368286133"
"896","36.56716537475586","36.56716537475586","36.56716537475586"
"897","36.48560333251953","36.48560333251953","36.48560333251953"
"898","35.532806396484375","35.532806396484375","35.532806396484375"
"899","38.673282623291016","38.673282623291016","38.673282623291016"
"900","36.41499710083008","36.41499710083008","36.41499710083008"
"901","39.1827278137207","39.1827278137207","39.1827278137207"
"902","36.46417999267578","36.46417999267578","36.46417999267578"
"903","38.37287139892578","38.37287139892578","38.37287139892578"
"904","36.480934143066406","36.480934143066406","36.480934143066406"
"905","37.7769775390625","37.7769775390625","37.7769775390625"
"906","38.54884338378906","38.54884338378906","38.54884338378906"
"907","36.56295394897461","36.56295394897461","36.56295394897461"
"908","37.005126953125","37.005126953125","37.005126953125"
"909","37.730106353759766","37.730106353759766","37.730106353759766"
"910","38.6068229675293","38.6068229675293","38.6068229675293"
"911","37.65373992919922","37.65373992919922","37.65373992919922"
"912","37.172889709472656","37.172889709472656","37.172889709472656"
"913","36.975975036621094","36.975975036621094","36.975975036621094"
"914","37.1049690246582","37.1049690246582","37.1049690246582"
"915","35.43611526489258","35.43611526489258","35.43611526489258"
"916","37.60497283935547","37.60497283935547","37.60497283935547"
"917","38.247432708740234","38.247432708740234","38.247432708740234"
"918","36.56724548339844","36.56724548339844","36.56724548339844"
"919","37.907936096191406","37.907936096191406","37.907936096191406"
"920","35.35488510131836","35.35488510131836","35.35488510131836"
"921","37.325748443603516","37.325748443603516","37.325748443603516"
"922","39.25896453857422","39.25896453857422","39.25896453857422"
"923","37.115806579589844","37.115806579589844","37.115806579589844"
"924","38.46867752075195","38.46867752075195","38.46867752075195"
"925","37.96472930908203","37.96472930908203","37.96472930908203"
"926","37.91167068481445","37.91167068481445","37.91167068481445"
"927","36.04464340209961","36.04464340209961","36.04464340209961"
"928","40.69060516357422","40.69060516357422","40.69060516357422"
"929","37.446571350097656","37.446571350097656","37.446571350097656"
"930","38.82545852661133","38.82545852661133","38.82545852661133"
"931","38.430206298828125","38.430206298828125","38.430206298828125"
"932","39.62932586669922","39.62932586669922","39.62932586669922"
"933","38.104652404785156","38.104652404785156","38.104652404785156"
"934","39.76253128051758","39.76253128051758","39.76253128051758"
"935","38.00440216064453","38.00440216064453","38.00440216064453"
"936","38.65911102294922","38.65911102294922","38.65911102294922"
"937","36.691104888916016","36.691104888916016","36.691104888916016"
"938","37.21453094482422","37.21453094482422","37.21453094482422"
"939","38.42145919799805","38.42145919799805","38.42145919799805"
"940","37.86799240112305","37.86799240112305","37.86799240112305"
"941","37.504844665527344","37.504844665527344","37.504844665527344"
"942","35.97591781616211","35.97591781616211","35.97591781616211"
"943","36.735198974609375","36.735198974609375","36.735198974609375"
"944","37.83038330078125","37.83038330078125","37.83038330078125"
"945","37.14179992675781","37.14179992675781","37.14179992675781"
"946","38.01503372192383","38.01503372192383","38.01503372192383"
"947","35.90766906738281","35.90766906738281","35.90766906738281"
"948","37.624691009521484","37.624691009521484","37.624691009521484"
"949","36.10894012451172","36.10894012451172","36.10894012451172"
"950","37.4807243347168","37.4807243347168","37.4807243347168"
"951","36.452857971191406","36.452857971191406","36.452857971191406"
"952","37.494747161865234","37.494747161865234","37.494747161865234"
"953","37.10811996459961","37.10811996459961","37.10811996459961"
"954","37.2004280090332","37.2004280090332","37.2004280090332"
"955","36.67958450317383","36.67958450317383","36.67958450317383"
"956","35.81086349487305","35.81086349487305","35.81086349487305"
"957","38.4154052734375","38.4154052734375","38.4154052734375"
"958","37.774375915527344","37.774375915527344","37.774375915527344"
"959","37.20578384399414","37.20578384399414","37.20578384399414"
"960","38.5344123840332","38.5344123840332","38.5344123840332"
"961","37.25296401977539","37.25296401977539","37.25296401977539"
"962","39.26758575439453","39.26758575439453","39.26758575439453"
"963","38.43067169189453","38.43067169189453","38.43067169189453"
"964","36.42301940917969","36.42301940917969","36.42301940917969"
"965","36.51772689819336","36.51772689819336","36.51772689819336"
"966","35.91023254394531","35.91023254394531","35.91023254394531"
"967","36.67216110229492","36.67216110229492","36.67216110229492"
"968","36.55094909667969","36.55094909667969","36.55094909667969"
"969","38.72394943237305","38.72394943237305","38.72394943237305"
"970","37.92918395996094","37.92918395996094","37.92918395996094"
"971","34.696006774902344","34.696006774902344","34.696006774902344"
"972","37.877845764160156","37.877845764160156","37.877845764160156"
"973","35.654747009277344","35.654747009277344","35.654747009277344"
"974","37.442867279052734","37.442867279052734","37.442867279052734"
"975","37.79389190673828","37.79389190673828","37.79389190673828"
"976","36.197628021240234","36.197628021240234","36.197628021240234"
"977","37.413108825683594","37.413108825683594","37.413108825683594"
"978","36.18499755859375","36.18499755859375","36.18499755859375"
"979","36.62513732910156","36.62513732910156","36.62513732910156"
"980","37.7351188659668","37.7351188659668","37.7351188659668"
"981","36.1735725402832","36.1735725402832","36.1735725402832"
"982","37.86717224121094","37.86717224121094","37.86717224121094"
"983","37.709136962890625","37.709136962890625","37.709136962890625"
"984","35.60102081298828","35.60102081298828","35.60102081298828"
"985","36.166404724121094","36.166404724121094","36.166404724121094"
"986","35.95886993408203","35.95886993408203","35.95886993408203"
"987","37.312076568603516","37.312076568603516","37.312076568603516"
"988","37.02052307128906","37.02052307128906","37.02052307128906"
"989","36.356258392333984","36.356258392333984","36.356258392333984"
"990","36.285667419433594","36.285667419433594","36.285667419433594"
"991","36.77646255493164","36.77646255493164","36.77646255493164"
"992","36.06855010986328","36.06855010986328","36.06855010986328"
"993","35.58332443237305","35.58332443237305","35.58332443237305"
"994","36.06837844848633","36.06837844848633","36.06837844848633"
"995","36.37422561645508","36.37422561645508","36.37422561645508"
"996","36.770591735839844","36.770591735839844","36.770591735839844"
"997","37.6122932434082","37.6122932434082","37.6122932434082"
"998","37.50172424316406","37.50172424316406","37.50172424316406"
"999","38.15596008300781","38.15596008300781","38.15596008300781"
"1000","36.95045471191406","36.95045471191406","36.95045471191406"
"1001","35.97502517700195","35.97502517700195","35.97502517700195"
"1002","37.6478271484375","37.6478271484375","37.6478271484375"
"1003","35.718605041503906","35.718605041503906","35.718605041503906"
"1004","35.72263717651367","35.72263717651367","35.72263717651367"
"1005","36.796836853027344","36.796836853027344","36.796836853027344"
"1006","36.33694076538086","36.33694076538086","36.33694076538086"
"1007","37.87193298339844","37.87193298339844","37.87193298339844"
"1008","36.433006286621094","36.433006286621094","36.433006286621094"
"1009","36.83442687988281","36.83442687988281","36.83442687988281"
"1010","34.99916076660156","34.99916076660156","34.99916076660156"
"1011","36.997230529785156","36.997230529785156","36.997230529785156"
"1012","35.09918212890625","35.09918212890625","35.09918212890625"
"1013","37.81336975097656","37.81336975097656","37.81336975097656"
"1014","36.273887634277344","36.273887634277344","36.273887634277344"
"1015","34.691307067871094","34.691307067871094","34.691307067871094"
"1016","36.594398498535156","36.594398498535156","36.594398498535156"
"1017","38.35879135131836","38.35879135131836","38.35879135131836"
"1018","38.712890625","38.712890625","38.712890625"
"1019","36.60942077636719","36.60942077636719","36.60942077636719"
"1020","38.284820556640625","38.284820556640625","38.284820556640625"
"1021","37.42592239379883","37.42592239379883","37.42592239379883"
"1022","37.817665100097656","37.817665100097656","37.817665100097656"
"1023","37.96558380126953","37.96558380126953","37.96558380126953"
"1024","35.56481170654297","35.56481170654297","35.56481170654297"
"1025","37.612728118896484","37.612728118896484","37.612728118896484"
"1026","37.980613708496094","37.980613708496094","37.980613708496094"
"1027","36.95531463623047","36.95531463623047","36.95531463623047"
"1028","39.23737716674805","39.23737716674805","39.23737716674805"
"1029","36.912567138671875","36.912567138671875","36.912567138671875"
"1030","37.774967193603516","37.774967193603516","37.774967193603516"
"1031","38.33259201049805","38.33259201049805","38.33259201049805"
"1032","38.652305603027344","38.652305603027344","38.652305603027344"
"1033","39.32030487060547","39.32030487060547","39.32030487060547"
"1034","35.41748046875","35.41748046875","35.41748046875"
"1035","37.72024154663086","37.72024154663086","37.72024154663086"
"1036","39.00169372558594","39.00169372558594","39.00169372558594"
"1037","35.983543395996094","35.983543395996094","35.983543395996094"
"1038","39.05604553222656","39.05604553222656","39.05604553222656"
"1039","38.86867141723633","38.86867141723633","38.86867141723633"
"1040","38.010536193847656","38.010536193847656","38.010536193847656"
"1041","38.376041412353516","38.376041412353516","38.376041412353516"
"1042","38.95166015625","38.95166015625","38.95166015625"
"1043","37.059478759765625","37.059478759765625","37.059478759765625"
"1044","37.242515563964844","37.242515563964844","37.242515563964844"
"1045","37.10467529296875","37.10467529296875","37.10467529296875"
"1046","35.9072380065918","35.9072380065918","35.9072380065918"
"1047","36.91587829589844","36.91587829589844","36.91587829589844"
"1048","37.48483657836914","37.48483657836914","37.48483657836914"
"1049","36.28083419799805","36.28083419799805","36.28083419799805"
"1050","37.756202697753906","37.756202697753906","37.756202697753906"
"1051","38.69474792480469","38.69474792480469","38.69474792480469"
"1052","38.219669342041016","38.219669342041016","38.219669342041016"
"1053","37.419578552246094","37.419578552246094","37.419578552246094"
"1054","36.74466323852539","36.74466323852539","36.74466323852539"
"1055","36.85829544067383","36.85829544067383","36.85829544067383"
"1056","36.9852180480957","36.9852180480957","36.9852180480957"
"1057","36.21181106567383","36.21181106567383","36.21181106567383"
"1058","36.40409851074219","36.40409851074219","36.40409851074219"
"1059","35.570037841796875","35.570037841796875","35.570037841796875"
"1060","37.93414306640625","37.93414306640625","37.93414306640625"
"1061","38.97792434692383","38.97792434692383","38.97792434692383"
"1062","35.89345169067383","35.89345169067383","35.89345169067383"
"1063","36.86929702758789","36.86929702758789","36.86929702758789"
"1064","38.011451721191406","38.011451721191406","38.011451721191406"
"1065","37.95649719238281","37.95649719238281","37.95649719238281"
"1066","39.67156982421875","39.67156982421875","39.67156982421875"
"1067","38.25885009765625","38.25885009765625","38.25885009765625"
"1068","37.334510803222656","37.334510803222656","37.334510803222656"
"1069","35.70532989501953","35.70532989501953","35.70532989501953"
"1070","38.75733947753906","38.75733947753906","38.75733947753906"
"1071","38.38986587524414","38.38986587524414","38.38986587524414"
"1072","37.129051208496094","37.129051208496094","37.129051208496094"
"1073","37.751319885253906","37.751319885253906","37.751319885253906"
"1074","36.495635986328125","36.495635986328125","36.495635986328125"
"1075","38.13943862915039","38.13943862915039","38.13943862915039"
"1076","35.53672409057617","35.53672409057617","35.53672409057617"
"1077","37.60530090332031","37.60530090332031","37.60530090332031"
"1078","37.71035385131836","37.71035385131836","37.71035385131836"
"1079","40.044837951660156","40.044837951660156","40.044837951660156"
"1080","36.10720443725586","36.10720443725586","36.10720443725586"
"1081","37.87554168701172","37.87554168701172","37.87554168701172"
"1082","37.84934997558594","37.84934997558594","37.84934997558594"
"1083","38.09248733520508","38.09248733520508","38.09248733520508"
"1084","38.95077896118164","38.95077896118164","38.95077896118164"
"1085","37.24613571166992","37.24613571166992","37.24613571166992"
"1086","37.256439208984375","37.256439208984375","37.256439208984375"
"1087","36.266204833984375","36.266204833984375","36.266204833984375"
"1088","41.21678924560547","41.21678924560547","41.21678924560547"
"1089","37.64070510864258","37.64070510864258","37.64070510864258"
"1090","37.247589111328125","37.247589111328125","37.247589111328125"
"1091","37.842689514160156","37.842689514160156","37.842689514160156"
"1092","37.73705291748047","37.73705291748047","37.73705291748047"
"1093","38.641666412353516","38.641666412353516","38.641666412353516"
"1094","36.99468994140625","36.99468994140625","36.99468994140625"
"1095","36.9641227722168","36.9641227722168","36.9641227722168"
"1096","35.84735107421875","35.84735107421875","35.84735107421875"
"1097","37.49410629272461","37.49410629272461","37.49410629272461"
"1098","38.39652633666992","38.39652633666992","38.39652633666992"
"1099","38.19362258911133","38.19362258911133","38.19362258911133"
"1100","36.99055099487305","36.99055099487305","36.99055099487305"
"1101","39.543418884277344","39.543418884277344","39.543418884277344"
"1102","35.94609832763672","35.94609832763672","35.94609832763672"
"1103","38.386470794677734","38.386470794677734","38.386470794677734"
"1104","35.50721740722656","35.50721740722656","35.50721740722656"
"1105","39.88674545288086","39.88674545288086","39.88674545288086"
"1106","38.89345932006836","38.89345932006836","38.89345932006836"
"1107","37.756256103515625","37.756256103515625","37.756256103515625"
"1108","38.15456008911133","38.15456008911133","38.15456008911133"
"1109","39.33589172363281","39.33589172363281","39.33589172363281"
"1110","37.5781135559082","37.5781135559082","37.5781135559082"
"1111","38.2147102355957","38.2147102355957","38.2147102355957"
"1112","37.295597076416016","37.295597076416016","37.295597076416016"
"1113","36.987884521484375","36.987884521484375","36.987884521484375"
"1114","36.12403106689453","36.12403106689453","36.12403106689453"
"1115","37.567955017089844","37.567955017089844","37.567955017089844"
"1116","37.71842956542969","37.71842956542969","37.71842956542969"
"1117","38.79689025878906","38.79689025878906","38.79689025878906"
"1118","38.595829010009766","38.595829010009766","38.595829010009766"
"1119","38.95500564575195","38.95500564575195","38.95500564575195"
"1120","36.016845703125","36.016845703125","36.016845703125"
"1121","37.319114685058594","37.319114685058594","37.319114685058594"
"1122","37.01515197753906","37.01515197753906","37.01515197753906"
"1123","36.485965728759766","36.485965728759766","36.485965728759766"
"1124","36.180641174316406","36.180641174316406","36.180641174316406"
"1125","36.672428131103516","36.672428131103516","36.672428131103516"
"1126","37.474510192871094","37.474510192871094","37.474510192871094"
"1127","36.60387420654297","36.60387420654297","36.60387420654297"
"1128","37.35020065307617","37.35020065307617","37.35020065307617"
"1129","37.58695983886719","37.58695983886719","37.58695983886719"
"1130","36.655967712402344","36.655967712402344","36.655967712402344"
"1131","37.51150894165039","37.51150894165039","37.51150894165039"
"1132","35.214290618896484","35.214290618896484","35.214290618896484"
"1133","36.56741714477539","36.56741714477539","36.56741714477539"
"1134","40.253665924072266","40.253665924072266","40.253665924072266"
"1135","37.848716735839844","37.848716735839844","37.848716735839844"
"1136","35.80844497680664","35.80844497680664","35.80844497680664"
"1137","35.656288146972656","35.656288146972656","35.656288146972656"
"1138","35.79497528076172","35.79497528076172","35.79497528076172"
"1139","40.52393341064453","40.52393341064453","40.52393341064453"
"1140","37.38734436035156","37.38734436035156","37.38734436035156"
"1141","36.98823547363281","36.98823547363281","36.98823547363281"
"1142","36.489627838134766","36.489627838134766","36.489627838134766"
"1143","37.85906982421875","37.85906982421875","37.85906982421875"
"1144","37.19335174560547","37.19335174560547","37.19335174560547"
"1145","41.00289535522461","41.00289535522461","41.00289535522461"
"1146","36.535911560058594","36.535911560058594","36.535911560058594"
"1147","38.250465393066406","38.250465393066406","38.250465393066406"
"1148","38.840118408203125","38.840118408203125","38.840118408203125"
"1149","37.596656799316406","37.596656799316406","37.596656799316406"
"1150","36.91236114501953","36.91236114501953","36.91236114501953"
"1151","37.7493896484375","37.7493896484375","37.7493896484375"
"1152","38.138153076171875","38.138153076171875","38.138153076171875"
"1153","37.68531799316406","37.68531799316406","37.68531799316406"
"1154","37.58476638793945","37.58476638793945","37.58476638793945"
"1155","36.36149215698242","36.36149215698242","36.36149215698242"
"1156","36.543067932128906","36.543067932128906","36.543067932128906"
"1157","36.93989562988281","36.93989562988281","36.93989562988281"
"1158","37.70928192138672","37.70928192138672","37.70928192138672"
"1159","36.90675735473633","36.90675735473633","36.90675735473633"
"1160","36.706024169921875","36.706024169921875","36.706024169921875"
"1161","35.903141021728516","35.903141021728516","35.903141021728516"
"1162","36.5908203125","36.5908203125","36.5908203125"
"1163","37.72041320800781","37.72041320800781","37.72041320800781"
"1164","37.3803596496582","37.3803596496582","37.3803596496582"
"1165","37.023677825927734","37.023677825927734","37.023677825927734"
"1166","36.635494232177734","36.635494232177734","36.635494232177734"
"1167","37.53987121582031","37.53987121582031","37.53987121582031"
"1168","40.28618240356445","40.28618240356445","40.28618240356445"
"1169","36.61338806152344","36.61338806152344","36.61338806152344"
"1170","37.700340270996094","37.700340270996094","37.700340270996094"
"1171","36.979915618896484","36.979915618896484","36.979915618896484"
"1172","38.339176177978516","38.339176177978516","38.339176177978516"
"1173","35.47683334350586","35.47683334350586","35.47683334350586"
"1174","37.950721740722656","37.950721740722656","37.950721740722656"
"1175","37.57843780517578","37.57843780517578","37.57843780517578"
"1176","38.690834045410156","38.690834045410156","38.690834045410156"
"1177","36.00422668457031","36.00422668457031","36.00422668457031"
"1178","39.03876876831055","39.03876876831055","39.03876876831055"
"1179","35.83697509765625","35.83697509765625","35.83697509765625"
"1180","39.141090393066406","39.141090393066406","39.141090393066406"
"1181","36.773841857910156","36.773841857910156","36.773841857910156"
"1182","37.1333122253418","37.1333122253418","37.1333122253418"
"1183","38.34456253051758","38.34456253051758","38.34456253051758"
"1184","36.588043212890625","36.588043212890625","36.588043212890625"
"1185","38.37959671020508","38.37959671020508","38.37959671020508"
"1186","37.83738327026367","37.83738327026367","37.83738327026367"
"1187","38.254966735839844","38.254966735839844","38.254966735839844"
"1188","35.72956848144531","35.72956848144531","35.72956848144531"
"1189","37.79483413696289","37.79483413696289","37.79483413696289"
"1190","37.02191925048828","37.02191925048828","37.02191925048828"
"1191","38.43568801879883","38.43568801879883","38.43568801879883"
"1192","36.5864143371582","36.5864143371582","36.5864143371582"
"1193","36.15616226196289","36.15616226196289","36.15616226196289"
"1194","38.10675811767578","38.10675811767578","38.10675811767578"
"1195","38.29888916015625","38.29888916015625","38.29888916015625"
"1196","38.61924743652344","38.61924743652344","38.61924743652344"
"1197","35.1168212890625","35.1168212890625","35.1168212890625"
"1198","37.089454650878906","37.089454650878906","37.089454650878906"
"1199","37.51897048950195","37.51897048950195","37.51897048950195"
"1200","37.07050323486328","37.07050323486328","37.07050323486328"
"1201","37.449485778808594","37.449485778808594","37.449485778808594"
"1202","36.69169235229492","36.69169235229492","36.69169235229492"
"1203","38.793609619140625","38.793609619140625","38.793609619140625"
"1204","36.225685119628906","36.225685119628906","36.225685119628906"
"1205","39.592830657958984","39.592830657958984","39.592830657958984"
"1206","37.584449768066406","37.584449768066406","37.584449768066406"
"1207","38.550315856933594","38.550315856933594","38.550315856933594"
"1208","39.31800842285156","39.31800842285156","39.31800842285156"
"1209","41.13329315185547","41.13329315185547","41.13329315185547"
"1210","36.633174896240234","36.633174896240234","36.633174896240234"
"1211","39.01432418823242","39.01432418823242","39.01432418823242"
"1212","38.954612731933594","38.954612731933594","38.954612731933594"
"1213","37.85939025878906","37.85939025878906","37.85939025878906"
"1214","37.13935089111328","37.13935089111328","37.13935089111328"
"1215","36.370643615722656","36.370643615722656","36.370643615722656"
"1216","36.03374481201172","36.03374481201172","36.03374481201172"
"1217","37.60655975341797","37.60655975341797","37.60655975341797"
"1218","38.506492614746094","38.506492614746094","38.506492614746094"
"1219","36.08045959472656","36.08045959472656","36.08045959472656"
"1220","37.37055206298828","37.37055206298828","37.37055206298828"
"1221","37.65996170043945","37.65996170043945","37.65996170043945"
"1222","37.607337951660156","37.607337951660156","37.607337951660156"
"1223","37.170997619628906","37.170997619628906","37.170997619628906"
"1224","36.44607925415039","36.44607925415039","36.44607925415039"
"1225","39.02363967895508","39.02363967895508","39.02363967895508"
"1226","35.777427673339844","35.777427673339844","35.777427673339844"
"1227","36.76152420043945","36.76152420043945","36.76152420043945"
"1228","36.28673553466797","36.28673553466797","36.28673553466797"
"1229","38.86705780029297","38.86705780029297","38.86705780029297"
"1230","36.602500915527344","36.602500915527344","36.602500915527344"
"1231","38.511287689208984","38.511287689208984","38.511287689208984"
"1232","35.89780044555664","35.89780044555664","35.89780044555664"
"1233","36.590240478515625","36.590240478515625","36.590240478515625"
"1234","38.005462646484375","38.005462646484375","38.005462646484375"
"1235","37.113887786865234","37.113887786865234","37.113887786865234"
"1236","35.903038024902344","35.903038024902344","35.903038024902344"
"1237","38.42473602294922","38.42473602294922","38.42473602294922"
"1238","36.99185562133789","36.99185562133789","36.99185562133789"
"1239","37.77311325073242","37.77311325073242","37.77311325073242"
"1240","37.72197723388672","37.72197723388672","37.72197723388672"
"1241","38.065879821777344","38.065879821777344","38.065879821777344"
"1242","36.834747314453125","36.834747314453125","36.834747314453125"
"1243","38.15953063964844","38.15953063964844","38.15953063964844"
"1244","36.4699592590332","36.4699592590332","36.4699592590332"
"1245","37.13197708129883","37.13197708129883","37.13197708129883"
"1246","36.7262077331543","36.7262077331543","36.7262077331543"
"1247","38.18916320800781","38.18916320800781","38.18916320800781"
"1248","35.864166259765625","35.864166259765625","35.864166259765625"
"1249","35.56765365600586","35.56765365600586","35.56765365600586"
"1250","36.384185791015625","36.384185791015625","36.384185791015625"
"1251","37.158668518066406","37.158668518066406","37.158668518066406"
"1252","36.80060958862305","36.80060958862305","36.80060958862305"
"1253","37.58137130737305","37.58137130737305","37.58137130737305"
"1254","37.416194915771484","37.416194915771484","37.416194915771484"
"1255","35.99360275268555","35.99360275268555","35.99360275268555"
"1256","36.2296028137207","36.2296028137207","36.2296028137207"
"1257","39.00888442993164","39.00888442993164","39.00888442993164"
"1258","37.1858024597168","37.1858024597168","37.1858024597168"
"1259","37.433902740478516","37.433902740478516","37.433902740478516"
"1260","37.62313461303711","37.62313461303711","37.62313461303711"