"Step","male_silero - loss/g/dur","male_silero - loss/g/dur__MIN","male_silero - loss/g/dur__MAX"
"0","6.757716178894043","6.757716178894043","6.757716178894043"
"1","2.3167474269866943","2.3167474269866943","2.3167474269866943"
"2","2.3541040420532227","2.3541040420532227","2.3541040420532227"
"3","2.1794607639312744","2.1794607639312744","2.1794607639312744"
"4","2.305060863494873","2.305060863494873","2.305060863494873"
"5","2.425882339477539","2.425882339477539","2.425882339477539"
"6","2.2811896800994873","2.2811896800994873","2.2811896800994873"
"7","2.1924521923065186","2.1924521923065186","2.1924521923065186"
"8","2.4403815269470215","2.4403815269470215","2.4403815269470215"
"9","2.2650856971740723","2.2650856971740723","2.2650856971740723"
"10","2.503509521484375","2.503509521484375","2.503509521484375"
"11","2.300539016723633","2.300539016723633","2.300539016723633"
"12","2.2423338890075684","2.2423338890075684","2.2423338890075684"
"13","2.279907703399658","2.279907703399658","2.279907703399658"
"14","2.2385025024414062","2.2385025024414062","2.2385025024414062"
"15","2.177670478820801","2.177670478820801","2.177670478820801"
"16","2.2540531158447266","2.2540531158447266","2.2540531158447266"
"17","2.1923067569732666","2.1923067569732666","2.1923067569732666"
"18","2.295382022857666","2.295382022857666","2.295382022857666"
"19","2.1733386516571045","2.1733386516571045","2.1733386516571045"
"20","2.1108338832855225","2.1108338832855225","2.1108338832855225"
"21","2.170992851257324","2.170992851257324","2.170992851257324"
"22","2.1492929458618164","2.1492929458618164","2.1492929458618164"
"23","2.275162696838379","2.275162696838379","2.275162696838379"
"24","2.1915786266326904","2.1915786266326904","2.1915786266326904"
"25","2.2011771202087402","2.2011771202087402","2.2011771202087402"
"26","2.2771992683410645","2.2771992683410645","2.2771992683410645"
"27","2.3008623123168945","2.3008623123168945","2.3008623123168945"
"28","2.080200672149658","2.080200672149658","2.080200672149658"
"29","2.2408180236816406","2.2408180236816406","2.2408180236816406"
"30","2.1220006942749023","2.1220006942749023","2.1220006942749023"
"31","2.3104772567749023","2.3104772567749023","2.3104772567749023"
"32","2.310460090637207","2.310460090637207","2.310460090637207"
"33","2.3587076663970947","2.3587076663970947","2.3587076663970947"
"34","2.3835315704345703","2.3835315704345703","2.3835315704345703"
"35","2.2154648303985596","2.2154648303985596","2.2154648303985596"
"36","2.2248759269714355","2.2248759269714355","2.2248759269714355"
"37","2.3310277462005615","2.3310277462005615","2.3310277462005615"
"38","2.274803876876831","2.274803876876831","2.274803876876831"
"39","2.2057440280914307","2.2057440280914307","2.2057440280914307"
"40","2.343207836151123","2.343207836151123","2.343207836151123"
"41","2.1916565895080566","2.1916565895080566","2.1916565895080566"
"42","2.20047664642334","2.20047664642334","2.20047664642334"
"43","2.164905071258545","2.164905071258545","2.164905071258545"
"44","2.1747279167175293","2.1747279167175293","2.1747279167175293"
"45","2.201831817626953","2.201831817626953","2.201831817626953"
"46","2.182680606842041","2.182680606842041","2.182680606842041"
"47","2.1745457649230957","2.1745457649230957","2.1745457649230957"
"48","2.30588436126709","2.30588436126709","2.30588436126709"
"49","2.3457229137420654","2.3457229137420654","2.3457229137420654"
"50","2.250340461730957","2.250340461730957","2.250340461730957"
"51","2.191150426864624","2.191150426864624","2.191150426864624"
"52","2.1908791065216064","2.1908791065216064","2.1908791065216064"
"53","2.196930170059204","2.196930170059204","2.196930170059204"
"54","2.0635182857513428","2.0635182857513428","2.0635182857513428"
"55","2.2638301849365234","2.2638301849365234","2.2638301849365234"
"56","2.2653141021728516","2.2653141021728516","2.2653141021728516"
"57","2.2041263580322266","2.2041263580322266","2.2041263580322266"
"58","2.163604259490967","2.163604259490967","2.163604259490967"
"59","2.232743501663208","2.232743501663208","2.232743501663208"
"60","2.2927801609039307","2.2927801609039307","2.2927801609039307"
"61","2.398240089416504","2.398240089416504","2.398240089416504"
"62","2.177436590194702","2.177436590194702","2.177436590194702"
"63","2.326425313949585","2.326425313949585","2.326425313949585"
"64","2.1129417419433594","2.1129417419433594","2.1129417419433594"
"65","2.1111114025115967","2.1111114025115967","2.1111114025115967"
"66","2.12034273147583","2.12034273147583","2.12034273147583"
"67","2.1699860095977783","2.1699860095977783","2.1699860095977783"
"68","2.256284236907959","2.256284236907959","2.256284236907959"
"69","2.2346253395080566","2.2346253395080566","2.2346253395080566"
"70","2.148834228515625","2.148834228515625","2.148834228515625"
"71","2.210986614227295","2.210986614227295","2.210986614227295"
"72","2.538846492767334","2.538846492767334","2.538846492767334"
"73","2.1212401390075684","2.1212401390075684","2.1212401390075684"
"74","2.15438175201416","2.15438175201416","2.15438175201416"
"75","2.2095847129821777","2.2095847129821777","2.2095847129821777"
"76","2.1854448318481445","2.1854448318481445","2.1854448318481445"
"77","2.2392330169677734","2.2392330169677734","2.2392330169677734"
"78","2.3167307376861572","2.3167307376861572","2.3167307376861572"
"79","2.1323227882385254","2.1323227882385254","2.1323227882385254"
"80","2.1470108032226562","2.1470108032226562","2.1470108032226562"
"81","2.231050491333008","2.231050491333008","2.231050491333008"
"82","2.2531731128692627","2.2531731128692627","2.2531731128692627"
"83","2.1555867195129395","2.1555867195129395","2.1555867195129395"
"84","2.188486337661743","2.188486337661743","2.188486337661743"
"85","2.146355628967285","2.146355628967285","2.146355628967285"
"86","2.3887805938720703","2.3887805938720703","2.3887805938720703"
"87","2.129091501235962","2.129091501235962","2.129091501235962"
"88","2.252018690109253","2.252018690109253","2.252018690109253"
"89","2.1655306816101074","2.1655306816101074","2.1655306816101074"
"90","2.187103271484375","2.187103271484375","2.187103271484375"
"91","2.154573678970337","2.154573678970337","2.154573678970337"
"92","2.227372407913208","2.227372407913208","2.227372407913208"
"93","2.218356132507324","2.218356132507324","2.218356132507324"
"94","2.166877508163452","2.166877508163452","2.166877508163452"
"95","2.210242748260498","2.210242748260498","2.210242748260498"
"96","2.1022229194641113","2.1022229194641113","2.1022229194641113"
"97","2.297758102416992","2.297758102416992","2.297758102416992"
"98","2.2913312911987305","2.2913312911987305","2.2913312911987305"
"99","2.049873113632202","2.049873113632202","2.049873113632202"
"100","2.236109972000122","2.236109972000122","2.236109972000122"
"101","2.2915942668914795","2.2915942668914795","2.2915942668914795"
"102","2.1224119663238525","2.1224119663238525","2.1224119663238525"
"103","2.4569811820983887","2.4569811820983887","2.4569811820983887"
"104","2.3593907356262207","2.3593907356262207","2.3593907356262207"
"105","2.2795848846435547","2.2795848846435547","2.2795848846435547"
"106","2.2043724060058594","2.2043724060058594","2.2043724060058594"
"107","2.120248556137085","2.120248556137085","2.120248556137085"
"108","2.2519779205322266","2.2519779205322266","2.2519779205322266"
"109","2.248152017593384","2.248152017593384","2.248152017593384"
"110","2.166853189468384","2.166853189468384","2.166853189468384"
"111","2.2127296924591064","2.2127296924591064","2.2127296924591064"
"112","2.3764591217041016","2.3764591217041016","2.3764591217041016"
"113","2.145425796508789","2.145425796508789","2.145425796508789"
"114","2.161691904067993","2.161691904067993","2.161691904067993"
"115","2.1116652488708496","2.1116652488708496","2.1116652488708496"
"116","2.2340354919433594","2.2340354919433594","2.2340354919433594"
"117","2.108480930328369","2.108480930328369","2.108480930328369"
"118","2.3626322746276855","2.3626322746276855","2.3626322746276855"
"119","2.2993781566619873","2.2993781566619873","2.2993781566619873"
"120","2.065560817718506","2.065560817718506","2.065560817718506"
"121","2.35640549659729","2.35640549659729","2.35640549659729"
"122","2.0893311500549316","2.0893311500549316","2.0893311500549316"
"123","2.087141513824463","2.087141513824463","2.087141513824463"
"124","2.129946708679199","2.129946708679199","2.129946708679199"
"125","2.1368038654327393","2.1368038654327393","2.1368038654327393"
"126","2.185607433319092","2.185607433319092","2.185607433319092"
"127","2.2114744186401367","2.2114744186401367","2.2114744186401367"
"128","2.353945255279541","2.353945255279541","2.353945255279541"
"129","2.211991310119629","2.211991310119629","2.211991310119629"
"130","2.171114206314087","2.171114206314087","2.171114206314087"
"131","2.1214115619659424","2.1214115619659424","2.1214115619659424"
"132","2.148987293243408","2.148987293243408","2.148987293243408"
"133","2.0037896633148193","2.0037896633148193","2.0037896633148193"
"134","2.028203248977661","2.028203248977661","2.028203248977661"
"135","2.2620458602905273","2.2620458602905273","2.2620458602905273"
"136","2.2349929809570312","2.2349929809570312","2.2349929809570312"
"137","2.2461767196655273","2.2461767196655273","2.2461767196655273"
"138","2.16813325881958","2.16813325881958","2.16813325881958"
"139","2.253347873687744","2.253347873687744","2.253347873687744"
"140","2.1765501499176025","2.1765501499176025","2.1765501499176025"
"141","1.982942819595337","1.982942819595337","1.982942819595337"
"142","2.113894462585449","2.113894462585449","2.113894462585449"
"143","2.2929110527038574","2.2929110527038574","2.2929110527038574"
"144","2.0991384983062744","2.0991384983062744","2.0991384983062744"
"145","2.120499849319458","2.120499849319458","2.120499849319458"
"146","2.267000198364258","2.267000198364258","2.267000198364258"
"147","2.127849578857422","2.127849578857422","2.127849578857422"
"148","2.3290462493896484","2.3290462493896484","2.3290462493896484"
"149","2.256755828857422","2.256755828857422","2.256755828857422"
"150","2.2101259231567383","2.2101259231567383","2.2101259231567383"
"151","2.171137809753418","2.171137809753418","2.171137809753418"
"152","2.294583320617676","2.294583320617676","2.294583320617676"
"153","2.089700698852539","2.089700698852539","2.089700698852539"
"154","2.231334686279297","2.231334686279297","2.231334686279297"
"155","2.2360193729400635","2.2360193729400635","2.2360193729400635"
"156","2.2603816986083984","2.2603816986083984","2.2603816986083984"
"157","2.2712295055389404","2.2712295055389404","2.2712295055389404"
"158","2.1563239097595215","2.1563239097595215","2.1563239097595215"
"159","2.258207321166992","2.258207321166992","2.258207321166992"
"160","2.2600550651550293","2.2600550651550293","2.2600550651550293"
"161","2.1960995197296143","2.1960995197296143","2.1960995197296143"
"162","2.121481418609619","2.121481418609619","2.121481418609619"
"163","2.2032363414764404","2.2032363414764404","2.2032363414764404"
"164","2.162656784057617","2.162656784057617","2.162656784057617"
"165","2.132852554321289","2.132852554321289","2.132852554321289"
"166","2.097571849822998","2.097571849822998","2.097571849822998"
"167","2.066340923309326","2.066340923309326","2.066340923309326"
"168","2.245645523071289","2.245645523071289","2.245645523071289"
"169","2.3012654781341553","2.3012654781341553","2.3012654781341553"
"170","2.1880531311035156","2.1880531311035156","2.1880531311035156"
"171","2.2550160884857178","2.2550160884857178","2.2550160884857178"
"172","2.355884552001953","2.355884552001953","2.355884552001953"
"173","2.2039995193481445","2.2039995193481445","2.2039995193481445"
"174","2.2215139865875244","2.2215139865875244","2.2215139865875244"
"175","2.307126045227051","2.307126045227051","2.307126045227051"
"176","2.2848687171936035","2.2848687171936035","2.2848687171936035"
"177","2.236844778060913","2.236844778060913","2.236844778060913"
"178","2.154895544052124","2.154895544052124","2.154895544052124"
"179","2.2059311866760254","2.2059311866760254","2.2059311866760254"
"180","2.228825092315674","2.228825092315674","2.228825092315674"
"181","2.1667063236236572","2.1667063236236572","2.1667063236236572"
"182","2.18939208984375","2.18939208984375","2.18939208984375"
"183","2.2218308448791504","2.2218308448791504","2.2218308448791504"
"184","2.28244686126709","2.28244686126709","2.28244686126709"
"185","2.0363006591796875","2.0363006591796875","2.0363006591796875"
"186","2.3389382362365723","2.3389382362365723","2.3389382362365723"
"187","2.1617486476898193","2.1617486476898193","2.1617486476898193"
"188","2.0745320320129395","2.0745320320129395","2.0745320320129395"
"189","2.5188746452331543","2.5188746452331543","2.5188746452331543"
"190","2.184598922729492","2.184598922729492","2.184598922729492"
"191","2.1454455852508545","2.1454455852508545","2.1454455852508545"
"192","2.087982654571533","2.087982654571533","2.087982654571533"
"193","2.2258284091949463","2.2258284091949463","2.2258284091949463"
"194","2.152980327606201","2.152980327606201","2.152980327606201"
"195","2.2073357105255127","2.2073357105255127","2.2073357105255127"
"196","2.0649659633636475","2.0649659633636475","2.0649659633636475"
"197","2.177544116973877","2.177544116973877","2.177544116973877"
"198","2.15934157371521","2.15934157371521","2.15934157371521"
"199","2.116551399230957","2.116551399230957","2.116551399230957"
"200","2.084500312805176","2.084500312805176","2.084500312805176"
"201","2.200361728668213","2.200361728668213","2.200361728668213"
"202","2.2586750984191895","2.2586750984191895","2.2586750984191895"
"203","2.137803554534912","2.137803554534912","2.137803554534912"
"204","2.1876473426818848","2.1876473426818848","2.1876473426818848"
"205","2.457552909851074","2.457552909851074","2.457552909851074"
"206","2.181635856628418","2.181635856628418","2.181635856628418"
"207","2.2752492427825928","2.2752492427825928","2.2752492427825928"
"208","2.2035179138183594","2.2035179138183594","2.2035179138183594"
"209","2.230355978012085","2.230355978012085","2.230355978012085"
"210","2.233428716659546","2.233428716659546","2.233428716659546"
"211","2.2985548973083496","2.2985548973083496","2.2985548973083496"
"212","2.224229335784912","2.224229335784912","2.224229335784912"
"213","2.131700038909912","2.131700038909912","2.131700038909912"
"214","2.154052257537842","2.154052257537842","2.154052257537842"
"215","2.257546901702881","2.257546901702881","2.257546901702881"
"216","2.2327141761779785","2.2327141761779785","2.2327141761779785"
"217","2.3088722229003906","2.3088722229003906","2.3088722229003906"
"218","2.215921640396118","2.215921640396118","2.215921640396118"
"219","2.13966965675354","2.13966965675354","2.13966965675354"
"220","2.1353096961975098","2.1353096961975098","2.1353096961975098"
"221","2.251115322113037","2.251115322113037","2.251115322113037"
"222","2.141599178314209","2.141599178314209","2.141599178314209"
"223","2.092597484588623","2.092597484588623","2.092597484588623"
"224","2.1491332054138184","2.1491332054138184","2.1491332054138184"
"225","2.144155740737915","2.144155740737915","2.144155740737915"
"226","2.16524600982666","2.16524600982666","2.16524600982666"
"227","2.10296368598938","2.10296368598938","2.10296368598938"
"228","2.173013687133789","2.173013687133789","2.173013687133789"
"229","2.141162395477295","2.141162395477295","2.141162395477295"
"230","2.1015336513519287","2.1015336513519287","2.1015336513519287"
"231","2.1037397384643555","2.1037397384643555","2.1037397384643555"
"232","2.0995144844055176","2.0995144844055176","2.0995144844055176"
"233","2.320267677307129","2.320267677307129","2.320267677307129"
"234","2.160961151123047","2.160961151123047","2.160961151123047"
"235","2.1186513900756836","2.1186513900756836","2.1186513900756836"
"236","2.1329126358032227","2.1329126358032227","2.1329126358032227"
"237","2.2237889766693115","2.2237889766693115","2.2237889766693115"
"238","2.10965633392334","2.10965633392334","2.10965633392334"
"239","2.19771671295166","2.19771671295166","2.19771671295166"
"240","2.259089469909668","2.259089469909668","2.259089469909668"
"241","2.4018428325653076","2.4018428325653076","2.4018428325653076"
"242","2.2132811546325684","2.2132811546325684","2.2132811546325684"
"243","2.1597213745117188","2.1597213745117188","2.1597213745117188"
"244","2.202537775039673","2.202537775039673","2.202537775039673"
"245","2.0773558616638184","2.0773558616638184","2.0773558616638184"
"246","2.130577564239502","2.130577564239502","2.130577564239502"
"247","2.165473699569702","2.165473699569702","2.165473699569702"
"248","2.0445668697357178","2.0445668697357178","2.0445668697357178"
"249","2.392416477203369","2.392416477203369","2.392416477203369"
"250","2.000293493270874","2.000293493270874","2.000293493270874"
"251","2.0867624282836914","2.0867624282836914","2.0867624282836914"
"252","2.128748893737793","2.128748893737793","2.128748893737793"
"253","2.25173282623291","2.25173282623291","2.25173282623291"
"254","2.303530216217041","2.303530216217041","2.303530216217041"
"255","2.262845993041992","2.262845993041992","2.262845993041992"
"256","2.1227898597717285","2.1227898597717285","2.1227898597717285"
"257","2.1047401428222656","2.1047401428222656","2.1047401428222656"
"258","2.026005506515503","2.026005506515503","2.026005506515503"
"259","2.0611729621887207","2.0611729621887207","2.0611729621887207"
"260","2.4730260372161865","2.4730260372161865","2.4730260372161865"
"261","2.1324353218078613","2.1324353218078613","2.1324353218078613"
"262","2.2839324474334717","2.2839324474334717","2.2839324474334717"
"263","2.3127002716064453","2.3127002716064453","2.3127002716064453"
"264","2.0263872146606445","2.0263872146606445","2.0263872146606445"
"265","2.0507965087890625","2.0507965087890625","2.0507965087890625"
"266","2.137402057647705","2.137402057647705","2.137402057647705"
"267","2.1791090965270996","2.1791090965270996","2.1791090965270996"
"268","2.329712390899658","2.329712390899658","2.329712390899658"
"269","2.090869903564453","2.090869903564453","2.090869903564453"
"270","2.3670005798339844","2.3670005798339844","2.3670005798339844"
"271","2.229710578918457","2.229710578918457","2.229710578918457"
"272","2.1869089603424072","2.1869089603424072","2.1869089603424072"
"273","2.074800491333008","2.074800491333008","2.074800491333008"
"274","2.3556671142578125","2.3556671142578125","2.3556671142578125"
"275","2.152369976043701","2.152369976043701","2.152369976043701"
"276","2.1355133056640625","2.1355133056640625","2.1355133056640625"
"277","2.1151604652404785","2.1151604652404785","2.1151604652404785"
"278","2.085860013961792","2.085860013961792","2.085860013961792"
"279","2.1845314502716064","2.1845314502716064","2.1845314502716064"
"280","2.0482659339904785","2.0482659339904785","2.0482659339904785"
"281","2.148149251937866","2.148149251937866","2.148149251937866"
"282","2.3643269538879395","2.3643269538879395","2.3643269538879395"
"283","2.12699294090271","2.12699294090271","2.12699294090271"
"284","2.1326708793640137","2.1326708793640137","2.1326708793640137"
"285","2.3199384212493896","2.3199384212493896","2.3199384212493896"
"286","2.126999855041504","2.126999855041504","2.126999855041504"
"287","2.3133111000061035","2.3133111000061035","2.3133111000061035"
"288","2.231257677078247","2.231257677078247","2.231257677078247"
"289","2.114816665649414","2.114816665649414","2.114816665649414"
"290","2.208857536315918","2.208857536315918","2.208857536315918"
"291","2.1930363178253174","2.1930363178253174","2.1930363178253174"
"292","2.107858657836914","2.107858657836914","2.107858657836914"
"293","2.122530937194824","2.122530937194824","2.122530937194824"
"294","2.041839599609375","2.041839599609375","2.041839599609375"
"295","2.2700228691101074","2.2700228691101074","2.2700228691101074"
"296","2.0804431438446045","2.0804431438446045","2.0804431438446045"
"297","2.0586304664611816","2.0586304664611816","2.0586304664611816"
"298","2.180874824523926","2.180874824523926","2.180874824523926"
"299","2.069615602493286","2.069615602493286","2.069615602493286"
"300","2.2205810546875","2.2205810546875","2.2205810546875"
"301","2.1808810234069824","2.1808810234069824","2.1808810234069824"
"302","2.1380345821380615","2.1380345821380615","2.1380345821380615"
"303","2.2457094192504883","2.2457094192504883","2.2457094192504883"
"304","2.297715187072754","2.297715187072754","2.297715187072754"
"305","2.053311824798584","2.053311824798584","2.053311824798584"
"306","2.181562900543213","2.181562900543213","2.181562900543213"
"307","2.069617509841919","2.069617509841919","2.069617509841919"
"308","2.3105740547180176","2.3105740547180176","2.3105740547180176"
"309","2.2863986492156982","2.2863986492156982","2.2863986492156982"
"310","2.2444677352905273","2.2444677352905273","2.2444677352905273"
"311","2.2852540016174316","2.2852540016174316","2.2852540016174316"
"312","2.198540210723877","2.198540210723877","2.198540210723877"
"313","2.1780643463134766","2.1780643463134766","2.1780643463134766"
"314","2.28497314453125","2.28497314453125","2.28497314453125"
"315","2.2348179817199707","2.2348179817199707","2.2348179817199707"
"316","2.194685220718384","2.194685220718384","2.194685220718384"
"317","2.3112406730651855","2.3112406730651855","2.3112406730651855"
"318","2.2522408962249756","2.2522408962249756","2.2522408962249756"
"319","2.0928285121917725","2.0928285121917725","2.0928285121917725"
"320","2.0441651344299316","2.0441651344299316","2.0441651344299316"
"321","2.113179922103882","2.113179922103882","2.113179922103882"
"322","2.126400947570801","2.126400947570801","2.126400947570801"
"323","2.1659369468688965","2.1659369468688965","2.1659369468688965"
"324","2.0977871417999268","2.0977871417999268","2.0977871417999268"
"325","2.2064201831817627","2.2064201831817627","2.2064201831817627"
"326","2.362043619155884","2.362043619155884","2.362043619155884"
"327","2.2234609127044678","2.2234609127044678","2.2234609127044678"
"328","2.185713052749634","2.185713052749634","2.185713052749634"
"329","2.1571295261383057","2.1571295261383057","2.1571295261383057"
"330","2.1435699462890625","2.1435699462890625","2.1435699462890625"
"331","2.0405471324920654","2.0405471324920654","2.0405471324920654"
"332","2.2130069732666016","2.2130069732666016","2.2130069732666016"
"333","2.2528905868530273","2.2528905868530273","2.2528905868530273"
"334","2.1299209594726562","2.1299209594726562","2.1299209594726562"
"335","2.1547460556030273","2.1547460556030273","2.1547460556030273"
"336","2.1595702171325684","2.1595702171325684","2.1595702171325684"
"337","2.37721586227417","2.37721586227417","2.37721586227417"
"338","2.3143842220306396","2.3143842220306396","2.3143842220306396"
"339","2.1893246173858643","2.1893246173858643","2.1893246173858643"
"340","2.278998613357544","2.278998613357544","2.278998613357544"
"341","2.067187786102295","2.067187786102295","2.067187786102295"
"342","2.0906286239624023","2.0906286239624023","2.0906286239624023"
"343","2.1019346714019775","2.1019346714019775","2.1019346714019775"
"344","2.1897289752960205","2.1897289752960205","2.1897289752960205"
"345","2.2453649044036865","2.2453649044036865","2.2453649044036865"
"346","2.22513484954834","2.22513484954834","2.22513484954834"
"347","2.176197052001953","2.176197052001953","2.176197052001953"
"348","2.1005077362060547","2.1005077362060547","2.1005077362060547"
"349","2.507737159729004","2.507737159729004","2.507737159729004"
"350","2.0943808555603027","2.0943808555603027","2.0943808555603027"
"351","2.0666768550872803","2.0666768550872803","2.0666768550872803"
"352","2.1650567054748535","2.1650567054748535","2.1650567054748535"
"353","2.1748859882354736","2.1748859882354736","2.1748859882354736"
"354","2.147761821746826","2.147761821746826","2.147761821746826"
"355","2.2790396213531494","2.2790396213531494","2.2790396213531494"
"356","2.102728843688965","2.102728843688965","2.102728843688965"
"357","2.175687551498413","2.175687551498413","2.175687551498413"
"358","2.1403050422668457","2.1403050422668457","2.1403050422668457"
"359","2.235053777694702","2.235053777694702","2.235053777694702"
"360","2.0471575260162354","2.0471575260162354","2.0471575260162354"
"361","2.1913836002349854","2.1913836002349854","2.1913836002349854"
"362","2.0740110874176025","2.0740110874176025","2.0740110874176025"
"363","2.2986130714416504","2.2986130714416504","2.2986130714416504"
"364","2.1195037364959717","2.1195037364959717","2.1195037364959717"
"365","2.1896023750305176","2.1896023750305176","2.1896023750305176"
"366","2.1588175296783447","2.1588175296783447","2.1588175296783447"
"367","2.1399664878845215","2.1399664878845215","2.1399664878845215"
"368","2.1780776977539062","2.1780776977539062","2.1780776977539062"
"369","2.1760356426239014","2.1760356426239014","2.1760356426239014"
"370","2.1675915718078613","2.1675915718078613","2.1675915718078613"
"371","2.1073625087738037","2.1073625087738037","2.1073625087738037"
"372","2.1063716411590576","2.1063716411590576","2.1063716411590576"
"373","2.0558266639709473","2.0558266639709473","2.0558266639709473"
"374","2.2661290168762207","2.2661290168762207","2.2661290168762207"
"375","2.1565754413604736","2.1565754413604736","2.1565754413604736"
"376","2.0020570755004883","2.0020570755004883","2.0020570755004883"
"377","2.1142332553863525","2.1142332553863525","2.1142332553863525"
"378","2.233038902282715","2.233038902282715","2.233038902282715"
"379","2.084007740020752","2.084007740020752","2.084007740020752"
"380","2.3495373725891113","2.3495373725891113","2.3495373725891113"
"381","2.307636260986328","2.307636260986328","2.307636260986328"
"382","2.2337429523468018","2.2337429523468018","2.2337429523468018"
"383","2.245584487915039","2.245584487915039","2.245584487915039"
"384","2.035215377807617","2.035215377807617","2.035215377807617"
"385","2.2185497283935547","2.2185497283935547","2.2185497283935547"
"386","2.2608351707458496","2.2608351707458496","2.2608351707458496"
"387","2.1357545852661133","2.1357545852661133","2.1357545852661133"
"388","2.130129814147949","2.130129814147949","2.130129814147949"
"389","2.2833876609802246","2.2833876609802246","2.2833876609802246"
"390","2.1509573459625244","2.1509573459625244","2.1509573459625244"
"391","2.079029083251953","2.079029083251953","2.079029083251953"
"392","2.1242802143096924","2.1242802143096924","2.1242802143096924"
"393","2.257687568664551","2.257687568664551","2.257687568664551"
"394","2.0202953815460205","2.0202953815460205","2.0202953815460205"
"395","2.3353383541107178","2.3353383541107178","2.3353383541107178"
"396","2.2334413528442383","2.2334413528442383","2.2334413528442383"
"397","2.0387685298919678","2.0387685298919678","2.0387685298919678"
"398","2.2405526638031006","2.2405526638031006","2.2405526638031006"
"399","2.106025457382202","2.106025457382202","2.106025457382202"
"400","2.047260046005249","2.047260046005249","2.047260046005249"
"401","2.1097962856292725","2.1097962856292725","2.1097962856292725"
"402","2.1732325553894043","2.1732325553894043","2.1732325553894043"
"403","2.1320698261260986","2.1320698261260986","2.1320698261260986"
"404","2.17109751701355","2.17109751701355","2.17109751701355"
"405","2.258674144744873","2.258674144744873","2.258674144744873"
"406","2.184814214706421","2.184814214706421","2.184814214706421"
"407","2.1091105937957764","2.1091105937957764","2.1091105937957764"
"408","2.1102118492126465","2.1102118492126465","2.1102118492126465"
"409","2.0784049034118652","2.0784049034118652","2.0784049034118652"
"410","1.9887762069702148","1.9887762069702148","1.9887762069702148"
"411","2.090785503387451","2.090785503387451","2.090785503387451"
"412","2.187985420227051","2.187985420227051","2.187985420227051"
"413","2.160494327545166","2.160494327545166","2.160494327545166"
"414","2.2097411155700684","2.2097411155700684","2.2097411155700684"
"415","2.0887954235076904","2.0887954235076904","2.0887954235076904"
"416","2.2300193309783936","2.2300193309783936","2.2300193309783936"
"417","2.1942508220672607","2.1942508220672607","2.1942508220672607"
"418","1.981245517730713","1.981245517730713","1.981245517730713"
"419","2.0347461700439453","2.0347461700439453","2.0347461700439453"
"420","2.240156650543213","2.240156650543213","2.240156650543213"
"421","2.0535449981689453","2.0535449981689453","2.0535449981689453"
"422","2.1692490577697754","2.1692490577697754","2.1692490577697754"
"423","2.1656572818756104","2.1656572818756104","2.1656572818756104"
"424","2.1205673217773438","2.1205673217773438","2.1205673217773438"
"425","2.280566930770874","2.280566930770874","2.280566930770874"
"426","2.2224204540252686","2.2224204540252686","2.2224204540252686"
"427","2.1444947719573975","2.1444947719573975","2.1444947719573975"
"428","2.222108840942383","2.222108840942383","2.222108840942383"
"429","2.3219969272613525","2.3219969272613525","2.3219969272613525"
"430","2.087836503982544","2.087836503982544","2.087836503982544"
"431","2.179771900177002","2.179771900177002","2.179771900177002"
"432","2.114056348800659","2.114056348800659","2.114056348800659"
"433","2.2497048377990723","2.2497048377990723","2.2497048377990723"
"434","2.2513773441314697","2.2513773441314697","2.2513773441314697"
"435","2.127558708190918","2.127558708190918","2.127558708190918"
"436","2.199648380279541","2.199648380279541","2.199648380279541"
"437","2.1703453063964844","2.1703453063964844","2.1703453063964844"
"438","2.144609212875366","2.144609212875366","2.144609212875366"
"439","2.0011203289031982","2.0011203289031982","2.0011203289031982"
"440","2.209462881088257","2.209462881088257","2.209462881088257"
"441","2.1231675148010254","2.1231675148010254","2.1231675148010254"
"442","2.120840549468994","2.120840549468994","2.120840549468994"
"443","2.1349315643310547","2.1349315643310547","2.1349315643310547"
"444","2.0061726570129395","2.0061726570129395","2.0061726570129395"
"445","2.2020177841186523","2.2020177841186523","2.2020177841186523"
"446","2.2388718128204346","2.2388718128204346","2.2388718128204346"
"447","2.213036060333252","2.213036060333252","2.213036060333252"
"448","2.1088409423828125","2.1088409423828125","2.1088409423828125"
"449","2.2735917568206787","2.2735917568206787","2.2735917568206787"
"450","2.1638131141662598","2.1638131141662598","2.1638131141662598"
"451","2.1147637367248535","2.1147637367248535","2.1147637367248535"
"452","2.2006218433380127","2.2006218433380127","2.2006218433380127"
"453","2.2019453048706055","2.2019453048706055","2.2019453048706055"
"454","2.165363311767578","2.165363311767578","2.165363311767578"
"455","2.081125020980835","2.081125020980835","2.081125020980835"
"456","2.198004722595215","2.198004722595215","2.198004722595215"
"457","2.127460479736328","2.127460479736328","2.127460479736328"
"458","2.1035232543945312","2.1035232543945312","2.1035232543945312"
"459","2.1642608642578125","2.1642608642578125","2.1642608642578125"
"460","2.1104066371917725","2.1104066371917725","2.1104066371917725"
"461","2.1818532943725586","2.1818532943725586","2.1818532943725586"
"462","1.9856890439987183","1.9856890439987183","1.9856890439987183"
"463","2.2276699542999268","2.2276699542999268","2.2276699542999268"
"464","2.110726833343506","2.110726833343506","2.110726833343506"
"465","2.042933940887451","2.042933940887451","2.042933940887451"
"466","2.397142171859741","2.397142171859741","2.397142171859741"
"467","2.1348519325256348","2.1348519325256348","2.1348519325256348"
"468","2.0535569190979004","2.0535569190979004","2.0535569190979004"
"469","1.9979608058929443","1.9979608058929443","1.9979608058929443"
"470","2.205756902694702","2.205756902694702","2.205756902694702"
"471","2.145796298980713","2.145796298980713","2.145796298980713"
"472","2.2374773025512695","2.2374773025512695","2.2374773025512695"
"473","2.0738587379455566","2.0738587379455566","2.0738587379455566"
"474","2.0935816764831543","2.0935816764831543","2.0935816764831543"
"475","2.116899013519287","2.116899013519287","2.116899013519287"
"476","2.0082013607025146","2.0082013607025146","2.0082013607025146"
"477","2.009819507598877","2.009819507598877","2.009819507598877"
"478","2.193453550338745","2.193453550338745","2.193453550338745"
"479","2.1790056228637695","2.1790056228637695","2.1790056228637695"
"480","2.095303535461426","2.095303535461426","2.095303535461426"
"481","2.1701769828796387","2.1701769828796387","2.1701769828796387"
"482","2.3893187046051025","2.3893187046051025","2.3893187046051025"
"483","2.1204943656921387","2.1204943656921387","2.1204943656921387"
"484","2.1960670948028564","2.1960670948028564","2.1960670948028564"
"485","2.1118078231811523","2.1118078231811523","2.1118078231811523"
"486","2.244757890701294","2.244757890701294","2.244757890701294"
"487","2.1296396255493164","2.1296396255493164","2.1296396255493164"
"488","2.284017562866211","2.284017562866211","2.284017562866211"
"489","2.1843738555908203","2.1843738555908203","2.1843738555908203"
"490","2.068370819091797","2.068370819091797","2.068370819091797"
"491","2.205458164215088","2.205458164215088","2.205458164215088"
"492","2.1057255268096924","2.1057255268096924","2.1057255268096924"
"493","2.177431583404541","2.177431583404541","2.177431583404541"
"494","2.244203567504883","2.244203567504883","2.244203567504883"
"495","2.1460819244384766","2.1460819244384766","2.1460819244384766"
"496","2.17075252532959","2.17075252532959","2.17075252532959"
"497","2.0563881397247314","2.0563881397247314","2.0563881397247314"
"498","2.2238216400146484","2.2238216400146484","2.2238216400146484"
"499","2.13525128364563","2.13525128364563","2.13525128364563"
"500","2.1194839477539062","2.1194839477539062","2.1194839477539062"
"501","2.168534755706787","2.168534755706787","2.168534755706787"
"502","2.0394234657287598","2.0394234657287598","2.0394234657287598"
"503","2.188309907913208","2.188309907913208","2.188309907913208"
"504","2.1137473583221436","2.1137473583221436","2.1137473583221436"
"505","2.1067049503326416","2.1067049503326416","2.1067049503326416"
"506","2.066300392150879","2.066300392150879","2.066300392150879"
"507","2.145443916320801","2.145443916320801","2.145443916320801"
"508","2.087449312210083","2.087449312210083","2.087449312210083"
"509","2.064330816268921","2.064330816268921","2.064330816268921"
"510","2.3340606689453125","2.3340606689453125","2.3340606689453125"
"511","2.16908860206604","2.16908860206604","2.16908860206604"
"512","2.129099130630493","2.129099130630493","2.129099130630493"
"513","2.1572229862213135","2.1572229862213135","2.1572229862213135"
"514","2.206702709197998","2.206702709197998","2.206702709197998"
"515","2.152085781097412","2.152085781097412","2.152085781097412"
"516","2.1115102767944336","2.1115102767944336","2.1115102767944336"
"517","2.1924564838409424","2.1924564838409424","2.1924564838409424"
"518","2.368978977203369","2.368978977203369","2.368978977203369"
"519","2.236032485961914","2.236032485961914","2.236032485961914"
"520","2.123873233795166","2.123873233795166","2.123873233795166"
"521","2.192563056945801","2.192563056945801","2.192563056945801"
"522","2.0067343711853027","2.0067343711853027","2.0067343711853027"
"523","2.1528830528259277","2.1528830528259277","2.1528830528259277"
"524","2.143779754638672","2.143779754638672","2.143779754638672"
"525","2.1812744140625","2.1812744140625","2.1812744140625"
"526","2.2816784381866455","2.2816784381866455","2.2816784381866455"
"527","2.058295488357544","2.058295488357544","2.058295488357544"
"528","2.1034858226776123","2.1034858226776123","2.1034858226776123"
"529","2.1091058254241943","2.1091058254241943","2.1091058254241943"
"530","2.2034852504730225","2.2034852504730225","2.2034852504730225"
"531","2.2319839000701904","2.2319839000701904","2.2319839000701904"
"532","2.1547458171844482","2.1547458171844482","2.1547458171844482"
"533","2.099924087524414","2.099924087524414","2.099924087524414"
"534","2.0778353214263916","2.0778353214263916","2.0778353214263916"
"535","2.076784372329712","2.076784372329712","2.076784372329712"
"536","2.096446990966797","2.096446990966797","2.096446990966797"
"537","2.412395477294922","2.412395477294922","2.412395477294922"
"538","2.1308064460754395","2.1308064460754395","2.1308064460754395"
"539","2.2195005416870117","2.2195005416870117","2.2195005416870117"
"540","2.34161376953125","2.34161376953125","2.34161376953125"
"541","2.018120527267456","2.018120527267456","2.018120527267456"
"542","2.1427218914031982","2.1427218914031982","2.1427218914031982"
"543","2.123142957687378","2.123142957687378","2.123142957687378"
"544","2.1583712100982666","2.1583712100982666","2.1583712100982666"
"545","2.251901388168335","2.251901388168335","2.251901388168335"
"546","2.11397123336792","2.11397123336792","2.11397123336792"
"547","2.3753788471221924","2.3753788471221924","2.3753788471221924"
"548","2.131681203842163","2.131681203842163","2.131681203842163"
"549","2.199592113494873","2.199592113494873","2.199592113494873"
"550","2.1244921684265137","2.1244921684265137","2.1244921684265137"
"551","2.270327091217041","2.270327091217041","2.270327091217041"
"552","2.126654624938965","2.126654624938965","2.126654624938965"
"553","2.1659739017486572","2.1659739017486572","2.1659739017486572"
"554","2.0959746837615967","2.0959746837615967","2.0959746837615967"
"555","2.095311403274536","2.095311403274536","2.095311403274536"
"556","2.118993043899536","2.118993043899536","2.118993043899536"
"557","1.9979692697525024","1.9979692697525024","1.9979692697525024"
"558","2.1159658432006836","2.1159658432006836","2.1159658432006836"
"559","2.323619842529297","2.323619842529297","2.323619842529297"
"560","2.1737418174743652","2.1737418174743652","2.1737418174743652"
"561","2.068211078643799","2.068211078643799","2.068211078643799"
"562","2.2586591243743896","2.2586591243743896","2.2586591243743896"
"563","2.1308162212371826","2.1308162212371826","2.1308162212371826"
"564","2.334717273712158","2.334717273712158","2.334717273712158"
"565","2.208744525909424","2.208744525909424","2.208744525909424"
"566","2.192981004714966","2.192981004714966","2.192981004714966"
"567","2.215627908706665","2.215627908706665","2.215627908706665"
"568","2.163416862487793","2.163416862487793","2.163416862487793"
"569","2.1110293865203857","2.1110293865203857","2.1110293865203857"
"570","2.110775947570801","2.110775947570801","2.110775947570801"
"571","2.0512681007385254","2.0512681007385254","2.0512681007385254"
"572","2.236931562423706","2.236931562423706","2.236931562423706"
"573","2.096447467803955","2.096447467803955","2.096447467803955"
"574","2.0059776306152344","2.0059776306152344","2.0059776306152344"
"575","2.080472230911255","2.080472230911255","2.080472230911255"
"576","2.10538911819458","2.10538911819458","2.10538911819458"
"577","2.2697842121124268","2.2697842121124268","2.2697842121124268"
"578","2.1237502098083496","2.1237502098083496","2.1237502098083496"
"579","2.088716745376587","2.088716745376587","2.088716745376587"
"580","2.15207839012146","2.15207839012146","2.15207839012146"
"581","2.2438740730285645","2.2438740730285645","2.2438740730285645"
"582","1.977435827255249","1.977435827255249","1.977435827255249"
"583","2.189969778060913","2.189969778060913","2.189969778060913"
"584","2.096407651901245","2.096407651901245","2.096407651901245"
"585","2.3002192974090576","2.3002192974090576","2.3002192974090576"
"586","2.2471022605895996","2.2471022605895996","2.2471022605895996"
"587","2.2583532333374023","2.2583532333374023","2.2583532333374023"
"588","2.3077611923217773","2.3077611923217773","2.3077611923217773"
"589","2.1576547622680664","2.1576547622680664","2.1576547622680664"
"590","2.1933043003082275","2.1933043003082275","2.1933043003082275"
"591","2.2323126792907715","2.2323126792907715","2.2323126792907715"
"592","2.1963388919830322","2.1963388919830322","2.1963388919830322"
"593","2.185786724090576","2.185786724090576","2.185786724090576"
"594","2.273700475692749","2.273700475692749","2.273700475692749"
"595","2.1481399536132812","2.1481399536132812","2.1481399536132812"
"596","2.13374662399292","2.13374662399292","2.13374662399292"
"597","2.15279483795166","2.15279483795166","2.15279483795166"
"598","2.1429717540740967","2.1429717540740967","2.1429717540740967"
"599","2.09873104095459","2.09873104095459","2.09873104095459"
"600","2.1324307918548584","2.1324307918548584","2.1324307918548584"
"601","2.100919246673584","2.100919246673584","2.100919246673584"
"602","2.2694897651672363","2.2694897651672363","2.2694897651672363"
"603","2.3074960708618164","2.3074960708618164","2.3074960708618164"
"604","2.2139296531677246","2.2139296531677246","2.2139296531677246"
"605","2.1626229286193848","2.1626229286193848","2.1626229286193848"
"606","2.1029210090637207","2.1029210090637207","2.1029210090637207"
"607","2.1554036140441895","2.1554036140441895","2.1554036140441895"
"608","2.0719709396362305","2.0719709396362305","2.0719709396362305"
"609","2.1939337253570557","2.1939337253570557","2.1939337253570557"
"610","2.2007203102111816","2.2007203102111816","2.2007203102111816"
"611","2.1871068477630615","2.1871068477630615","2.1871068477630615"
"612","2.1672987937927246","2.1672987937927246","2.1672987937927246"
"613","2.1766281127929688","2.1766281127929688","2.1766281127929688"
"614","2.2549657821655273","2.2549657821655273","2.2549657821655273"
"615","2.204554796218872","2.204554796218872","2.204554796218872"
"616","2.1762502193450928","2.1762502193450928","2.1762502193450928"
"617","2.3251523971557617","2.3251523971557617","2.3251523971557617"
"618","2.0569188594818115","2.0569188594818115","2.0569188594818115"
"619","2.0413036346435547","2.0413036346435547","2.0413036346435547"
"620","2.054372787475586","2.054372787475586","2.054372787475586"
"621","2.1369709968566895","2.1369709968566895","2.1369709968566895"
"622","2.1774239540100098","2.1774239540100098","2.1774239540100098"
"623","2.2088160514831543","2.2088160514831543","2.2088160514831543"
"624","2.1696505546569824","2.1696505546569824","2.1696505546569824"
"625","2.159411907196045","2.159411907196045","2.159411907196045"
"626","2.465993881225586","2.465993881225586","2.465993881225586"
"627","2.119201421737671","2.119201421737671","2.119201421737671"
"628","2.0523340702056885","2.0523340702056885","2.0523340702056885"
"629","2.16987943649292","2.16987943649292","2.16987943649292"
"630","2.1262714862823486","2.1262714862823486","2.1262714862823486"
"631","2.1468145847320557","2.1468145847320557","2.1468145847320557"
"632","2.246880054473877","2.246880054473877","2.246880054473877"
"633","2.076716661453247","2.076716661453247","2.076716661453247"
"634","2.0806283950805664","2.0806283950805664","2.0806283950805664"
"635","2.186814546585083","2.186814546585083","2.186814546585083"
"636","2.2620387077331543","2.2620387077331543","2.2620387077331543"
"637","2.092623233795166","2.092623233795166","2.092623233795166"
"638","2.1376471519470215","2.1376471519470215","2.1376471519470215"
"639","2.02632212638855","2.02632212638855","2.02632212638855"
"640","2.2445013523101807","2.2445013523101807","2.2445013523101807"
"641","2.1077258586883545","2.1077258586883545","2.1077258586883545"
"642","2.2114171981811523","2.2114171981811523","2.2114171981811523"
"643","2.1292688846588135","2.1292688846588135","2.1292688846588135"
"644","2.1354358196258545","2.1354358196258545","2.1354358196258545"
"645","2.210271120071411","2.210271120071411","2.210271120071411"
"646","2.1808342933654785","2.1808342933654785","2.1808342933654785"
"647","2.168360471725464","2.168360471725464","2.168360471725464"
"648","2.137838840484619","2.137838840484619","2.137838840484619"
"649","2.1792726516723633","2.1792726516723633","2.1792726516723633"
"650","2.062530994415283","2.062530994415283","2.062530994415283"
"651","2.1914174556732178","2.1914174556732178","2.1914174556732178"
"652","2.2073283195495605","2.2073283195495605","2.2073283195495605"
"653","1.968541145324707","1.968541145324707","1.968541145324707"
"654","2.149238109588623","2.149238109588623","2.149238109588623"
"655","2.198334217071533","2.198334217071533","2.198334217071533"
"656","2.082150459289551","2.082150459289551","2.082150459289551"
"657","2.339643955230713","2.339643955230713","2.339643955230713"
"658","2.3096280097961426","2.3096280097961426","2.3096280097961426"
"659","2.1903624534606934","2.1903624534606934","2.1903624534606934"
"660","2.2358295917510986","2.2358295917510986","2.2358295917510986"
"661","2.0373098850250244","2.0373098850250244","2.0373098850250244"
"662","2.134201765060425","2.134201765060425","2.134201765060425"
"663","2.240199565887451","2.240199565887451","2.240199565887451"
"664","2.1039772033691406","2.1039772033691406","2.1039772033691406"
"665","2.147791862487793","2.147791862487793","2.147791862487793"
"666","2.2800698280334473","2.2800698280334473","2.2800698280334473"
"667","2.1293373107910156","2.1293373107910156","2.1293373107910156"
"668","2.070547103881836","2.070547103881836","2.070547103881836"
"669","2.0192975997924805","2.0192975997924805","2.0192975997924805"
"670","2.201761245727539","2.201761245727539","2.201761245727539"
"671","2.055945634841919","2.055945634841919","2.055945634841919"
"672","2.327380895614624","2.327380895614624","2.327380895614624"
"673","2.291759490966797","2.291759490966797","2.291759490966797"
"674","2.0097546577453613","2.0097546577453613","2.0097546577453613"
"675","2.2979283332824707","2.2979283332824707","2.2979283332824707"
"676","2.0693306922912598","2.0693306922912598","2.0693306922912598"
"677","2.0685036182403564","2.0685036182403564","2.0685036182403564"
"678","2.0165047645568848","2.0165047645568848","2.0165047645568848"
"679","2.084195137023926","2.084195137023926","2.084195137023926"
"680","2.1896097660064697","2.1896097660064697","2.1896097660064697"
"681","2.1389822959899902","2.1389822959899902","2.1389822959899902"
"682","2.2304770946502686","2.2304770946502686","2.2304770946502686"
"683","2.168959856033325","2.168959856033325","2.168959856033325"
"684","2.0707478523254395","2.0707478523254395","2.0707478523254395"
"685","2.086893081665039","2.086893081665039","2.086893081665039"
"686","2.119934320449829","2.119934320449829","2.119934320449829"
"687","1.9181008338928223","1.9181008338928223","1.9181008338928223"
"688","1.9791983366012573","1.9791983366012573","1.9791983366012573"
"689","2.2071826457977295","2.2071826457977295","2.2071826457977295"
"690","2.171926259994507","2.171926259994507","2.171926259994507"
"691","2.203728199005127","2.203728199005127","2.203728199005127"
"692","2.131321430206299","2.131321430206299","2.131321430206299"
"693","2.1754748821258545","2.1754748821258545","2.1754748821258545"
"694","2.1838111877441406","2.1838111877441406","2.1838111877441406"
"695","1.9082624912261963","1.9082624912261963","1.9082624912261963"
"696","2.0370986461639404","2.0370986461639404","2.0370986461639404"
"697","2.1533095836639404","2.1533095836639404","2.1533095836639404"
"698","2.059150218963623","2.059150218963623","2.059150218963623"
"699","2.170226573944092","2.170226573944092","2.170226573944092"
"700","2.2000155448913574","2.2000155448913574","2.2000155448913574"
"701","2.104102373123169","2.104102373123169","2.104102373123169"
"702","2.1668832302093506","2.1668832302093506","2.1668832302093506"
"703","2.191068649291992","2.191068649291992","2.191068649291992"
"704","2.1359033584594727","2.1359033584594727","2.1359033584594727"
"705","2.216081142425537","2.216081142425537","2.216081142425537"
"706","2.3049187660217285","2.3049187660217285","2.3049187660217285"
"707","2.06457257270813","2.06457257270813","2.06457257270813"
"708","2.212963819503784","2.212963819503784","2.212963819503784"
"709","2.0300707817077637","2.0300707817077637","2.0300707817077637"
"710","2.1802687644958496","2.1802687644958496","2.1802687644958496"
"711","2.236013889312744","2.236013889312744","2.236013889312744"
"712","2.106008529663086","2.106008529663086","2.106008529663086"
"713","2.1949894428253174","2.1949894428253174","2.1949894428253174"
"714","2.1589722633361816","2.1589722633361816","2.1589722633361816"
"715","2.149293899536133","2.149293899536133","2.149293899536133"
"716","1.9917196035385132","1.9917196035385132","1.9917196035385132"
"717","2.169888496398926","2.169888496398926","2.169888496398926"
"718","2.050786018371582","2.050786018371582","2.050786018371582"
"719","2.0673489570617676","2.0673489570617676","2.0673489570617676"
"720","2.082918167114258","2.082918167114258","2.082918167114258"
"721","2.029679536819458","2.029679536819458","2.029679536819458"
"722","2.209012269973755","2.209012269973755","2.209012269973755"
"723","2.2261157035827637","2.2261157035827637","2.2261157035827637"
"724","2.176485300064087","2.176485300064087","2.176485300064087"
"725","2.1911749839782715","2.1911749839782715","2.1911749839782715"
"726","2.2361392974853516","2.2361392974853516","2.2361392974853516"
"727","2.0853095054626465","2.0853095054626465","2.0853095054626465"
"728","2.1089303493499756","2.1089303493499756","2.1089303493499756"
"729","2.236286163330078","2.236286163330078","2.236286163330078"
"730","2.1399214267730713","2.1399214267730713","2.1399214267730713"
"731","2.213588237762451","2.213588237762451","2.213588237762451"
"732","2.068702220916748","2.068702220916748","2.068702220916748"
"733","2.1448726654052734","2.1448726654052734","2.1448726654052734"
"734","2.148236036300659","2.148236036300659","2.148236036300659"
"735","2.1485953330993652","2.1485953330993652","2.1485953330993652"
"736","2.120284080505371","2.120284080505371","2.120284080505371"
"737","2.1258654594421387","2.1258654594421387","2.1258654594421387"
"738","2.122529983520508","2.122529983520508","2.122529983520508"
"739","1.9335603713989258","1.9335603713989258","1.9335603713989258"
"740","2.3016433715820312","2.3016433715820312","2.3016433715820312"
"741","2.1182050704956055","2.1182050704956055","2.1182050704956055"
"742","2.055291175842285","2.055291175842285","2.055291175842285"
"743","2.3877453804016113","2.3877453804016113","2.3877453804016113"
"744","2.071479320526123","2.071479320526123","2.071479320526123"
"745","2.0763070583343506","2.0763070583343506","2.0763070583343506"
"746","2.0610103607177734","2.0610103607177734","2.0610103607177734"
"747","2.131600856781006","2.131600856781006","2.131600856781006"
"748","2.1422014236450195","2.1422014236450195","2.1422014236450195"
"749","2.212190866470337","2.212190866470337","2.212190866470337"
"750","2.0740418434143066","2.0740418434143066","2.0740418434143066"
"751","2.048952102661133","2.048952102661133","2.048952102661133"
"752","2.096193313598633","2.096193313598633","2.096193313598633"
"753","2.100313425064087","2.100313425064087","2.100313425064087"
"754","2.0378665924072266","2.0378665924072266","2.0378665924072266"
"755","2.156599998474121","2.156599998474121","2.156599998474121"
"756","2.1612000465393066","2.1612000465393066","2.1612000465393066"
"757","2.0699057579040527","2.0699057579040527","2.0699057579040527"
"758","2.1614904403686523","2.1614904403686523","2.1614904403686523"
"759","2.3560192584991455","2.3560192584991455","2.3560192584991455"
"760","2.166337490081787","2.166337490081787","2.166337490081787"
"761","2.213602066040039","2.213602066040039","2.213602066040039"
"762","2.079716920852661","2.079716920852661","2.079716920852661"
"763","2.2294795513153076","2.2294795513153076","2.2294795513153076"
"764","2.1503491401672363","2.1503491401672363","2.1503491401672363"
"765","2.190674066543579","2.190674066543579","2.190674066543579"
"766","2.2278499603271484","2.2278499603271484","2.2278499603271484"
"767","2.0767102241516113","2.0767102241516113","2.0767102241516113"
"768","2.111720561981201","2.111720561981201","2.111720561981201"
"769","2.178471565246582","2.178471565246582","2.178471565246582"
"770","2.177006244659424","2.177006244659424","2.177006244659424"
"771","2.256235122680664","2.256235122680664","2.256235122680664"
"772","2.1295461654663086","2.1295461654663086","2.1295461654663086"
"773","2.175539970397949","2.175539970397949","2.175539970397949"
"774","2.121271848678589","2.121271848678589","2.121271848678589"
"775","2.1951680183410645","2.1951680183410645","2.1951680183410645"
"776","2.052755117416382","2.052755117416382","2.052755117416382"
"777","2.0854134559631348","2.0854134559631348","2.0854134559631348"
"778","2.0841615200042725","2.0841615200042725","2.0841615200042725"
"779","2.0227675437927246","2.0227675437927246","2.0227675437927246"
"780","2.2217416763305664","2.2217416763305664","2.2217416763305664"
"781","2.086629867553711","2.086629867553711","2.086629867553711"
"782","2.062382459640503","2.062382459640503","2.062382459640503"
"783","2.139834403991699","2.139834403991699","2.139834403991699"
"784","2.115023374557495","2.115023374557495","2.115023374557495"
"785","2.0407724380493164","2.0407724380493164","2.0407724380493164"
"786","2.0957789421081543","2.0957789421081543","2.0957789421081543"
"787","2.2327065467834473","2.2327065467834473","2.2327065467834473"
"788","2.1331560611724854","2.1331560611724854","2.1331560611724854"
"789","2.121473789215088","2.121473789215088","2.121473789215088"
"790","2.0872178077697754","2.0872178077697754","2.0872178077697754"
"791","2.2070751190185547","2.2070751190185547","2.2070751190185547"
"792","2.1151461601257324","2.1151461601257324","2.1151461601257324"
"793","2.0870862007141113","2.0870862007141113","2.0870862007141113"
"794","2.265878915786743","2.265878915786743","2.265878915786743"
"795","2.2973361015319824","2.2973361015319824","2.2973361015319824"
"796","2.1726741790771484","2.1726741790771484","2.1726741790771484"
"797","2.0933148860931396","2.0933148860931396","2.0933148860931396"
"798","2.1428661346435547","2.1428661346435547","2.1428661346435547"
"799","2.0571541786193848","2.0571541786193848","2.0571541786193848"
"800","2.1011581420898438","2.1011581420898438","2.1011581420898438"
"801","2.089263439178467","2.089263439178467","2.089263439178467"
"802","2.1298961639404297","2.1298961639404297","2.1298961639404297"
"803","2.289499282836914","2.289499282836914","2.289499282836914"
"804","2.0229296684265137","2.0229296684265137","2.0229296684265137"
"805","2.072535991668701","2.072535991668701","2.072535991668701"
"806","2.0978333950042725","2.0978333950042725","2.0978333950042725"
"807","2.1889827251434326","2.1889827251434326","2.1889827251434326"
"808","2.24761962890625","2.24761962890625","2.24761962890625"
"809","2.204082489013672","2.204082489013672","2.204082489013672"
"810","2.112482786178589","2.112482786178589","2.112482786178589"
"811","2.0769569873809814","2.0769569873809814","2.0769569873809814"
"812","2.0751163959503174","2.0751163959503174","2.0751163959503174"
"813","2.016429901123047","2.016429901123047","2.016429901123047"
"814","2.328207015991211","2.328207015991211","2.328207015991211"
"815","2.1308884620666504","2.1308884620666504","2.1308884620666504"
"816","2.154299259185791","2.154299259185791","2.154299259185791"
"817","2.341069459915161","2.341069459915161","2.341069459915161"
"818","2.0566577911376953","2.0566577911376953","2.0566577911376953"
"819","2.0447497367858887","2.0447497367858887","2.0447497367858887"
"820","2.113088369369507","2.113088369369507","2.113088369369507"
"821","2.0856335163116455","2.0856335163116455","2.0856335163116455"
"822","2.2869787216186523","2.2869787216186523","2.2869787216186523"
"823","2.074598789215088","2.074598789215088","2.074598789215088"
"824","2.3336753845214844","2.3336753845214844","2.3336753845214844"
"825","2.1632299423217773","2.1632299423217773","2.1632299423217773"
"826","2.065206527709961","2.065206527709961","2.065206527709961"
"827","2.1266980171203613","2.1266980171203613","2.1266980171203613"
"828","2.2137553691864014","2.2137553691864014","2.2137553691864014"
"829","2.1055705547332764","2.1055705547332764","2.1055705547332764"
"830","2.1239142417907715","2.1239142417907715","2.1239142417907715"
"831","2.0671334266662598","2.0671334266662598","2.0671334266662598"
"832","2.1150217056274414","2.1150217056274414","2.1150217056274414"
"833","2.145991563796997","2.145991563796997","2.145991563796997"
"834","2.007086753845215","2.007086753845215","2.007086753845215"
"835","2.14145565032959","2.14145565032959","2.14145565032959"
"836","2.2447614669799805","2.2447614669799805","2.2447614669799805"
"837","2.152127265930176","2.152127265930176","2.152127265930176"
"838","2.0974936485290527","2.0974936485290527","2.0974936485290527"
"839","2.2898995876312256","2.2898995876312256","2.2898995876312256"
"840","2.151061534881592","2.151061534881592","2.151061534881592"
"841","2.2904915809631348","2.2904915809631348","2.2904915809631348"
"842","2.1274261474609375","2.1274261474609375","2.1274261474609375"
"843","2.139800786972046","2.139800786972046","2.139800786972046"
"844","2.180961847305298","2.180961847305298","2.180961847305298"
"845","2.135451316833496","2.135451316833496","2.135451316833496"
"846","2.2013297080993652","2.2013297080993652","2.2013297080993652"
"847","2.1582558155059814","2.1582558155059814","2.1582558155059814"
"848","2.0384140014648438","2.0384140014648438","2.0384140014648438"
"849","2.2985401153564453","2.2985401153564453","2.2985401153564453"
"850","2.0431313514709473","2.0431313514709473","2.0431313514709473"
"851","2.036040782928467","2.036040782928467","2.036040782928467"
"852","2.092353343963623","2.092353343963623","2.092353343963623"
"853","1.945763111114502","1.945763111114502","1.945763111114502"
"854","2.2453243732452393","2.2453243732452393","2.2453243732452393"
"855","2.153513193130493","2.153513193130493","2.153513193130493"
"856","2.0907130241394043","2.0907130241394043","2.0907130241394043"
"857","2.208883285522461","2.208883285522461","2.208883285522461"
"858","2.2035646438598633","2.2035646438598633","2.2035646438598633"
"859","2.0464301109313965","2.0464301109313965","2.0464301109313965"
"860","2.1592493057250977","2.1592493057250977","2.1592493057250977"
"861","2.0750298500061035","2.0750298500061035","2.0750298500061035"
"862","2.2864627838134766","2.2864627838134766","2.2864627838134766"
"863","2.2227988243103027","2.2227988243103027","2.2227988243103027"
"864","2.1586008071899414","2.1586008071899414","2.1586008071899414"
"865","2.235649585723877","2.235649585723877","2.235649585723877"
"866","2.131186008453369","2.131186008453369","2.131186008453369"
"867","2.176671266555786","2.176671266555786","2.176671266555786"
"868","2.2178924083709717","2.2178924083709717","2.2178924083709717"
"869","2.1736581325531006","2.1736581325531006","2.1736581325531006"
"870","2.1779961585998535","2.1779961585998535","2.1779961585998535"
"871","2.3016486167907715","2.3016486167907715","2.3016486167907715"
"872","2.164853096008301","2.164853096008301","2.164853096008301"
"873","2.057036876678467","2.057036876678467","2.057036876678467"
"874","2.071162223815918","2.071162223815918","2.071162223815918"
"875","2.082352638244629","2.082352638244629","2.082352638244629"
"876","2.0787596702575684","2.0787596702575684","2.0787596702575684"
"877","2.1786487102508545","2.1786487102508545","2.1786487102508545"
"878","2.0982918739318848","2.0982918739318848","2.0982918739318848"
"879","2.1822545528411865","2.1822545528411865","2.1822545528411865"
"880","2.2535805702209473","2.2535805702209473","2.2535805702209473"
"881","2.1875061988830566","2.1875061988830566","2.1875061988830566"
"882","2.115384101867676","2.115384101867676","2.115384101867676"
"883","2.0862483978271484","2.0862483978271484","2.0862483978271484"
"884","2.1218008995056152","2.1218008995056152","2.1218008995056152"
"885","2.057279586791992","2.057279586791992","2.057279586791992"
"886","2.2047295570373535","2.2047295570373535","2.2047295570373535"
"887","2.107637882232666","2.107637882232666","2.107637882232666"
"888","2.1348161697387695","2.1348161697387695","2.1348161697387695"
"889","2.0965654850006104","2.0965654850006104","2.0965654850006104"
"890","2.212985038757324","2.212985038757324","2.212985038757324"
"891","2.315664529800415","2.315664529800415","2.315664529800415"
"892","2.275714159011841","2.275714159011841","2.275714159011841"
"893","2.1231818199157715","2.1231818199157715","2.1231818199157715"
"894","2.2249085903167725","2.2249085903167725","2.2249085903167725"
"895","1.9674367904663086","1.9674367904663086","1.9674367904663086"
"896","2.0242505073547363","2.0242505073547363","2.0242505073547363"
"897","2.0620386600494385","2.0620386600494385","2.0620386600494385"
"898","2.1738858222961426","2.1738858222961426","2.1738858222961426"
"899","2.236644983291626","2.236644983291626","2.236644983291626"
"900","2.1885476112365723","2.1885476112365723","2.1885476112365723"
"901","2.123448371887207","2.123448371887207","2.123448371887207"
"902","2.1146750450134277","2.1146750450134277","2.1146750450134277"
"903","2.3890416622161865","2.3890416622161865","2.3890416622161865"
"904","2.109307050704956","2.109307050704956","2.109307050704956"
"905","2.1236815452575684","2.1236815452575684","2.1236815452575684"
"906","2.118731737136841","2.118731737136841","2.118731737136841"
"907","2.1108343601226807","2.1108343601226807","2.1108343601226807"
"908","2.116163969039917","2.116163969039917","2.116163969039917"
"909","2.23006534576416","2.23006534576416","2.23006534576416"
"910","2.0455000400543213","2.0455000400543213","2.0455000400543213"
"911","2.102992534637451","2.102992534637451","2.102992534637451"
"912","2.1989402770996094","2.1989402770996094","2.1989402770996094"
"913","2.199035167694092","2.199035167694092","2.199035167694092"
"914","2.112032890319824","2.112032890319824","2.112032890319824"
"915","2.1703989505767822","2.1703989505767822","2.1703989505767822"
"916","2.053544759750366","2.053544759750366","2.053544759750366"
"917","2.350216865539551","2.350216865539551","2.350216865539551"
"918","2.077249526977539","2.077249526977539","2.077249526977539"
"919","2.2201614379882812","2.2201614379882812","2.2201614379882812"
"920","2.117769241333008","2.117769241333008","2.117769241333008"
"921","2.073294162750244","2.073294162750244","2.073294162750244"
"922","2.1754918098449707","2.1754918098449707","2.1754918098449707"
"923","2.146920919418335","2.146920919418335","2.146920919418335"
"924","2.1168103218078613","2.1168103218078613","2.1168103218078613"
"925","2.0710842609405518","2.0710842609405518","2.0710842609405518"
"926","2.1276113986968994","2.1276113986968994","2.1276113986968994"
"927","2.013181209564209","2.013181209564209","2.013181209564209"
"928","2.2167816162109375","2.2167816162109375","2.2167816162109375"
"929","2.213473320007324","2.213473320007324","2.213473320007324"
"930","2.035161018371582","2.035161018371582","2.035161018371582"
"931","2.0929362773895264","2.0929362773895264","2.0929362773895264"
"932","2.1759839057922363","2.1759839057922363","2.1759839057922363"
"933","2.099297046661377","2.099297046661377","2.099297046661377"
"934","2.314230442047119","2.314230442047119","2.314230442047119"
"935","2.3064310550689697","2.3064310550689697","2.3064310550689697"
"936","2.171138286590576","2.171138286590576","2.171138286590576"
"937","2.1383438110351562","2.1383438110351562","2.1383438110351562"
"938","1.999561071395874","1.999561071395874","1.999561071395874"
"939","2.2216570377349854","2.2216570377349854","2.2216570377349854"
"940","2.1743149757385254","2.1743149757385254","2.1743149757385254"
"941","2.078152894973755","2.078152894973755","2.078152894973755"
"942","2.102696180343628","2.102696180343628","2.102696180343628"
"943","2.263822317123413","2.263822317123413","2.263822317123413"
"944","2.1349070072174072","2.1349070072174072","2.1349070072174072"
"945","2.061825752258301","2.061825752258301","2.061825752258301"
"946","2.0299201011657715","2.0299201011657715","2.0299201011657715"
"947","2.174821138381958","2.174821138381958","2.174821138381958"
"948","2.038661003112793","2.038661003112793","2.038661003112793"
"949","2.241943120956421","2.241943120956421","2.241943120956421"
"950","2.1930243968963623","2.1930243968963623","2.1930243968963623"
"951","2.0268993377685547","2.0268993377685547","2.0268993377685547"
"952","2.1636080741882324","2.1636080741882324","2.1636080741882324"
"953","2.0283918380737305","2.0283918380737305","2.0283918380737305"
"954","2.053518295288086","2.053518295288086","2.053518295288086"
"955","2.049422025680542","2.049422025680542","2.049422025680542"
"956","2.057812452316284","2.057812452316284","2.057812452316284"
"957","2.1793770790100098","2.1793770790100098","2.1793770790100098"
"958","2.2088332176208496","2.2088332176208496","2.2088332176208496"
"959","2.242462396621704","2.242462396621704","2.242462396621704"
"960","2.189114809036255","2.189114809036255","2.189114809036255"
"961","2.117800712585449","2.117800712585449","2.117800712585449"
"962","2.0839176177978516","2.0839176177978516","2.0839176177978516"
"963","2.117763042449951","2.117763042449951","2.117763042449951"
"964","1.9657880067825317","1.9657880067825317","1.9657880067825317"
"965","2.0380589962005615","2.0380589962005615","2.0380589962005615"
"966","2.2243154048919678","2.2243154048919678","2.2243154048919678"
"967","2.1722068786621094","2.1722068786621094","2.1722068786621094"
"968","2.2155091762542725","2.2155091762542725","2.2155091762542725"
"969","2.0906505584716797","2.0906505584716797","2.0906505584716797"
"970","2.142025947570801","2.142025947570801","2.142025947570801"
"971","2.0924811363220215","2.0924811363220215","2.0924811363220215"
"972","2.004413604736328","2.004413604736328","2.004413604736328"
"973","2.0451278686523438","2.0451278686523438","2.0451278686523438"
"974","2.189548969268799","2.189548969268799","2.189548969268799"
"975","2.0121655464172363","2.0121655464172363","2.0121655464172363"
"976","2.0838606357574463","2.0838606357574463","2.0838606357574463"
"977","2.1901230812072754","2.1901230812072754","2.1901230812072754"
"978","2.0759119987487793","2.0759119987487793","2.0759119987487793"
"979","2.2042183876037598","2.2042183876037598","2.2042183876037598"
"980","2.128167152404785","2.128167152404785","2.128167152404785"
"981","2.176605224609375","2.176605224609375","2.176605224609375"
"982","2.2408854961395264","2.2408854961395264","2.2408854961395264"
"983","2.2307143211364746","2.2307143211364746","2.2307143211364746"
"984","1.9983572959899902","1.9983572959899902","1.9983572959899902"
"985","2.2042770385742188","2.2042770385742188","2.2042770385742188"
"986","2.0905652046203613","2.0905652046203613","2.0905652046203613"
"987","2.1667606830596924","2.1667606830596924","2.1667606830596924"
"988","2.1948583126068115","2.1948583126068115","2.1948583126068115"
"989","2.0988595485687256","2.0988595485687256","2.0988595485687256"
"990","2.1052346229553223","2.1052346229553223","2.1052346229553223"
"991","2.0790743827819824","2.0790743827819824","2.0790743827819824"
"992","2.109290838241577","2.109290838241577","2.109290838241577"
"993","2.059751510620117","2.059751510620117","2.059751510620117"
"994","2.170708179473877","2.170708179473877","2.170708179473877"
"995","1.9709477424621582","1.9709477424621582","1.9709477424621582"
"996","2.0753695964813232","2.0753695964813232","2.0753695964813232"
"997","2.072221517562866","2.072221517562866","2.072221517562866"
"998","2.0298588275909424","2.0298588275909424","2.0298588275909424"
"999","2.162215232849121","2.162215232849121","2.162215232849121"
"1000","2.1546101570129395","2.1546101570129395","2.1546101570129395"
"1001","2.1520938873291016","2.1520938873291016","2.1520938873291016"
"1002","2.201080799102783","2.201080799102783","2.201080799102783"
"1003","2.2151637077331543","2.2151637077331543","2.2151637077331543"
"1004","2.1018927097320557","2.1018927097320557","2.1018927097320557"
"1005","2.039669990539551","2.039669990539551","2.039669990539551"
"1006","2.125579357147217","2.125579357147217","2.125579357147217"
"1007","2.2167444229125977","2.2167444229125977","2.2167444229125977"
"1008","2.1542978286743164","2.1542978286743164","2.1542978286743164"
"1009","2.0588369369506836","2.0588369369506836","2.0588369369506836"
"1010","2.187885046005249","2.187885046005249","2.187885046005249"
"1011","2.1532816886901855","2.1532816886901855","2.1532816886901855"
"1012","2.0216166973114014","2.0216166973114014","2.0216166973114014"
"1013","2.0783705711364746","2.0783705711364746","2.0783705711364746"
"1014","2.1389245986938477","2.1389245986938477","2.1389245986938477"
"1015","2.190622329711914","2.190622329711914","2.190622329711914"
"1016","1.9938726425170898","1.9938726425170898","1.9938726425170898"
"1017","2.2294559478759766","2.2294559478759766","2.2294559478759766"
"1018","2.10880184173584","2.10880184173584","2.10880184173584"
"1019","2.078266143798828","2.078266143798828","2.078266143798828"
"1020","2.364177703857422","2.364177703857422","2.364177703857422"
"1021","2.0492165088653564","2.0492165088653564","2.0492165088653564"
"1022","2.1279642581939697","2.1279642581939697","2.1279642581939697"
"1023","2.0176644325256348","2.0176644325256348","2.0176644325256348"
"1024","2.1884894371032715","2.1884894371032715","2.1884894371032715"
"1025","2.154045581817627","2.154045581817627","2.154045581817627"
"1026","2.1699202060699463","2.1699202060699463","2.1699202060699463"
"1027","2.042275905609131","2.042275905609131","2.042275905609131"
"1028","2.1341423988342285","2.1341423988342285","2.1341423988342285"
"1029","2.0981428623199463","2.0981428623199463","2.0981428623199463"
"1030","2.0057902336120605","2.0057902336120605","2.0057902336120605"
"1031","2.039573907852173","2.039573907852173","2.039573907852173"
"1032","2.1571712493896484","2.1571712493896484","2.1571712493896484"
"1033","2.1088430881500244","2.1088430881500244","2.1088430881500244"
"1034","2.085158348083496","2.085158348083496","2.085158348083496"
"1035","2.17496657371521","2.17496657371521","2.17496657371521"
"1036","2.379666805267334","2.379666805267334","2.379666805267334"
"1037","2.17093825340271","2.17093825340271","2.17093825340271"
"1038","2.183236598968506","2.183236598968506","2.183236598968506"
"1039","2.130690813064575","2.130690813064575","2.130690813064575"
"1040","2.1643805503845215","2.1643805503845215","2.1643805503845215"
"1041","2.1515040397644043","2.1515040397644043","2.1515040397644043"
"1042","2.2380802631378174","2.2380802631378174","2.2380802631378174"
"1043","2.243542432785034","2.243542432785034","2.243542432785034"
"1044","2.0785155296325684","2.0785155296325684","2.0785155296325684"
"1045","2.0608339309692383","2.0608339309692383","2.0608339309692383"
"1046","2.1427993774414062","2.1427993774414062","2.1427993774414062"
"1047","2.2429306507110596","2.2429306507110596","2.2429306507110596"
"1048","2.2277891635894775","2.2277891635894775","2.2277891635894775"
"1049","2.140937566757202","2.140937566757202","2.140937566757202"
"1050","2.1142330169677734","2.1142330169677734","2.1142330169677734"
"1051","2.108623743057251","2.108623743057251","2.108623743057251"
"1052","2.1815972328186035","2.1815972328186035","2.1815972328186035"
"1053","2.1265926361083984","2.1265926361083984","2.1265926361083984"
"1054","2.0124807357788086","2.0124807357788086","2.0124807357788086"
"1055","2.1653048992156982","2.1653048992156982","2.1653048992156982"
"1056","2.0080599784851074","2.0080599784851074","2.0080599784851074"
"1057","2.143001079559326","2.143001079559326","2.143001079559326"
"1058","2.0492377281188965","2.0492377281188965","2.0492377281188965"
"1059","2.105525016784668","2.105525016784668","2.105525016784668"
"1060","2.1374282836914062","2.1374282836914062","2.1374282836914062"
"1061","2.0415313243865967","2.0415313243865967","2.0415313243865967"
"1062","2.083017110824585","2.083017110824585","2.083017110824585"
"1063","2.0419344902038574","2.0419344902038574","2.0419344902038574"
"1064","2.255425453186035","2.255425453186035","2.255425453186035"
"1065","2.1476011276245117","2.1476011276245117","2.1476011276245117"
"1066","2.167271614074707","2.167271614074707","2.167271614074707"
"1067","2.1045429706573486","2.1045429706573486","2.1045429706573486"
"1068","2.1790521144866943","2.1790521144866943","2.1790521144866943"
"1069","2.0782835483551025","2.0782835483551025","2.0782835483551025"
"1070","2.12109112739563","2.12109112739563","2.12109112739563"
"1071","2.2442572116851807","2.2442572116851807","2.2442572116851807"
"1072","2.336970090866089","2.336970090866089","2.336970090866089"
"1073","2.2709548473358154","2.2709548473358154","2.2709548473358154"
"1074","2.0861034393310547","2.0861034393310547","2.0861034393310547"
"1075","2.1984026432037354","2.1984026432037354","2.1984026432037354"
"1076","2.0011091232299805","2.0011091232299805","2.0011091232299805"
"1077","2.058849811553955","2.058849811553955","2.058849811553955"
"1078","2.184432029724121","2.184432029724121","2.184432029724121"
"1079","2.121009111404419","2.121009111404419","2.121009111404419"
"1080","2.306985855102539","2.306985855102539","2.306985855102539"
"1081","2.044672966003418","2.044672966003418","2.044672966003418"
"1082","2.099757194519043","2.099757194519043","2.099757194519043"
"1083","2.130967617034912","2.130967617034912","2.130967617034912"
"1084","2.19500994682312","2.19500994682312","2.19500994682312"
"1085","2.2248215675354004","2.2248215675354004","2.2248215675354004"
"1086","2.1909852027893066","2.1909852027893066","2.1909852027893066"
"1087","2.13405442237854","2.13405442237854","2.13405442237854"
"1088","2.086839437484741","2.086839437484741","2.086839437484741"
"1089","2.0225186347961426","2.0225186347961426","2.0225186347961426"
"1090","2.009063959121704","2.009063959121704","2.009063959121704"
"1091","2.3584513664245605","2.3584513664245605","2.3584513664245605"
"1092","2.1120362281799316","2.1120362281799316","2.1120362281799316"
"1093","2.1963534355163574","2.1963534355163574","2.1963534355163574"
"1094","2.3910865783691406","2.3910865783691406","2.3910865783691406"
"1095","2.0568060874938965","2.0568060874938965","2.0568060874938965"
"1096","2.061972141265869","2.061972141265869","2.061972141265869"
"1097","2.0711655616760254","2.0711655616760254","2.0711655616760254"
"1098","2.059720039367676","2.059720039367676","2.059720039367676"
"1099","2.2958078384399414","2.2958078384399414","2.2958078384399414"
"1100","2.0301084518432617","2.0301084518432617","2.0301084518432617"
"1101","2.322185516357422","2.322185516357422","2.322185516357422"
"1102","2.150794267654419","2.150794267654419","2.150794267654419"
"1103","2.073496103286743","2.073496103286743","2.073496103286743"
"1104","2.0303173065185547","2.0303173065185547","2.0303173065185547"
"1105","2.25101375579834","2.25101375579834","2.25101375579834"
"1106","2.0866858959198","2.0866858959198","2.0866858959198"
"1107","2.1081249713897705","2.1081249713897705","2.1081249713897705"
"1108","2.110750198364258","2.110750198364258","2.110750198364258"
"1109","2.1408209800720215","2.1408209800720215","2.1408209800720215"
"1110","2.0993587970733643","2.0993587970733643","2.0993587970733643"
"1111","1.969531536102295","1.969531536102295","1.969531536102295"
"1112","2.131448268890381","2.131448268890381","2.131448268890381"
"1113","2.2487165927886963","2.2487165927886963","2.2487165927886963"
"1114","2.106943130493164","2.106943130493164","2.106943130493164"
"1115","2.118662118911743","2.118662118911743","2.118662118911743"
"1116","2.2881507873535156","2.2881507873535156","2.2881507873535156"
"1117","2.146120309829712","2.146120309829712","2.146120309829712"
"1118","2.29626202583313","2.29626202583313","2.29626202583313"
"1119","2.0703606605529785","2.0703606605529785","2.0703606605529785"
"1120","2.096135139465332","2.096135139465332","2.096135139465332"
"1121","2.158712387084961","2.158712387084961","2.158712387084961"
"1122","2.083707094192505","2.083707094192505","2.083707094192505"
"1123","2.0519165992736816","2.0519165992736816","2.0519165992736816"
"1124","2.069178342819214","2.069178342819214","2.069178342819214"
"1125","2.015716552734375","2.015716552734375","2.015716552734375"
"1126","2.2810375690460205","2.2810375690460205","2.2810375690460205"
"1127","2.0164718627929688","2.0164718627929688","2.0164718627929688"
"1128","1.9845410585403442","1.9845410585403442","1.9845410585403442"
"1129","2.1096246242523193","2.1096246242523193","2.1096246242523193"
"1130","1.8901634216308594","1.8901634216308594","1.8901634216308594"
"1131","2.2693099975585938","2.2693099975585938","2.2693099975585938"
"1132","2.103273868560791","2.103273868560791","2.103273868560791"
"1133","2.1244053840637207","2.1244053840637207","2.1244053840637207"
"1134","2.2159321308135986","2.2159321308135986","2.2159321308135986"
"1135","2.177231550216675","2.177231550216675","2.177231550216675"
"1136","2.02724027633667","2.02724027633667","2.02724027633667"
"1137","2.156867504119873","2.156867504119873","2.156867504119873"
"1138","2.088958501815796","2.088958501815796","2.088958501815796"
"1139","2.2801833152770996","2.2801833152770996","2.2801833152770996"
"1140","2.225438117980957","2.225438117980957","2.225438117980957"
"1141","2.2431087493896484","2.2431087493896484","2.2431087493896484"
"1142","2.2782437801361084","2.2782437801361084","2.2782437801361084"
"1143","2.156979560852051","2.156979560852051","2.156979560852051"
"1144","2.0661659240722656","2.0661659240722656","2.0661659240722656"
"1145","2.228952646255493","2.228952646255493","2.228952646255493"
"1146","2.210063934326172","2.210063934326172","2.210063934326172"
"1147","2.1449694633483887","2.1449694633483887","2.1449694633483887"
"1148","2.2545218467712402","2.2545218467712402","2.2545218467712402"
"1149","2.240509510040283","2.240509510040283","2.240509510040283"
"1150","2.0639407634735107","2.0639407634735107","2.0639407634735107"
"1151","2.0686707496643066","2.0686707496643066","2.0686707496643066"
"1152","2.099925994873047","2.099925994873047","2.099925994873047"
"1153","2.08469295501709","2.08469295501709","2.08469295501709"
"1154","2.115138053894043","2.115138053894043","2.115138053894043"
"1155","2.066833257675171","2.066833257675171","2.066833257675171"
"1156","2.1703379154205322","2.1703379154205322","2.1703379154205322"
"1157","2.2787232398986816","2.2787232398986816","2.2787232398986816"
"1158","2.1839418411254883","2.1839418411254883","2.1839418411254883"
"1159","2.13102650642395","2.13102650642395","2.13102650642395"
"1160","2.1158251762390137","2.1158251762390137","2.1158251762390137"
"1161","2.135801315307617","2.135801315307617","2.135801315307617"
"1162","2.0468192100524902","2.0468192100524902","2.0468192100524902"
"1163","2.1758010387420654","2.1758010387420654","2.1758010387420654"
"1164","2.1612703800201416","2.1612703800201416","2.1612703800201416"
"1165","2.1579997539520264","2.1579997539520264","2.1579997539520264"
"1166","2.1221909523010254","2.1221909523010254","2.1221909523010254"
"1167","2.126368284225464","2.126368284225464","2.126368284225464"
"1168","2.2231173515319824","2.2231173515319824","2.2231173515319824"
"1169","2.257511615753174","2.257511615753174","2.257511615753174"
"1170","2.1300952434539795","2.1300952434539795","2.1300952434539795"
"1171","2.2190918922424316","2.2190918922424316","2.2190918922424316"
"1172","2.032036066055298","2.032036066055298","2.032036066055298"
"1173","1.997817039489746","1.997817039489746","1.997817039489746"
"1174","2.0636653900146484","2.0636653900146484","2.0636653900146484"
"1175","2.1978759765625","2.1978759765625","2.1978759765625"
"1176","2.214146137237549","2.214146137237549","2.214146137237549"
"1177","2.2361629009246826","2.2361629009246826","2.2361629009246826"
"1178","2.1746678352355957","2.1746678352355957","2.1746678352355957"
"1179","2.066049575805664","2.066049575805664","2.066049575805664"
"1180","2.453084707260132","2.453084707260132","2.453084707260132"
"1181","2.0709517002105713","2.0709517002105713","2.0709517002105713"
"1182","2.059570074081421","2.059570074081421","2.059570074081421"
"1183","2.13620662689209","2.13620662689209","2.13620662689209"
"1184","2.144223690032959","2.144223690032959","2.144223690032959"
"1185","2.1243896484375","2.1243896484375","2.1243896484375"
"1186","2.2581677436828613","2.2581677436828613","2.2581677436828613"
"1187","2.0902767181396484","2.0902767181396484","2.0902767181396484"
"1188","2.0464091300964355","2.0464091300964355","2.0464091300964355"
"1189","2.1117677688598633","2.1117677688598633","2.1117677688598633"
"1190","2.143446683883667","2.143446683883667","2.143446683883667"
"1191","2.1059818267822266","2.1059818267822266","2.1059818267822266"
"1192","2.1900668144226074","2.1900668144226074","2.1900668144226074"
"1193","2.0579967498779297","2.0579967498779297","2.0579967498779297"
"1194","2.2893803119659424","2.2893803119659424","2.2893803119659424"
"1195","2.0510072708129883","2.0510072708129883","2.0510072708129883"
"1196","2.1853508949279785","2.1853508949279785","2.1853508949279785"
"1197","2.1063079833984375","2.1063079833984375","2.1063079833984375"
"1198","2.0857787132263184","2.0857787132263184","2.0857787132263184"
"1199","2.140936851501465","2.140936851501465","2.140936851501465"
"1200","2.1285903453826904","2.1285903453826904","2.1285903453826904"
"1201","2.093543529510498","2.093543529510498","2.093543529510498"
"1202","2.051074981689453","2.051074981689453","2.051074981689453"
"1203","2.2050318717956543","2.2050318717956543","2.2050318717956543"
"1204","2.008998394012451","2.008998394012451","2.008998394012451"
"1205","2.2640562057495117","2.2640562057495117","2.2640562057495117"
"1206","2.1527538299560547","2.1527538299560547","2.1527538299560547"
"1207","1.999513864517212","1.999513864517212","1.999513864517212"
"1208","2.1040172576904297","2.1040172576904297","2.1040172576904297"
"1209","2.154733896255493","2.154733896255493","2.154733896255493"
"1210","2.0778284072875977","2.0778284072875977","2.0778284072875977"
"1211","2.329545021057129","2.329545021057129","2.329545021057129"
"1212","2.313614845275879","2.313614845275879","2.313614845275879"
"1213","2.23502254486084","2.23502254486084","2.23502254486084"
"1214","2.223508596420288","2.223508596420288","2.223508596420288"
"1215","2.0595788955688477","2.0595788955688477","2.0595788955688477"
"1216","2.111022472381592","2.111022472381592","2.111022472381592"
"1217","2.1388118267059326","2.1388118267059326","2.1388118267059326"
"1218","2.06826114654541","2.06826114654541","2.06826114654541"
"1219","2.0799148082733154","2.0799148082733154","2.0799148082733154"
"1220","2.2329225540161133","2.2329225540161133","2.2329225540161133"
"1221","2.1345033645629883","2.1345033645629883","2.1345033645629883"
"1222","2.070883274078369","2.070883274078369","2.070883274078369"
"1223","2.00734806060791","2.00734806060791","2.00734806060791"
"1224","2.211939811706543","2.211939811706543","2.211939811706543"
"1225","2.071943759918213","2.071943759918213","2.071943759918213"
"1226","2.2913219928741455","2.2913219928741455","2.2913219928741455"
"1227","2.248288154602051","2.248288154602051","2.248288154602051"
"1228","2.0587658882141113","2.0587658882141113","2.0587658882141113"
"1229","2.258096933364868","2.258096933364868","2.258096933364868"
"1230","2.0380568504333496","2.0380568504333496","2.0380568504333496"
"1231","2.119945526123047","2.119945526123047","2.119945526123047"
"1232","1.990455150604248","1.990455150604248","1.990455150604248"
"1233","2.035898208618164","2.035898208618164","2.035898208618164"
"1234","2.167736768722534","2.167736768722534","2.167736768722534"
"1235","2.189239025115967","2.189239025115967","2.189239025115967"
"1236","2.2922728061676025","2.2922728061676025","2.2922728061676025"
"1237","2.1656494140625","2.1656494140625","2.1656494140625"
"1238","2.0190272331237793","2.0190272331237793","2.0190272331237793"
"1239","2.046922445297241","2.046922445297241","2.046922445297241"
"1240","2.0999391078948975","2.0999391078948975","2.0999391078948975"
"1241","1.9841227531433105","1.9841227531433105","1.9841227531433105"
"1242","2.0115034580230713","2.0115034580230713","2.0115034580230713"
"1243","2.207798957824707","2.207798957824707","2.207798957824707"
"1244","2.190546989440918","2.190546989440918","2.190546989440918"
"1245","2.216151237487793","2.216151237487793","2.216151237487793"
"1246","2.0281739234924316","2.0281739234924316","2.0281739234924316"
"1247","2.1561970710754395","2.1561970710754395","2.1561970710754395"
"1248","2.1712636947631836","2.1712636947631836","2.1712636947631836"
"1249","1.9676960706710815","1.9676960706710815","1.9676960706710815"
"1250","2.023193597793579","2.023193597793579","2.023193597793579"
"1251","2.1460683345794678","2.1460683345794678","2.1460683345794678"
"1252","2.039611577987671","2.039611577987671","2.039611577987671"
"1253","2.106365442276001","2.106365442276001","2.106365442276001"
"1254","2.1937551498413086","2.1937551498413086","2.1937551498413086"
"1255","1.9913352727890015","1.9913352727890015","1.9913352727890015"
"1256","2.226066827774048","2.226066827774048","2.226066827774048"
"1257","2.1957027912139893","2.1957027912139893","2.1957027912139893"
"1258","2.1820716857910156","2.1820716857910156","2.1820716857910156"
"1259","2.176163911819458","2.176163911819458","2.176163911819458"
"1260","2.2999565601348877","2.2999565601348877","2.2999565601348877"